,Date,symbolid,Open,High,Low,Close,AdjClose,Volume
6665942,2014-01-31,RARE,45.8,47.99,41.85,42.25,42.25,4392500
6665943,2014-02-03,RARE,43.95,43.95,38.52,39.0,39.0,498200
6665944,2014-02-04,RARE,38.8,40.25,36.18,36.26,36.26,352300
6665945,2014-02-05,RARE,38.51,38.51,35.15,36.08,36.08,296500
6665946,2014-02-06,RARE,36.84,38.68,35.81,37.24,37.24,188500
6665947,2014-02-07,RARE,36.46,38.29,36.46,37.65,37.65,62500
6665948,2014-02-10,RARE,37.6,39.92,37.6,38.45,38.45,90200
6665949,2014-02-11,RARE,39.83,40.59,38.52,40.13,40.13,83500
6665950,2014-02-12,RARE,40.05,46.0,40.05,44.78,44.78,291600
6665951,2014-02-13,RARE,44.27,44.95,40.51,43.96,43.96,169900
6665952,2014-02-14,RARE,45.11,45.18,42.66,44.0,44.0,37900
6665953,2014-02-18,RARE,44.0,44.99,42.77,43.57,43.57,45000
6665954,2014-02-19,RARE,43.71,44.89,41.43,43.85,43.85,104200
6665955,2014-02-20,RARE,43.64,51.87,43.64,51.35,51.35,182000
6665956,2014-02-21,RARE,51.86,62.48,49.62,59.1,59.1,227500
6665957,2014-02-24,RARE,58.53,59.81,54.16,58.01,58.01,165500
6665958,2014-02-25,RARE,60.0,63.85,58.0,59.0,59.0,244400
6665959,2014-02-26,RARE,58.5,60.52,54.15,56.07,56.07,93000
6665960,2014-02-27,RARE,56.47,57.65,53.74,54.0,54.0,95800
6665961,2014-02-28,RARE,54.0,57.25,53.15,55.76,55.76,110000
6665962,2014-03-03,RARE,51.87,59.31,50.06,55.53,55.53,131900
6665963,2014-03-04,RARE,56.59,59.99,54.63,58.22,58.22,98300
6665964,2014-03-05,RARE,62.34,62.34,58.5,58.75,58.75,103800
6665965,2014-03-06,RARE,58.5,59.29,52.25,54.38,54.38,163600
6665966,2014-03-07,RARE,54.98,58.96,50.05,56.63,56.63,147000
6665967,2014-03-10,RARE,59.06,62.61,55.01,61.97,61.97,217900
6665968,2014-03-11,RARE,64.41,64.89,59.5,62.38,62.38,231600
6665969,2014-03-12,RARE,61.18,66.5,60.5,66.18,66.18,77800
6665970,2014-03-13,RARE,67.18,69.77,56.89,60.48,60.48,275900
6665971,2014-03-14,RARE,57.58,61.68,57.58,60.0,60.0,84100
6665972,2014-03-17,RARE,60.51,61.24,58.91,60.06,60.06,83200
6665973,2014-03-18,RARE,60.0,61.24,59.74,60.44,60.44,81000
6665974,2014-03-19,RARE,60.79,64.72,60.12,62.75,62.75,104900
6665975,2014-03-20,RARE,62.07,62.85,59.19,60.35,60.35,91200
6665976,2014-03-21,RARE,60.58,61.25,55.05,55.05,55.05,426100
6665977,2014-03-24,RARE,55.34,57.96,50.05,51.41,51.41,241500
6665978,2014-03-25,RARE,51.9,54.2,49.37,50.4,50.4,189200
6665979,2014-03-26,RARE,50.5,51.44,49.98,50.69,50.69,119000
6665980,2014-03-27,RARE,51.05,53.25,49.09,49.79,49.79,112400
6665981,2014-03-28,RARE,50.22,51.24,45.0,45.69,45.69,212000
6665982,2014-03-31,RARE,47.0,48.96,44.62,48.89,48.89,978500
6665983,2014-04-01,RARE,49.16,51.91,48.16,51.32,51.32,160700
6665984,2014-04-02,RARE,51.37,53.36,51.32,53.03,53.03,125600
6665985,2014-04-03,RARE,52.83,52.83,48.55,51.74,51.74,195700
6665986,2014-04-04,RARE,51.88,52.22,47.01,50.67,50.67,122600
6665987,2014-04-07,RARE,50.6,52.2,49.39,51.17,51.17,90300
6665988,2014-04-08,RARE,51.0,53.12,49.1,52.8,52.8,244800
6665989,2014-04-09,RARE,53.3,60.0,51.37,58.8,58.8,168000
6665990,2014-04-10,RARE,58.48,58.84,55.0,57.94,57.94,148100
6665991,2014-04-11,RARE,57.55,60.0,56.31,58.99,58.99,378300
6665992,2014-04-14,RARE,59.75,59.75,54.95,55.06,55.06,265400
6665993,2014-04-15,RARE,55.44,55.52,46.57,49.89,49.89,638100
6665994,2014-04-16,RARE,49.91,49.91,44.17,45.22,45.22,251900
6665995,2014-04-17,RARE,44.87,44.87,42.0,42.56,42.56,410100
6665996,2014-04-21,RARE,42.56,43.0,39.39,41.04,41.04,277000
6665997,2014-04-22,RARE,41.19,43.49,39.8,41.43,41.43,354100
6665998,2014-04-23,RARE,41.15,41.5,37.89,38.24,38.24,151000
6665999,2014-04-24,RARE,38.5,38.56,36.22,37.83,37.83,165000
6666000,2014-04-25,RARE,37.56,37.56,35.01,35.25,35.25,184000
6666001,2014-04-28,RARE,35.49,37.86,34.12,36.84,36.84,143200
6666002,2014-04-29,RARE,36.84,38.79,36.69,38.52,38.52,149500
6666003,2014-04-30,RARE,38.49,38.98,36.94,38.78,38.78,313500
6666004,2014-05-01,RARE,38.56,39.88,37.07,38.85,38.85,123300
6666005,2014-05-02,RARE,39.06,39.21,37.97,38.56,38.56,72600
6666006,2014-05-05,RARE,38.24,39.33,38.2,38.54,38.54,110100
6666007,2014-05-06,RARE,38.56,38.56,35.92,36.24,36.24,103800
6666008,2014-05-07,RARE,36.39,37.98,34.44,35.14,35.14,166600
6666009,2014-05-08,RARE,35.04,37.37,34.72,34.93,34.93,119100
6666010,2014-05-09,RARE,34.86,36.67,34.69,36.55,36.55,68500
6666011,2014-05-12,RARE,36.6,37.83,33.7,34.04,34.04,248600
6666012,2014-05-13,RARE,33.86,34.22,33.02,33.44,33.44,147400
6666013,2014-05-14,RARE,33.13,35.49,32.62,35.26,35.26,192700
6666014,2014-05-15,RARE,35.0,37.32,35.0,36.36,36.36,148400
6666015,2014-05-16,RARE,36.3,37.37,34.29,34.48,34.48,95300
6666016,2014-05-19,RARE,34.19,36.02,32.6,33.8,33.8,109300
6666017,2014-05-20,RARE,33.75,34.29,32.38,33.36,33.36,182100
6666018,2014-05-21,RARE,33.43,34.36,32.02,33.74,33.74,119600
6666019,2014-05-22,RARE,33.6,34.72,33.06,34.5,34.5,92600
6666020,2014-05-23,RARE,34.47,35.25,34.0,35.21,35.21,51400
6666021,2014-05-27,RARE,34.65,37.13,34.52,37.1,37.1,102300
6666022,2014-05-28,RARE,37.1,37.25,36.02,36.16,36.16,67800
6666023,2014-05-29,RARE,36.19,38.01,36.0,37.92,37.92,45700
6666024,2014-05-30,RARE,38.09,38.36,37.17,37.56,37.56,105100
6666025,2014-06-02,RARE,37.56,37.99,35.69,37.42,37.42,69000
6666026,2014-06-03,RARE,37.46,37.46,35.52,35.62,35.62,111600
6666027,2014-06-04,RARE,35.55,36.0,32.36,33.55,33.55,155900
6666028,2014-06-05,RARE,33.48,34.36,33.19,34.28,34.28,142400
6666029,2014-06-06,RARE,34.51,35.99,34.51,35.51,35.51,62500
6666030,2014-06-09,RARE,35.61,37.91,35.54,37.85,37.85,63600
6666031,2014-06-10,RARE,37.6,37.99,36.01,36.78,36.78,67000
6666032,2014-06-11,RARE,36.44,36.72,35.12,35.91,35.91,119200
6666033,2014-06-12,RARE,36.08,37.22,35.94,36.98,36.98,87700
6666034,2014-06-13,RARE,37.17,37.85,35.3,36.91,36.91,123700
6666035,2014-06-16,RARE,36.77,40.98,36.55,40.81,40.81,142200
6666036,2014-06-17,RARE,40.63,42.95,39.35,42.58,42.58,149300
6666037,2014-06-18,RARE,42.63,50.93,42.63,48.67,48.67,435500
6666038,2014-06-19,RARE,48.72,49.7,44.05,44.6,44.6,178100
6666039,2014-06-20,RARE,44.87,47.96,42.92,47.49,47.49,268900
6666040,2014-06-23,RARE,47.11,48.76,44.62,44.77,44.77,125900
6666041,2014-06-24,RARE,44.95,49.52,44.95,45.44,45.44,185200
6666042,2014-06-25,RARE,44.84,47.3,43.02,45.48,45.48,199900
6666043,2014-06-26,RARE,45.27,46.26,44.2,44.69,44.69,117900
6666044,2014-06-27,RARE,44.78,45.39,43.5,44.75,44.75,144400
6666045,2014-06-30,RARE,44.76,46.0,44.29,44.89,44.89,70800
6666046,2014-07-01,RARE,45.35,48.48,45.35,47.9,47.9,142100
6666047,2014-07-02,RARE,47.99,49.74,47.52,49.57,49.57,75500
6666048,2014-07-03,RARE,49.98,50.91,49.88,50.31,50.31,40000
6666049,2014-07-07,RARE,50.35,50.35,46.74,46.86,46.86,148800
6666050,2014-07-08,RARE,45.98,45.98,40.57,41.4,41.4,511600
6666051,2014-07-09,RARE,40.5,40.99,37.77,40.0,40.0,1887600
6666052,2014-07-10,RARE,38.99,41.17,37.99,40.37,40.37,453700
6666053,2014-07-11,RARE,40.37,43.77,39.77,42.97,42.97,270700
6666054,2014-07-14,RARE,43.1,44.48,41.63,43.85,43.85,280900
6666055,2014-07-15,RARE,43.62,43.83,41.02,41.99,41.99,332800
6666056,2014-07-16,RARE,43.25,44.59,41.61,42.93,42.93,278500
6666057,2014-07-17,RARE,42.62,44.34,39.21,39.89,39.89,365600
6666058,2014-07-18,RARE,39.74,43.44,39.34,43.0,43.0,674600
6666059,2014-07-21,RARE,43.29,43.73,42.38,43.24,43.24,248400
6666060,2014-07-22,RARE,43.37,43.73,42.58,42.97,42.97,141700
6666061,2014-07-23,RARE,43.4,44.3,42.8,43.05,43.05,213300
6666062,2014-07-24,RARE,43.41,43.87,42.73,43.27,43.27,109000
6666063,2014-07-25,RARE,42.87,43.65,42.55,43.11,43.11,164800
6666064,2014-07-28,RARE,43.02,43.09,40.13,40.67,40.67,133800
6666065,2014-07-29,RARE,40.6,41.98,40.21,41.52,41.52,110700
6666066,2014-07-30,RARE,41.78,44.05,39.8,43.76,43.76,395700
6666067,2014-07-31,RARE,43.38,44.0,42.33,43.7,43.7,195900
6666068,2014-08-01,RARE,43.6,43.97,41.11,42.74,42.74,1289900
6666069,2014-08-04,RARE,43.17,46.08,42.16,45.65,45.65,477500
6666070,2014-08-05,RARE,44.97,48.99,44.26,48.5,48.5,402200
6666071,2014-08-06,RARE,49.24,50.35,47.43,50.0,50.0,727200
6666072,2014-08-07,RARE,49.78,49.98,48.5,49.15,49.15,936400
6666073,2014-08-08,RARE,49.17,50.0,47.87,49.49,49.49,669000
6666074,2014-08-11,RARE,49.84,50.0,48.27,49.15,49.15,1373300
6666075,2014-08-12,RARE,49.21,51.79,48.74,50.44,50.44,350400
6666076,2014-08-13,RARE,50.54,54.48,50.49,53.45,53.45,343100
6666077,2014-08-14,RARE,53.45,54.47,52.09,53.9,53.9,131500
6666078,2014-08-15,RARE,54.14,54.98,52.46,54.01,54.01,143200
6666079,2014-08-18,RARE,54.66,56.24,53.57,56.01,56.01,202800
6666080,2014-08-19,RARE,55.48,57.24,54.31,55.88,55.88,608800
6666081,2014-08-20,RARE,55.46,56.52,54.92,56.03,56.03,811100
6666082,2014-08-21,RARE,56.01,56.15,52.31,53.15,53.15,954000
6666083,2014-08-22,RARE,52.16,53.24,51.82,52.32,52.32,737400
6666084,2014-08-25,RARE,53.12,55.22,52.05,53.33,53.33,972800
6666085,2014-08-26,RARE,53.26,54.29,52.32,52.73,52.73,1308900
6666086,2014-08-27,RARE,52.63,53.81,52.43,52.93,52.93,184700
6666087,2014-08-28,RARE,52.4,54.13,52.4,53.87,53.87,358800
6666088,2014-08-29,RARE,54.4,54.69,52.6,53.36,53.36,473800
6666089,2014-09-02,RARE,52.82,53.76,51.96,53.41,53.41,191700
6666090,2014-09-03,RARE,54.51,59.14,53.46,55.7,55.7,561500
6666091,2014-09-04,RARE,56.34,56.61,54.2,56.06,56.06,921300
6666092,2014-09-05,RARE,55.84,55.93,53.47,54.26,54.26,1016600
6666093,2014-09-08,RARE,54.14,55.76,53.99,54.74,54.74,189600
6666094,2014-09-09,RARE,54.19,57.0,53.82,55.07,55.07,359800
6666095,2014-09-10,RARE,54.82,58.42,54.25,58.06,58.06,300300
6666096,2014-09-11,RARE,57.88,57.96,56.34,57.67,57.67,263200
6666097,2014-09-12,RARE,57.45,58.99,56.54,57.72,57.72,473900
6666098,2014-09-15,RARE,57.56,57.81,55.54,56.63,56.63,484600
6666099,2014-09-16,RARE,56.23,56.74,55.56,56.34,56.34,675900
6666100,2014-09-17,RARE,56.43,57.35,55.43,55.96,55.96,281300
6666101,2014-09-18,RARE,56.39,56.39,55.35,55.69,55.69,196900
6666102,2014-09-19,RARE,55.86,56.07,54.17,54.72,54.72,1549800
6666103,2014-09-22,RARE,54.29,54.66,51.73,54.19,54.19,759000
6666104,2014-09-23,RARE,54.68,56.27,54.39,55.47,55.47,317000
6666105,2014-09-24,RARE,55.71,57.24,55.5,56.66,56.66,309900
6666106,2014-09-25,RARE,56.61,56.76,54.62,56.1,56.1,403400
6666107,2014-09-26,RARE,56.48,57.42,55.63,57.2,57.2,238800
6666108,2014-09-29,RARE,56.41,60.04,56.39,59.77,59.77,464100
6666109,2014-09-30,RARE,59.92,59.92,56.52,56.6,56.6,283300
6666110,2014-10-01,RARE,56.87,57.74,54.13,54.93,54.93,839900
6666111,2014-10-02,RARE,54.76,56.56,54.39,56.06,56.06,303300
6666112,2014-10-03,RARE,56.78,57.42,55.14,57.28,57.28,94800
6666113,2014-10-06,RARE,57.51,58.33,56.75,58.02,58.02,408800
6666114,2014-10-07,RARE,57.55,57.74,53.66,53.73,53.73,296900
6666115,2014-10-08,RARE,53.26,53.9,50.82,53.3,53.3,294900
6666116,2014-10-09,RARE,53.32,54.03,51.13,51.32,51.32,274700
6666117,2014-10-10,RARE,51.27,52.47,49.67,49.9,49.9,181800
6666118,2014-10-13,RARE,50.03,50.52,46.64,47.22,47.22,224700
6666119,2014-10-14,RARE,47.81,48.56,43.98,44.51,44.51,342700
6666120,2014-10-15,RARE,43.63,48.51,42.19,48.28,48.28,435400
6666121,2014-10-16,RARE,48.35,50.16,47.48,48.52,48.52,186400
6666122,2014-10-17,RARE,49.5,50.42,46.63,46.86,46.86,303200
6666123,2014-10-20,RARE,46.21,46.89,44.5,45.92,45.92,214500
6666124,2014-10-21,RARE,46.23,48.0,46.22,47.2,47.2,219800
6666125,2014-10-22,RARE,47.07,47.82,45.0,45.44,45.44,221400
6666126,2014-10-23,RARE,46.34,50.19,45.09,49.73,49.73,150900
6666127,2014-10-24,RARE,49.55,51.35,49.05,50.22,50.22,99900
6666128,2014-10-27,RARE,49.91,50.88,48.78,49.29,49.29,84100
6666129,2014-10-28,RARE,49.6,50.68,48.7,50.0,50.0,173200
6666130,2014-10-29,RARE,49.94,50.67,49.44,49.9,49.9,139600
6666131,2014-10-30,RARE,49.59,50.46,48.18,49.33,49.33,153500
6666132,2014-10-31,RARE,50.42,51.64,46.23,47.01,47.01,264500
6666133,2014-11-03,RARE,46.95,47.42,44.67,44.8,44.8,213200
6666134,2014-11-04,RARE,44.53,44.98,44.0,44.58,44.58,149800
6666135,2014-11-05,RARE,45.1,45.17,43.45,44.59,44.59,192500
6666136,2014-11-06,RARE,44.52,45.18,43.19,44.86,44.86,245000
6666137,2014-11-07,RARE,44.77,45.7,44.14,44.71,44.71,244100
6666138,2014-11-10,RARE,45.11,46.45,40.58,41.16,41.16,388800
6666139,2014-11-11,RARE,40.93,42.93,40.62,42.84,42.84,243800
6666140,2014-11-12,RARE,41.85,44.61,41.37,44.26,44.26,160300
6666141,2014-11-13,RARE,44.3,44.3,43.29,43.63,43.63,235600
6666142,2014-11-14,RARE,43.78,43.96,41.2,41.91,41.91,243500
6666143,2014-11-17,RARE,41.57,42.33,41.04,41.67,41.67,161000
6666144,2014-11-18,RARE,42.17,44.74,41.8,44.56,44.56,179000
6666145,2014-11-19,RARE,44.5,44.91,44.0,44.5,44.5,159900
6666146,2014-11-20,RARE,44.07,44.93,43.32,44.67,44.67,113400
6666147,2014-11-21,RARE,45.51,45.51,43.85,44.09,44.09,124300
6666148,2014-11-24,RARE,44.72,45.56,43.9,44.91,44.91,229900
6666149,2014-11-25,RARE,44.89,45.72,42.77,43.33,43.33,279900
6666150,2014-11-26,RARE,43.26,45.36,43.26,45.04,45.04,171500
6666151,2014-11-28,RARE,44.95,45.49,43.37,43.59,43.59,95500
6666152,2014-12-01,RARE,43.26,43.58,41.07,41.38,41.38,204100
6666153,2014-12-02,RARE,42.38,43.36,41.58,42.55,42.55,127100
6666154,2014-12-03,RARE,42.77,43.61,41.53,43.07,43.07,125600
6666155,2014-12-04,RARE,42.6,43.54,40.14,40.35,40.35,288700
6666156,2014-12-05,RARE,40.32,42.93,39.5,40.35,40.35,456300
6666157,2014-12-08,RARE,40.18,42.44,40.0,40.52,40.52,290600
6666158,2014-12-09,RARE,39.97,42.19,39.97,40.9,40.9,323200
6666159,2014-12-10,RARE,40.22,42.15,39.5,39.55,39.55,293400
6666160,2014-12-11,RARE,39.6,40.0,38.01,39.09,39.09,254500
6666161,2014-12-12,RARE,38.52,41.58,38.51,41.48,41.48,241500
6666162,2014-12-15,RARE,42.15,42.25,39.13,39.76,39.76,277900
6666163,2014-12-16,RARE,39.47,41.55,39.46,40.65,40.65,258000
6666164,2014-12-17,RARE,40.69,44.66,40.69,44.27,44.27,247700
6666165,2014-12-18,RARE,44.91,47.36,44.36,46.65,46.65,410700
6666166,2014-12-19,RARE,47.6,48.79,45.26,48.38,48.38,1488000
6666167,2014-12-22,RARE,48.67,49.74,47.56,49.27,49.27,243600
6666168,2014-12-23,RARE,49.17,49.17,45.17,45.73,45.73,224500
6666169,2014-12-24,RARE,45.8,46.26,43.67,45.17,45.17,182200
6666170,2014-12-26,RARE,45.46,45.46,43.36,44.06,44.06,250200
6666171,2014-12-29,RARE,44.04,44.4,43.29,43.6,43.6,281300
6666172,2014-12-30,RARE,43.81,44.46,43.35,44.04,44.04,156100
6666173,2014-12-31,RARE,44.11,44.4,43.13,43.88,43.88,170400
6666174,2015-01-02,RARE,44.42,46.9,44.27,46.4,46.4,148300
6666175,2015-01-05,RARE,46.21,47.72,45.37,47.5,47.5,169700
6666176,2015-01-06,RARE,47.85,49.79,46.41,47.1,47.1,247200
6666177,2015-01-07,RARE,47.52,49.73,47.07,48.65,48.65,161400
6666178,2015-01-08,RARE,50.55,53.86,50.02,51.9,51.9,355800
6666179,2015-01-09,RARE,52.5,54.89,50.62,54.06,54.06,562100
6666180,2015-01-12,RARE,54.9,56.19,52.35,55.81,55.81,580700
6666181,2015-01-13,RARE,56.68,56.68,51.77,53.32,53.32,498000
6666182,2015-01-14,RARE,51.51,54.88,51.5,53.99,53.99,173100
6666183,2015-01-15,RARE,53.08,53.94,50.34,50.77,50.77,168100
6666184,2015-01-16,RARE,50.95,54.33,50.95,53.26,53.26,238700
6666185,2015-01-20,RARE,54.02,54.02,50.71,52.92,52.92,143000
6666186,2015-01-21,RARE,51.66,51.66,49.41,50.29,50.29,617000
6666187,2015-01-22,RARE,50.44,52.58,48.96,51.87,51.87,607700
6666188,2015-01-23,RARE,51.56,52.93,51.15,52.21,52.21,238900
6666189,2015-01-26,RARE,51.1,58.98,50.83,58.21,58.21,382900
6666190,2015-01-27,RARE,57.42,58.8,56.5,57.51,57.51,155400
6666191,2015-01-28,RARE,57.73,57.85,54.76,56.11,56.11,157200
6666192,2015-01-29,RARE,56.03,58.96,55.16,58.0,58.0,152200
6666193,2015-01-30,RARE,57.55,59.0,57.25,58.1,58.1,243800
6666194,2015-02-02,RARE,58.18,58.77,55.64,56.74,56.74,202100
6666195,2015-02-03,RARE,57.33,57.97,55.55,57.58,57.58,179200
6666196,2015-02-04,RARE,55.83,56.19,49.08,55.23,55.23,608900
6666197,2015-02-05,RARE,54.44,55.05,52.8,54.99,54.99,1569900
6666198,2015-02-06,RARE,55.17,55.5,53.21,53.4,53.4,691400
6666199,2015-02-09,RARE,53.4,54.09,52.25,52.51,52.51,337800
6666200,2015-02-10,RARE,53.2,54.45,52.23,53.65,53.65,265300
6666201,2015-02-11,RARE,54.37,54.99,52.73,53.01,53.01,333700
6666202,2015-02-12,RARE,53.43,54.39,52.13,53.98,53.98,202700
6666203,2015-02-13,RARE,54.25,54.74,53.55,54.1,54.1,208600
6666204,2015-02-17,RARE,54.2,55.0,53.42,54.48,54.48,134700
6666205,2015-02-18,RARE,54.1,55.7,53.61,55.45,55.45,343000
6666206,2015-02-19,RARE,55.46,55.54,54.67,55.38,55.38,226800
6666207,2015-02-20,RARE,55.42,56.09,54.97,55.57,55.57,198900
6666208,2015-02-23,RARE,55.58,56.54,55.0,55.69,55.69,172300
6666209,2015-02-24,RARE,55.71,56.38,52.64,53.59,53.59,198200
6666210,2015-02-25,RARE,53.59,55.98,52.69,55.75,55.75,269700
6666211,2015-02-26,RARE,55.84,56.58,53.83,56.42,56.42,153000
6666212,2015-02-27,RARE,56.11,56.46,53.58,54.27,54.27,273500
6666213,2015-03-02,RARE,54.46,58.27,54.46,57.39,57.39,295700
6666214,2015-03-03,RARE,57.04,57.04,54.9,55.73,55.73,167300
6666215,2015-03-04,RARE,55.13,57.49,54.08,56.77,56.77,120100
6666216,2015-03-05,RARE,57.76,60.0,56.48,59.22,59.22,303900
6666217,2015-03-06,RARE,59.28,61.69,58.51,59.25,59.25,594400
6666218,2015-03-09,RARE,59.73,60.0,55.39,57.19,57.19,252400
6666219,2015-03-10,RARE,56.41,58.17,55.45,56.62,56.62,184800
6666220,2015-03-11,RARE,56.3,58.0,55.91,56.58,56.58,199700
6666221,2015-03-12,RARE,56.89,57.45,55.54,56.83,56.83,285700
6666222,2015-03-13,RARE,56.79,58.18,55.03,57.23,57.23,253400
6666223,2015-03-16,RARE,58.3,59.31,57.8,58.94,58.94,398600
6666224,2015-03-17,RARE,58.74,62.68,58.71,62.21,62.21,499600
6666225,2015-03-18,RARE,61.45,62.71,59.05,60.92,60.92,433000
6666226,2015-03-19,RARE,60.43,64.99,60.24,62.89,62.89,465100
6666227,2015-03-20,RARE,63.45,64.19,60.49,62.06,62.06,585400
6666228,2015-03-23,RARE,61.53,61.53,56.88,59.96,59.96,296000
6666229,2015-03-24,RARE,60.46,61.25,58.06,58.37,58.37,233200
6666230,2015-03-25,RARE,64.45,64.45,55.86,56.63,56.63,639900
6666231,2015-03-26,RARE,56.21,56.48,52.03,54.17,54.17,498200
6666232,2015-03-27,RARE,54.03,57.36,53.73,56.56,56.56,309800
6666233,2015-03-30,RARE,56.68,61.05,56.16,60.95,60.95,338300
6666234,2015-03-31,RARE,61.87,65.35,60.33,62.09,62.09,929000
6666235,2015-04-01,RARE,63.0,63.66,59.23,61.39,61.39,430400
6666236,2015-04-02,RARE,61.63,62.38,60.25,62.2,62.2,303100
6666237,2015-04-06,RARE,61.61,62.35,57.82,58.8,58.8,272600
6666238,2015-04-07,RARE,58.74,60.73,58.37,58.48,58.48,310300
6666239,2015-04-08,RARE,58.02,60.99,58.02,59.95,59.95,189300
6666240,2015-04-09,RARE,60.14,60.76,57.74,60.07,60.07,148800
6666241,2015-04-10,RARE,60.33,62.29,59.61,62.14,62.14,165100
6666242,2015-04-13,RARE,62.0,63.75,62.0,62.9,62.9,289400
6666243,2015-04-14,RARE,63.17,64.68,62.34,63.05,63.05,180600
6666244,2015-04-15,RARE,63.44,64.49,62.09,64.27,64.27,195100
6666245,2015-04-16,RARE,64.64,65.42,64.14,65.0,65.0,315700
6666246,2015-04-17,RARE,64.7,65.07,62.0,62.95,62.95,276800
6666247,2015-04-20,RARE,63.35,63.35,60.5,62.59,62.59,94700
6666248,2015-04-21,RARE,63.28,64.36,61.03,64.22,64.22,254700
6666249,2015-04-22,RARE,64.0,69.67,63.88,66.96,66.96,418500
6666250,2015-04-23,RARE,67.37,69.86,67.02,68.9,68.9,290500
6666251,2015-04-24,RARE,68.9,70.47,68.3,69.65,69.65,191100
6666252,2015-04-27,RARE,69.86,70.69,63.56,63.89,63.89,465200
6666253,2015-04-28,RARE,63.99,65.43,58.0,59.5,59.5,499100
6666254,2015-04-29,RARE,58.99,61.08,58.44,59.52,59.52,310300
6666255,2015-04-30,RARE,59.11,60.13,56.11,56.43,56.43,313600
6666256,2015-05-01,RARE,57.26,60.91,56.95,59.82,59.82,380000
6666257,2015-05-04,RARE,60.22,63.39,60.12,61.67,61.67,559500
6666258,2015-05-05,RARE,61.06,63.54,60.01,62.63,62.63,454900
6666259,2015-05-06,RARE,66.65,70.25,63.44,64.5,64.5,1136700
6666260,2015-05-07,RARE,62.35,64.83,61.63,61.9,61.9,740900
6666261,2015-05-08,RARE,63.2,64.68,61.7,63.0,63.0,382100
6666262,2015-05-11,RARE,63.57,67.69,62.89,67.22,67.22,279500
6666263,2015-05-12,RARE,67.3,75.47,63.49,72.27,72.27,883000
6666264,2015-05-13,RARE,72.04,74.0,70.88,73.76,73.76,544600
6666265,2015-05-14,RARE,73.7,76.16,70.5,75.5,75.5,426700
6666266,2015-05-15,RARE,75.5,79.99,74.37,79.34,79.34,481000
6666267,2015-05-18,RARE,79.67,82.77,78.42,81.41,81.41,419800
6666268,2015-05-19,RARE,81.79,85.93,81.14,83.34,83.34,588400
6666269,2015-05-20,RARE,82.9,84.9,80.25,84.52,84.52,319000
6666270,2015-05-21,RARE,84.56,85.73,83.81,84.89,84.89,176200
6666271,2015-05-22,RARE,84.99,85.79,82.55,83.13,83.13,364300
6666272,2015-05-26,RARE,82.83,83.25,81.23,82.64,82.64,410100
6666273,2015-05-27,RARE,83.23,88.23,83.2,86.74,86.74,581900
6666274,2015-05-28,RARE,86.1,88.27,84.28,88.06,88.06,300600
6666275,2015-05-29,RARE,88.09,89.69,86.65,87.0,87.0,346800
6666276,2015-06-01,RARE,87.43,87.89,84.53,86.65,86.65,300300
6666277,2015-06-02,RARE,89.0,93.48,88.2,92.56,92.56,628200
6666278,2015-06-03,RARE,91.65,95.64,90.76,91.62,91.62,448100
6666279,2015-06-04,RARE,91.03,93.0,86.13,87.03,87.03,480500
6666280,2015-06-05,RARE,87.42,91.0,87.42,89.24,89.24,398800
6666281,2015-06-08,RARE,90.23,91.0,87.02,88.77,88.77,233800
6666282,2015-06-09,RARE,88.23,90.19,86.53,89.05,89.05,210500
6666283,2015-06-10,RARE,88.19,90.97,86.79,89.62,89.62,282400
6666284,2015-06-11,RARE,90.28,90.95,85.61,87.72,87.72,332800
6666285,2015-06-12,RARE,87.45,88.5,85.75,88.27,88.27,210900
6666286,2015-06-15,RARE,87.31,89.67,85.94,88.66,88.66,306900
6666287,2015-06-16,RARE,88.27,92.43,87.94,92.11,92.11,351400
6666288,2015-06-17,RARE,92.62,97.0,92.12,95.0,95.0,352200
6666289,2015-06-18,RARE,95.67,100.72,95.67,97.85,97.85,494700
6666290,2015-06-19,RARE,97.88,100.94,96.23,100.59,100.59,609900
6666291,2015-06-22,RARE,100.99,104.3,99.28,102.97,102.97,417700
6666292,2015-06-23,RARE,102.82,104.25,99.21,103.71,103.71,468200
6666293,2015-06-24,RARE,103.73,104.05,99.79,100.3,100.3,381800
6666294,2015-06-25,RARE,100.41,101.4,96.02,99.83,99.83,434100
6666295,2015-06-26,RARE,100.0,103.46,100.0,103.16,103.16,4144500
6666296,2015-06-29,RARE,102.26,105.97,98.22,98.44,98.44,447200
6666297,2015-06-30,RARE,99.84,102.53,98.19,102.39,102.39,306300
6666298,2015-07-01,RARE,103.61,105.39,102.06,103.86,103.86,274500
6666299,2015-07-02,RARE,104.02,104.77,100.16,102.71,102.71,231500
6666300,2015-07-06,RARE,102.48,104.45,100.05,102.7,102.7,274800
6666301,2015-07-07,RARE,103.22,105.56,100.42,104.38,104.38,326200
6666302,2015-07-08,RARE,102.95,104.4,98.68,99.02,99.02,339600
6666303,2015-07-09,RARE,103.44,113.42,103.44,112.65,112.65,754300
6666304,2015-07-10,RARE,114.45,118.13,111.64,116.94,116.94,690000
6666305,2015-07-13,RARE,118.09,119.85,117.02,118.97,118.97,516300
6666306,2015-07-14,RARE,119.31,127.55,119.01,126.77,126.77,498500
6666307,2015-07-15,RARE,123.5,133.96,122.59,126.2,126.2,686900
6666308,2015-07-16,RARE,124.49,126.5,121.91,124.87,124.87,2269900
6666309,2015-07-17,RARE,125.06,133.28,123.62,132.8,132.8,756500
6666310,2015-07-20,RARE,134.78,137.05,130.97,134.09,134.09,662700
6666311,2015-07-21,RARE,133.0,136.74,125.61,128.2,128.2,500000
6666312,2015-07-22,RARE,127.0,133.32,127.0,131.91,131.91,417200
6666313,2015-07-23,RARE,131.85,134.67,131.01,133.38,133.38,473000
6666314,2015-07-24,RARE,132.06,135.43,130.04,131.36,131.36,658500
6666315,2015-07-27,RARE,125.76,126.54,116.6,117.06,117.06,756000
6666316,2015-07-28,RARE,118.64,122.31,115.07,120.6,120.6,426700
6666317,2015-07-29,RARE,120.04,121.64,110.28,116.44,116.44,490300
6666318,2015-07-30,RARE,116.37,116.54,110.91,115.82,115.82,484600
6666319,2015-07-31,RARE,115.09,121.38,115.09,120.93,120.93,709200
6666320,2015-08-03,RARE,120.44,122.79,116.2,117.76,117.76,277500
6666321,2015-08-04,RARE,118.29,119.17,115.27,116.45,116.45,343900
6666322,2015-08-05,RARE,118.18,122.7,116.57,120.27,120.27,289900
6666323,2015-08-06,RARE,120.89,121.82,110.68,112.47,112.47,486900
6666324,2015-08-07,RARE,112.1,112.47,105.69,109.64,109.64,350100
6666325,2015-08-10,RARE,111.04,116.84,110.76,113.89,113.89,341000
6666326,2015-08-11,RARE,112.62,115.48,110.33,111.9,111.9,260200
6666327,2015-08-12,RARE,109.7,116.8,106.02,114.92,114.92,418000
6666328,2015-08-13,RARE,115.92,119.44,111.89,112.3,112.3,304700
6666329,2015-08-14,RARE,110.18,113.74,106.24,110.51,110.51,474700
6666330,2015-08-17,RARE,109.85,114.98,109.33,114.67,114.67,275800
6666331,2015-08-18,RARE,114.27,117.01,111.14,111.61,111.61,476900
6666332,2015-08-19,RARE,110.66,119.5,109.94,116.99,116.99,740500
6666333,2015-08-20,RARE,115.77,116.4,106.83,108.11,108.11,827700
6666334,2015-08-21,RARE,103.4,108.58,101.93,102.87,102.87,925200
6666335,2015-08-24,RARE,97.98,98.52,91.81,93.51,93.51,771800
6666336,2015-08-25,RARE,97.53,102.71,94.01,99.29,99.29,657300
6666337,2015-08-26,RARE,101.89,107.84,97.15,107.4,107.4,697200
6666338,2015-08-27,RARE,109.78,113.79,104.31,108.1,108.1,600100
6666339,2015-08-28,RARE,107.03,114.83,106.24,113.43,113.43,451400
6666340,2015-08-31,RARE,112.5,115.06,110.56,111.62,111.62,361100
6666341,2015-09-01,RARE,110.0,113.92,108.14,111.08,111.08,709500
6666342,2015-09-02,RARE,112.92,121.76,109.85,121.69,121.69,494800
6666343,2015-09-03,RARE,115.51,119.43,114.0,116.25,116.25,523000
6666344,2015-09-04,RARE,114.86,119.0,113.76,116.29,116.29,340400
6666345,2015-09-08,RARE,118.8,125.17,116.83,124.83,124.83,367800
6666346,2015-09-09,RARE,126.0,127.58,120.0,121.03,121.03,273600
6666347,2015-09-10,RARE,120.74,122.99,119.07,120.58,120.58,401200
6666348,2015-09-11,RARE,119.57,121.99,119.27,121.71,121.71,302500
6666349,2015-09-14,RARE,122.32,124.16,119.25,122.83,122.83,261200
6666350,2015-09-15,RARE,122.88,125.89,121.64,123.75,123.75,287000
6666351,2015-09-16,RARE,124.22,127.58,121.15,124.71,124.71,396800
6666352,2015-09-17,RARE,124.45,133.4,123.62,131.47,131.47,346900
6666353,2015-09-18,RARE,129.11,131.31,128.47,129.91,129.91,828800
6666354,2015-09-21,RARE,130.05,130.83,110.0,111.8,111.8,807500
6666355,2015-09-22,RARE,109.79,111.07,103.01,107.63,107.63,735400
6666356,2015-09-23,RARE,107.65,111.0,105.01,106.41,106.41,370000
6666357,2015-09-24,RARE,105.43,106.29,97.61,101.68,101.68,490600
6666358,2015-09-25,RARE,103.61,103.61,92.13,94.11,94.11,607500
6666359,2015-09-28,RARE,93.02,97.01,84.72,87.89,87.89,827700
6666360,2015-09-29,RARE,88.27,94.87,83.4,86.61,86.61,551100
6666361,2015-09-30,RARE,88.39,96.79,86.44,96.31,96.31,645400
6666362,2015-10-01,RARE,95.32,99.44,90.24,98.98,98.98,537700
6666363,2015-10-02,RARE,96.66,108.0,94.22,104.69,104.69,656000
6666364,2015-10-05,RARE,106.51,107.64,98.14,100.0,100.0,407900
6666365,2015-10-06,RARE,99.47,101.72,89.0,94.12,94.12,559400
6666366,2015-10-07,RARE,94.99,95.9,90.32,95.27,95.27,376000
6666367,2015-10-08,RARE,94.56,99.93,81.81,87.87,87.87,704100
6666368,2015-10-09,RARE,88.05,93.27,85.78,90.7,90.7,472800
6666369,2015-10-12,RARE,91.56,93.0,88.82,89.89,89.89,333500
6666370,2015-10-13,RARE,89.84,89.85,82.11,82.49,82.49,703200
6666371,2015-10-14,RARE,83.3,86.59,79.34,81.13,81.13,532400
6666372,2015-10-15,RARE,81.09,86.16,80.59,84.85,84.85,844500
6666373,2015-10-16,RARE,85.27,89.38,84.49,86.81,86.81,455600
6666374,2015-10-19,RARE,87.01,91.49,83.82,88.94,88.94,539700
6666375,2015-10-20,RARE,88.54,89.09,85.19,85.74,85.74,474300
6666376,2015-10-21,RARE,86.58,88.57,81.54,87.02,87.02,323400
6666377,2015-10-22,RARE,87.31,93.68,84.76,90.72,90.72,592600
6666378,2015-10-23,RARE,92.62,101.54,92.29,96.95,96.95,576200
6666379,2015-10-26,RARE,96.28,100.73,93.33,97.28,97.28,356300
6666380,2015-10-27,RARE,97.03,102.39,96.25,101.25,101.25,416300
6666381,2015-10-28,RARE,101.32,106.53,98.53,106.2,106.2,439000
6666382,2015-10-29,RARE,106.67,108.92,96.55,100.12,100.12,361600
6666383,2015-10-30,RARE,100.36,101.64,98.03,99.35,99.35,317400
6666384,2015-11-02,RARE,100.02,110.35,99.28,109.63,109.63,464600
6666385,2015-11-03,RARE,108.81,111.73,106.08,109.66,109.66,418400
6666386,2015-11-04,RARE,110.19,112.7,108.34,108.57,108.57,332000
6666387,2015-11-05,RARE,108.82,109.56,100.68,103.04,103.04,552300
6666388,2015-11-06,RARE,102.5,105.88,99.12,103.74,103.74,415800
6666389,2015-11-09,RARE,103.33,105.91,101.87,102.33,102.33,419700
6666390,2015-11-10,RARE,100.91,100.91,92.03,97.43,97.43,601300
6666391,2015-11-11,RARE,97.51,102.54,96.02,96.34,96.34,224500
6666392,2015-11-12,RARE,95.58,99.54,93.02,94.71,94.71,328300
6666393,2015-11-13,RARE,94.36,98.42,93.47,95.7,95.7,276100
6666394,2015-11-16,RARE,95.5,97.89,94.01,96.39,96.39,217200
6666395,2015-11-17,RARE,97.08,103.76,95.52,99.94,99.94,359200
6666396,2015-11-18,RARE,99.9,104.96,98.55,103.76,103.76,259800
6666397,2015-11-19,RARE,103.26,105.19,96.26,97.71,97.71,245700
6666398,2015-11-20,RARE,98.4,98.99,93.57,93.92,93.92,471900
6666399,2015-11-23,RARE,93.62,101.46,93.25,98.75,98.75,322300
6666400,2015-11-24,RARE,97.75,98.18,91.88,94.46,94.46,418200
6666401,2015-11-25,RARE,93.85,96.47,93.78,94.93,94.93,312500
6666402,2015-11-27,RARE,95.84,101.65,95.5,100.82,100.82,134800
6666403,2015-11-30,RARE,100.91,100.91,95.77,98.32,98.32,231200
6666404,2015-12-01,RARE,101.02,103.88,98.4,102.35,102.35,331400
6666405,2015-12-02,RARE,102.0,102.0,96.83,98.45,98.45,471400
6666406,2015-12-03,RARE,98.9,101.5,95.37,95.89,95.89,573200
6666407,2015-12-04,RARE,94.89,100.84,92.73,100.28,100.28,687700
6666408,2015-12-07,RARE,100.22,101.7,96.06,97.87,97.87,573800
6666409,2015-12-08,RARE,96.22,104.65,94.38,104.34,104.34,486600
6666410,2015-12-09,RARE,103.68,104.22,101.11,102.69,102.69,518200
6666411,2015-12-10,RARE,102.25,103.0,96.32,100.79,100.79,529600
6666412,2015-12-11,RARE,98.06,101.43,96.52,98.18,98.18,335700
6666413,2015-12-14,RARE,98.6,102.66,97.58,101.91,101.91,245400
6666414,2015-12-15,RARE,102.91,106.29,102.07,105.4,105.4,282300
6666415,2015-12-16,RARE,106.61,111.68,106.61,111.43,111.43,364500
6666416,2015-12-17,RARE,112.0,113.15,107.99,110.37,110.37,281700
6666417,2015-12-18,RARE,109.72,112.1,108.45,109.87,109.87,1025900
6666418,2015-12-21,RARE,110.97,116.37,110.0,113.16,113.16,398400
6666419,2015-12-22,RARE,115.79,115.88,110.02,113.1,113.1,256800
6666420,2015-12-23,RARE,114.01,116.56,112.37,114.31,114.31,220200
6666421,2015-12-24,RARE,114.33,114.89,112.24,113.84,113.84,138500
6666422,2015-12-28,RARE,112.66,114.61,109.8,113.26,113.26,199200
6666423,2015-12-29,RARE,114.45,116.48,113.48,116.2,116.2,288500
6666424,2015-12-30,RARE,116.35,117.12,112.72,113.03,113.03,276700
6666425,2015-12-31,RARE,112.64,116.1,111.73,112.18,112.18,317200
6666426,2016-01-04,RARE,108.8,110.06,101.54,101.86,101.86,544300
6666427,2016-01-05,RARE,102.0,102.75,97.03,98.93,98.93,350400
6666428,2016-01-06,RARE,95.69,96.27,91.78,94.03,94.03,420600
6666429,2016-01-07,RARE,90.97,94.14,89.16,93.03,93.03,665100
6666430,2016-01-08,RARE,93.14,94.4,86.2,86.44,86.44,499900
6666431,2016-01-11,RARE,87.16,87.64,76.88,80.15,80.15,718400
6666432,2016-01-12,RARE,82.85,92.16,79.47,86.51,86.51,955800
6666433,2016-01-13,RARE,87.32,88.85,75.55,76.82,76.82,901800
6666434,2016-01-14,RARE,78.17,82.39,70.49,82.3,82.3,666300
6666435,2016-01-15,RARE,78.13,80.83,76.29,79.63,79.63,697300
6666436,2016-01-19,RARE,81.16,82.62,69.26,71.52,71.52,666800
6666437,2016-01-20,RARE,70.05,78.57,65.75,77.96,77.96,770900
6666438,2016-01-21,RARE,78.96,82.94,73.53,74.71,74.71,566700
6666439,2016-01-22,RARE,76.86,77.9,73.37,75.39,75.39,477300
6666440,2016-01-25,RARE,75.18,80.38,74.69,76.89,76.89,604200
6666441,2016-01-26,RARE,77.36,78.41,70.0,73.67,73.67,592600
6666442,2016-01-27,RARE,73.65,75.21,64.17,64.83,64.83,1201300
6666443,2016-01-28,RARE,65.88,66.71,58.47,61.07,61.07,994400
6666444,2016-01-29,RARE,60.82,63.78,54.0,56.15,56.15,1552400
6666445,2016-02-01,RARE,56.57,62.33,54.85,62.01,62.01,957400
6666446,2016-02-02,RARE,60.81,63.25,59.42,60.78,60.78,1124300
6666447,2016-02-03,RARE,60.96,61.11,51.52,58.46,58.46,1167500
6666448,2016-02-04,RARE,57.89,59.34,52.02,54.26,54.26,1255400
6666449,2016-02-05,RARE,54.15,56.15,53.11,53.85,53.85,674900
6666450,2016-02-08,RARE,52.28,53.85,49.23,50.72,50.72,884600
6666451,2016-02-09,RARE,49.7,54.63,49.0,51.64,51.64,1211200
6666452,2016-02-10,RARE,52.19,56.97,50.36,53.24,53.24,1073600
6666453,2016-02-11,RARE,51.48,54.44,50.01,53.44,53.44,515400
6666454,2016-02-12,RARE,54.33,55.18,51.05,54.77,54.77,735800
6666455,2016-02-16,RARE,55.8,58.9,55.09,57.89,57.89,676400
6666456,2016-02-17,RARE,59.08,63.46,57.5,61.5,61.5,726500
6666457,2016-02-18,RARE,61.86,63.67,59.06,60.52,60.52,778900
6666458,2016-02-19,RARE,60.47,64.84,59.09,63.27,63.27,486400
6666459,2016-02-22,RARE,64.11,65.95,62.39,63.72,63.72,673500
6666460,2016-02-23,RARE,62.74,64.19,60.65,60.83,60.83,745900
6666461,2016-02-24,RARE,60.02,62.99,58.24,62.74,62.74,496200
6666462,2016-02-25,RARE,62.7,64.97,60.03,60.85,60.85,638300
6666463,2016-02-26,RARE,60.52,63.87,59.11,62.3,62.3,589700
6666464,2016-02-29,RARE,62.56,64.77,60.04,60.99,60.99,866600
6666465,2016-03-01,RARE,61.63,64.85,59.46,64.7,64.7,814700
6666466,2016-03-02,RARE,64.0,70.0,63.53,67.78,67.78,981000
6666467,2016-03-03,RARE,67.7,68.65,62.6,63.38,63.38,617700
6666468,2016-03-04,RARE,64.17,65.19,62.0,62.74,62.74,660200
6666469,2016-03-07,RARE,62.24,66.38,60.53,65.82,65.82,643300
6666470,2016-03-08,RARE,66.5,67.0,61.52,61.9,61.9,812400
6666471,2016-03-09,RARE,62.35,62.93,57.99,58.61,58.61,931300
6666472,2016-03-10,RARE,59.09,61.03,53.25,54.95,54.95,964500
6666473,2016-03-11,RARE,56.01,60.6,55.0,60.0,60.0,842200
6666474,2016-03-14,RARE,59.93,61.9,58.03,58.7,58.7,647900
6666475,2016-03-15,RARE,57.77,58.17,53.59,54.73,54.73,529400
6666476,2016-03-16,RARE,54.22,55.68,52.1,53.43,53.43,562000
6666477,2016-03-17,RARE,53.44,54.78,50.22,54.28,54.28,679700
6666478,2016-03-18,RARE,54.63,57.62,51.01,56.32,56.32,1242500
6666479,2016-03-21,RARE,55.79,58.61,55.43,57.69,57.69,928200
6666480,2016-03-22,RARE,57.27,63.88,57.27,62.42,62.42,942000
6666481,2016-03-23,RARE,62.09,63.72,58.49,58.8,58.8,1023100
6666482,2016-03-24,RARE,58.4,61.97,56.2,59.02,59.02,557500
6666483,2016-03-28,RARE,59.6,60.72,56.64,56.81,56.81,480100
6666484,2016-03-29,RARE,56.82,59.36,54.3,59.13,59.13,556100
6666485,2016-03-30,RARE,59.89,62.2,57.17,57.3,57.3,796200
6666486,2016-03-31,RARE,57.8,64.36,57.06,63.31,63.31,617700
6666487,2016-04-01,RARE,63.15,66.96,62.28,66.46,66.46,519400
6666488,2016-04-04,RARE,66.93,70.48,66.14,67.62,67.62,759600
6666489,2016-04-05,RARE,66.96,70.78,66.4,67.62,67.62,549600
6666490,2016-04-06,RARE,67.8,74.96,67.46,73.51,73.51,650300
6666491,2016-04-07,RARE,72.62,78.13,69.75,70.14,70.14,616900
6666492,2016-04-08,RARE,71.58,72.0,66.75,70.65,70.65,597200
6666493,2016-04-11,RARE,71.07,71.07,66.8,66.98,66.98,456700
6666494,2016-04-12,RARE,66.8,69.59,65.08,69.25,69.25,462400
6666495,2016-04-13,RARE,69.48,71.72,67.95,71.34,71.34,344600
6666496,2016-04-14,RARE,71.65,71.91,68.4,70.94,70.94,367800
6666497,2016-04-15,RARE,70.74,71.5,68.8,70.85,70.85,281800
6666498,2016-04-18,RARE,70.36,73.83,69.44,73.7,73.7,439700
6666499,2016-04-19,RARE,73.45,73.73,69.59,69.86,69.86,598200
6666500,2016-04-20,RARE,70.39,71.42,68.71,70.51,70.51,385900
6666501,2016-04-21,RARE,71.52,75.48,70.07,75.41,75.41,528500
6666502,2016-04-22,RARE,75.73,76.41,72.44,76.02,76.02,454600
6666503,2016-04-25,RARE,76.31,76.97,72.97,73.19,73.19,427500
6666504,2016-04-26,RARE,72.57,72.62,70.45,70.88,70.88,404900
6666505,2016-04-27,RARE,71.02,71.02,67.65,69.58,69.58,425800
6666506,2016-04-28,RARE,69.33,70.72,67.56,68.0,68.0,372600
6666507,2016-04-29,RARE,67.77,69.22,65.05,67.62,67.62,462700
6666508,2016-05-02,RARE,67.75,69.58,65.54,69.46,69.46,405800
6666509,2016-05-03,RARE,68.77,69.71,65.37,65.56,65.56,573500
6666510,2016-05-04,RARE,65.46,66.37,62.51,63.09,63.09,585200
6666511,2016-05-05,RARE,63.6,63.6,59.88,62.45,62.45,413900
6666512,2016-05-06,RARE,61.61,64.85,60.4,63.16,63.16,480800
6666513,2016-05-09,RARE,63.51,66.06,61.91,64.36,64.36,524700
6666514,2016-05-10,RARE,62.44,65.46,59.85,63.55,63.55,666100
6666515,2016-05-11,RARE,63.68,64.53,59.2,59.43,59.43,672200
6666516,2016-05-12,RARE,59.99,60.6,56.25,58.56,58.56,569900
6666517,2016-05-13,RARE,58.2,60.61,57.41,59.26,59.26,329100
6666518,2016-05-16,RARE,59.38,62.12,58.71,59.49,59.49,570200
6666519,2016-05-17,RARE,59.17,61.2,57.85,58.88,58.88,632100
6666520,2016-05-18,RARE,58.44,63.3,58.44,63.18,63.18,415300
6666521,2016-05-19,RARE,62.87,64.59,60.29,61.46,61.46,560200
6666522,2016-05-20,RARE,61.35,64.24,60.44,64.01,64.01,550500
6666523,2016-05-23,RARE,64.09,67.09,63.7,65.19,65.19,417500
6666524,2016-05-24,RARE,65.95,69.19,64.65,68.28,68.28,696500
6666525,2016-05-25,RARE,68.54,71.11,67.76,68.59,68.59,642400
6666526,2016-05-26,RARE,68.39,70.86,67.27,69.53,69.53,476200
6666527,2016-05-27,RARE,69.12,69.55,67.23,68.57,68.57,537000
6666528,2016-05-31,RARE,69.72,74.68,69.72,73.1,73.1,1335000
6666529,2016-06-01,RARE,72.4,73.7,70.26,70.57,70.57,685700
6666530,2016-06-02,RARE,70.48,74.97,70.25,73.69,73.69,932800
6666531,2016-06-03,RARE,73.05,73.05,67.55,69.53,69.53,722500
6666532,2016-06-06,RARE,69.26,73.16,66.32,72.95,72.95,641200
6666533,2016-06-07,RARE,71.67,71.86,68.62,70.17,70.17,687500
6666534,2016-06-08,RARE,70.8,71.58,69.12,71.28,71.28,643500
6666535,2016-06-09,RARE,70.33,71.93,65.69,65.85,65.85,733800
6666536,2016-06-10,RARE,65.44,65.47,61.5,61.58,61.58,980800
6666537,2016-06-13,RARE,61.29,62.2,59.16,60.01,60.01,765700
6666538,2016-06-14,RARE,59.89,61.92,59.74,61.0,61.0,803800
6666539,2016-06-15,RARE,61.59,63.86,61.02,62.64,62.64,843900
6666540,2016-06-16,RARE,62.16,62.16,59.16,59.76,59.76,666500
6666541,2016-06-17,RARE,58.74,58.83,54.72,54.99,54.99,1346600
6666542,2016-06-20,RARE,56.28,57.15,54.09,54.5,54.5,978800
6666543,2016-06-21,RARE,54.86,54.86,51.14,52.03,52.03,1098800
6666544,2016-06-22,RARE,51.94,54.99,50.27,52.4,52.4,895700
6666545,2016-06-23,RARE,52.99,53.53,50.81,51.95,51.95,816400
6666546,2016-06-24,RARE,48.83,50.24,48.52,49.17,49.17,1024700
6666547,2016-06-27,RARE,48.18,49.65,46.52,47.26,47.26,975100
6666548,2016-06-28,RARE,48.49,50.97,48.38,50.73,50.73,1158100
6666549,2016-06-29,RARE,52.16,52.18,48.88,49.75,49.75,887200
6666550,2016-06-30,RARE,49.68,50.6,48.21,48.91,48.91,692000
6666551,2016-07-01,RARE,49.19,52.2,49.04,51.71,51.71,547500
6666552,2016-07-05,RARE,51.0,51.0,49.06,49.99,49.99,673900
6666553,2016-07-06,RARE,49.54,51.95,49.25,51.76,51.76,488700
6666554,2016-07-07,RARE,52.97,53.88,52.16,52.5,52.5,843800
6666555,2016-07-08,RARE,52.55,54.15,51.75,53.35,53.35,513600
6666556,2016-07-11,RARE,53.73,55.37,52.68,52.88,52.88,691300
6666557,2016-07-12,RARE,54.43,57.08,53.32,54.4,54.4,1039900
6666558,2016-07-13,RARE,54.6,55.52,50.64,50.85,50.85,871700
6666559,2016-07-14,RARE,52.19,52.92,48.33,49.54,49.54,1054500
6666560,2016-07-15,RARE,51.14,53.78,49.97,53.17,53.17,1060000
6666561,2016-07-18,RARE,53.46,54.39,51.87,53.53,53.53,700300
6666562,2016-07-19,RARE,53.35,53.75,50.25,50.55,50.55,771600
6666563,2016-07-20,RARE,50.8,53.78,50.58,52.77,52.77,679500
6666564,2016-07-21,RARE,53.0,53.99,51.5,52.32,52.32,443600
6666565,2016-07-22,RARE,52.71,53.96,51.89,53.73,53.73,593100
6666566,2016-07-25,RARE,53.93,54.58,53.0,54.22,54.22,375200
6666567,2016-07-26,RARE,53.95,58.17,53.65,57.19,57.19,935200
6666568,2016-07-27,RARE,57.49,61.67,57.49,61.43,61.43,1199700
6666569,2016-07-28,RARE,61.27,63.17,60.33,61.01,61.01,581400
6666570,2016-07-29,RARE,61.09,63.5,60.85,63.28,63.28,628100
6666571,2016-08-01,RARE,63.44,65.12,62.69,63.53,63.53,556900
6666572,2016-08-02,RARE,63.22,64.92,61.87,63.33,63.33,420300
6666573,2016-08-03,RARE,63.14,65.11,62.65,65.04,65.04,300300
6666574,2016-08-04,RARE,65.4,67.59,63.88,64.24,64.24,319700
6666575,2016-08-05,RARE,64.59,66.62,64.05,66.4,66.4,267700
6666576,2016-08-08,RARE,66.41,67.01,64.04,65.35,65.35,396100
6666577,2016-08-09,RARE,66.01,66.24,62.47,64.97,64.97,456100
6666578,2016-08-10,RARE,64.72,64.99,62.75,63.28,63.28,420700
6666579,2016-08-11,RARE,63.72,69.36,63.5,68.35,68.35,1024100
6666580,2016-08-12,RARE,68.0,68.29,64.52,66.54,66.54,645300
6666581,2016-08-15,RARE,66.86,68.72,66.55,67.59,67.59,433900
6666582,2016-08-16,RARE,67.55,67.55,64.87,65.66,65.66,448000
6666583,2016-08-17,RARE,65.69,65.79,64.57,65.07,65.07,410800
6666584,2016-08-18,RARE,65.14,66.07,64.18,65.84,65.84,346500
6666585,2016-08-19,RARE,65.67,67.25,65.17,66.0,66.0,338600
6666586,2016-08-22,RARE,66.99,68.27,66.0,68.1,68.1,776400
6666587,2016-08-23,RARE,68.53,70.6,67.94,69.36,69.36,856000
6666588,2016-08-24,RARE,69.07,70.0,63.32,64.1,64.1,905200
6666589,2016-08-25,RARE,64.15,65.38,62.01,63.2,63.2,547700
6666590,2016-08-26,RARE,62.91,67.75,62.91,65.5,65.5,703900
6666591,2016-08-29,RARE,65.65,66.33,64.1,65.02,65.02,352300
6666592,2016-08-30,RARE,64.89,67.5,64.73,66.81,66.81,544700
6666593,2016-08-31,RARE,66.67,66.81,65.39,65.92,65.92,514500
6666594,2016-09-01,RARE,66.26,66.72,64.99,66.28,66.28,280800
6666595,2016-09-02,RARE,66.62,67.16,64.57,65.13,65.13,353000
6666596,2016-09-06,RARE,65.66,69.3,65.29,67.38,67.38,594300
6666597,2016-09-07,RARE,67.64,69.95,67.26,68.03,68.03,400800
6666598,2016-09-08,RARE,68.12,69.78,67.28,69.65,69.65,411000
6666599,2016-09-09,RARE,68.52,69.6,66.32,66.41,66.41,493600
6666600,2016-09-12,RARE,65.67,71.59,65.67,71.39,71.39,561600
6666601,2016-09-13,RARE,70.57,71.21,67.56,69.88,69.88,568500
6666602,2016-09-14,RARE,70.23,72.36,69.53,72.13,72.13,545500
6666603,2016-09-15,RARE,72.3,74.73,71.71,74.19,74.19,518800
6666604,2016-09-16,RARE,73.81,77.27,72.92,77.12,77.12,846400
6666605,2016-09-19,RARE,78.32,81.4,75.86,76.58,76.58,1159500
6666606,2016-09-20,RARE,77.62,78.62,75.16,75.95,75.95,851500
6666607,2016-09-21,RARE,76.56,76.89,71.13,73.79,73.79,1344400
6666608,2016-09-22,RARE,74.61,75.19,72.85,74.05,74.05,398900
6666609,2016-09-23,RARE,74.34,75.31,72.5,72.6,72.6,511100
6666610,2016-09-26,RARE,72.13,73.07,70.76,71.25,71.25,342100
6666611,2016-09-27,RARE,71.09,72.82,70.51,72.74,72.74,428800
6666612,2016-09-28,RARE,72.71,73.83,70.27,71.56,71.56,449700
6666613,2016-09-29,RARE,71.26,71.83,68.46,68.58,68.58,685600
6666614,2016-09-30,RARE,68.66,72.42,68.15,70.94,70.94,460900
6666615,2016-10-03,RARE,70.5,71.92,68.86,70.85,70.85,478100
6666616,2016-10-04,RARE,71.06,71.93,69.76,70.03,70.03,291800
6666617,2016-10-05,RARE,70.71,75.48,70.15,72.85,72.85,652700
6666618,2016-10-06,RARE,71.82,72.48,69.21,69.76,69.76,690100
6666619,2016-10-07,RARE,69.66,71.85,68.51,70.84,70.84,583800
6666620,2016-10-10,RARE,71.88,73.55,71.21,72.92,72.92,351000
6666621,2016-10-11,RARE,72.07,73.28,69.5,70.04,70.04,558400
6666622,2016-10-12,RARE,70.05,70.96,64.88,65.51,65.51,696600
6666623,2016-10-13,RARE,64.56,67.2,64.26,66.18,66.18,611400
6666624,2016-10-14,RARE,66.75,67.29,61.54,61.57,61.57,598100
6666625,2016-10-17,RARE,61.78,62.08,59.96,60.75,60.75,424000
6666626,2016-10-18,RARE,61.73,62.86,61.43,62.14,62.14,310100
6666627,2016-10-19,RARE,62.28,62.81,60.28,61.55,61.55,390200
6666628,2016-10-20,RARE,62.22,66.84,61.71,66.61,66.61,854600
6666629,2016-10-21,RARE,66.47,67.1,65.11,66.4,66.4,1233200
6666630,2016-10-24,RARE,66.91,68.36,65.59,65.97,65.97,381300
6666631,2016-10-25,RARE,66.02,66.71,62.98,63.05,63.05,345700
6666632,2016-10-26,RARE,62.82,64.43,61.98,63.13,63.13,507900
6666633,2016-10-27,RARE,64.13,64.77,62.42,62.77,62.77,489400
6666634,2016-10-28,RARE,62.44,64.39,59.29,62.62,62.62,599600
6666635,2016-10-31,RARE,62.73,63.22,58.88,58.99,58.99,423200
6666636,2016-11-01,RARE,59.47,61.12,58.1,60.22,60.22,573700
6666637,2016-11-02,RARE,59.83,59.99,57.68,58.04,58.04,534700
6666638,2016-11-03,RARE,58.09,58.09,52.6,52.7,52.7,868100
6666639,2016-11-04,RARE,53.25,56.34,53.25,55.25,55.25,791900
6666640,2016-11-07,RARE,56.55,59.36,55.25,58.54,58.54,856700
6666641,2016-11-08,RARE,57.54,61.76,56.32,61.17,61.17,948100
6666642,2016-11-09,RARE,67.27,76.31,64.13,71.72,71.72,1323100
6666643,2016-11-10,RARE,72.45,80.96,72.45,78.72,78.72,1639700
6666644,2016-11-11,RARE,74.36,82.48,73.51,82.06,82.06,1333900
6666645,2016-11-14,RARE,79.69,83.67,76.35,81.74,81.74,1129500
6666646,2016-11-15,RARE,80.87,83.11,78.49,81.43,81.43,702200
6666647,2016-11-16,RARE,81.21,83.69,77.03,77.84,77.84,562200
6666648,2016-11-17,RARE,78.47,81.69,76.12,81.42,81.42,507000
6666649,2016-11-18,RARE,81.18,83.0,79.67,82.72,82.72,469400
6666650,2016-11-21,RARE,82.81,84.84,80.94,84.66,84.66,437700
6666651,2016-11-22,RARE,84.97,85.52,80.11,80.75,80.75,610700
6666652,2016-11-23,RARE,78.57,86.1,76.94,85.81,85.81,572700
6666653,2016-11-25,RARE,85.3,86.77,83.0,86.74,86.74,247800
6666654,2016-11-28,RARE,86.27,86.27,80.45,81.67,81.67,711200
6666655,2016-11-29,RARE,82.09,84.88,79.31,84.19,84.19,574700
6666656,2016-11-30,RARE,85.0,85.29,77.55,78.29,78.29,898100
6666657,2016-12-01,RARE,79.29,79.75,74.59,74.69,74.69,751200
6666658,2016-12-02,RARE,74.37,77.46,74.32,74.55,74.55,518500
6666659,2016-12-05,RARE,76.03,79.78,75.48,76.83,76.83,531400
6666660,2016-12-06,RARE,77.06,77.64,73.76,76.92,76.92,585800
6666661,2016-12-07,RARE,75.58,76.46,71.22,71.33,71.33,664800
6666662,2016-12-08,RARE,70.99,72.5,68.47,71.96,71.96,770600
6666663,2016-12-09,RARE,72.66,75.01,70.03,70.74,70.74,539800
6666664,2016-12-12,RARE,70.21,71.7,69.31,70.59,70.59,524500
6666665,2016-12-13,RARE,71.48,72.26,69.14,69.51,69.51,562200
6666666,2016-12-14,RARE,69.6,71.25,69.21,70.48,70.48,386200
6666667,2016-12-15,RARE,70.92,72.53,69.32,72.34,72.34,548100
6666668,2016-12-16,RARE,72.25,74.79,71.36,72.25,72.25,1265100
6666669,2016-12-19,RARE,71.91,73.5,71.17,71.34,71.34,418100
6666670,2016-12-20,RARE,72.08,73.48,71.67,72.95,72.95,305100
6666671,2016-12-21,RARE,73.11,74.87,71.19,72.22,72.22,346600
6666672,2016-12-22,RARE,72.48,72.98,70.42,71.28,71.28,288900
6666673,2016-12-23,RARE,71.22,74.03,70.76,73.79,73.79,497500
6666674,2016-12-27,RARE,74.27,75.9,73.44,73.86,73.86,340900
6666675,2016-12-28,RARE,74.02,74.05,71.1,71.22,71.22,343700
6666676,2016-12-29,RARE,71.36,72.34,69.45,70.16,70.16,253300
6666677,2016-12-30,RARE,70.28,71.16,69.66,70.31,70.31,241200
6666678,2017-01-03,RARE,71.38,72.57,69.39,69.97,69.97,320100
6666679,2017-01-04,RARE,70.31,76.21,70.31,75.45,75.45,465600
6666680,2017-01-05,RARE,75.6,77.05,73.61,76.37,76.37,390300
6666681,2017-01-06,RARE,76.25,78.6,75.79,76.97,76.97,408000
6666682,2017-01-09,RARE,77.21,77.76,74.21,74.77,74.77,601800
6666683,2017-01-10,RARE,75.23,75.94,72.36,73.85,73.85,364600
6666684,2017-01-11,RARE,73.6,74.33,69.77,71.1,71.1,574000
6666685,2017-01-12,RARE,70.0,74.18,69.49,72.97,72.97,314500
6666686,2017-01-13,RARE,72.93,75.39,72.42,73.01,73.01,371400
6666687,2017-01-17,RARE,72.19,72.19,69.03,69.19,69.19,526600
6666688,2017-01-18,RARE,69.6,70.89,68.3,70.75,70.75,383000
6666689,2017-01-19,RARE,70.59,71.25,69.3,69.86,69.86,299000
6666690,2017-01-20,RARE,70.02,70.5,68.3,68.7,68.7,389900
6666691,2017-01-23,RARE,68.65,69.14,67.23,68.39,68.39,350300
6666692,2017-01-24,RARE,68.63,70.24,66.66,70.04,70.04,358200
6666693,2017-01-25,RARE,70.95,71.38,69.14,69.86,69.86,208300
6666694,2017-01-26,RARE,69.89,70.81,68.21,68.66,68.66,219100
6666695,2017-01-27,RARE,68.72,69.98,68.52,69.15,69.15,184100
6666696,2017-01-30,RARE,68.65,68.85,66.06,67.8,67.8,241700
6666697,2017-01-31,RARE,67.03,75.1,66.56,75.01,75.01,539900
6666698,2017-02-01,RARE,75.57,76.02,73.68,75.0,75.0,508700
6666699,2017-02-02,RARE,74.45,76.19,73.54,73.88,73.88,378700
6666700,2017-02-03,RARE,74.49,74.75,73.72,74.11,74.11,485600
6666701,2017-02-06,RARE,73.89,74.48,72.6,73.99,73.99,397800
6666702,2017-02-07,RARE,73.99,75.0,72.54,72.91,72.91,423800
6666703,2017-02-08,RARE,72.37,72.84,71.03,71.38,71.38,425700
6666704,2017-02-09,RARE,71.52,73.89,71.52,73.66,73.66,1055000
6666705,2017-02-10,RARE,73.87,74.5,72.26,73.9,73.9,371900
6666706,2017-02-13,RARE,74.5,75.5,74.15,74.77,74.77,359700
6666707,2017-02-14,RARE,74.68,76.34,73.91,76.24,76.24,283500
6666708,2017-02-15,RARE,76.12,77.2,74.98,76.76,76.76,347300
6666709,2017-02-16,RARE,77.58,77.58,74.94,76.82,76.82,432500
6666710,2017-02-17,RARE,78.25,78.25,72.88,76.91,76.91,708300
6666711,2017-02-21,RARE,77.23,78.71,76.39,76.92,76.92,453200
6666712,2017-02-22,RARE,77.0,78.82,76.53,78.18,78.18,360000
6666713,2017-02-23,RARE,78.29,78.47,75.03,76.88,76.88,468900
6666714,2017-02-24,RARE,75.9,77.57,73.69,77.47,77.47,280000
6666715,2017-02-27,RARE,77.55,85.58,77.31,85.16,85.16,1120200
6666716,2017-02-28,RARE,84.65,87.22,83.09,85.08,85.08,728400
6666717,2017-03-01,RARE,86.93,89.27,85.21,88.8,88.8,790700
6666718,2017-03-02,RARE,89.0,91.35,85.22,85.46,85.46,533300
6666719,2017-03-03,RARE,85.68,88.28,85.56,88.25,88.25,411400
6666720,2017-03-06,RARE,87.57,88.67,86.43,87.71,87.71,255100
6666721,2017-03-07,RARE,86.5,88.64,84.86,85.15,85.15,449900
6666722,2017-03-08,RARE,85.31,87.28,84.26,85.78,85.78,302800
6666723,2017-03-09,RARE,85.97,87.32,85.2,86.28,86.28,228800
6666724,2017-03-10,RARE,87.16,87.16,84.79,85.97,85.97,262800
6666725,2017-03-13,RARE,85.63,85.68,84.14,84.22,84.22,269400
6666726,2017-03-14,RARE,83.38,85.18,82.56,84.39,84.39,318500
6666727,2017-03-15,RARE,84.73,88.59,82.53,88.11,88.11,482900
6666728,2017-03-16,RARE,87.67,88.95,85.13,85.57,85.57,362100
6666729,2017-03-17,RARE,84.48,86.14,84.01,84.61,84.61,941700
6666730,2017-03-20,RARE,84.73,85.74,83.4,85.07,85.07,290300
6666731,2017-03-21,RARE,85.74,85.78,77.45,77.72,77.72,463500
6666732,2017-03-22,RARE,77.73,79.92,77.25,78.36,78.36,591400
6666733,2017-03-23,RARE,73.11,73.88,70.51,71.99,71.99,2164000
6666734,2017-03-24,RARE,72.38,72.38,67.91,70.32,70.32,1376800
6666735,2017-03-27,RARE,69.0,71.41,68.47,69.98,69.98,585500
6666736,2017-03-28,RARE,69.87,70.79,66.85,67.66,67.66,596300
6666737,2017-03-29,RARE,66.98,67.96,66.6,66.72,66.72,516100
6666738,2017-03-30,RARE,66.59,67.44,65.55,67.3,67.3,543400
6666739,2017-03-31,RARE,67.3,68.45,66.68,67.78,67.78,667400
6666740,2017-04-03,RARE,67.42,68.46,64.64,64.7,64.7,699100
6666741,2017-04-04,RARE,64.63,66.13,64.41,64.97,64.97,511700
6666742,2017-04-05,RARE,65.29,65.74,61.22,61.71,61.71,639900
6666743,2017-04-06,RARE,61.15,63.26,58.32,58.59,58.59,947900
6666744,2017-04-07,RARE,58.44,60.11,58.06,58.83,58.83,422300
6666745,2017-04-10,RARE,58.94,59.36,57.37,57.51,57.51,301600
6666746,2017-04-11,RARE,57.34,58.97,56.17,57.69,57.69,459400
6666747,2017-04-12,RARE,57.89,58.71,57.2,57.66,57.66,364300
6666748,2017-04-13,RARE,57.4,60.41,57.05,60.28,60.28,534300
6666749,2017-04-17,RARE,59.69,61.46,59.6,61.45,61.45,425300
6666750,2017-04-18,RARE,60.92,63.94,59.45,60.08,60.08,700200
6666751,2017-04-19,RARE,65.05,66.17,60.1,60.89,60.89,4408300
6666752,2017-04-20,RARE,60.85,62.53,59.62,62.04,62.04,887600
6666753,2017-04-21,RARE,61.74,62.4,59.95,60.57,60.57,669500
6666754,2017-04-24,RARE,61.42,62.16,61.03,61.31,61.31,327300
6666755,2017-04-25,RARE,62.34,65.16,62.05,65.02,65.02,752900
6666756,2017-04-26,RARE,65.09,66.33,64.69,65.68,65.68,353700
6666757,2017-04-27,RARE,65.8,66.13,64.51,64.54,64.54,303500
6666758,2017-04-28,RARE,64.76,65.01,63.45,64.39,64.39,230600
6666759,2017-05-01,RARE,64.64,64.65,62.5,63.42,63.42,452400
6666760,2017-05-02,RARE,63.38,64.15,59.9,61.0,61.0,730100
6666761,2017-05-03,RARE,60.72,61.28,58.35,59.91,59.91,665900
6666762,2017-05-04,RARE,60.32,61.54,60.05,61.22,61.22,529700
6666763,2017-05-05,RARE,62.25,62.75,59.33,61.08,61.08,586900
6666764,2017-05-08,RARE,60.69,61.0,59.42,60.09,60.09,355800
6666765,2017-05-09,RARE,60.62,62.08,59.83,61.38,61.38,305600
6666766,2017-05-10,RARE,60.98,61.44,59.06,59.39,59.39,270900
6666767,2017-05-11,RARE,58.9,59.52,57.06,57.69,57.69,457700
6666768,2017-05-12,RARE,57.64,58.66,57.14,57.95,57.95,350700
6666769,2017-05-15,RARE,58.18,59.24,57.66,58.86,58.86,203900
6666770,2017-05-16,RARE,58.17,59.59,58.17,59.38,59.38,171000
6666771,2017-05-17,RARE,58.08,59.49,57.68,58.31,58.31,367800
6666772,2017-05-18,RARE,58.29,59.8,58.23,59.01,59.01,255000
6666773,2017-05-19,RARE,59.1,59.54,57.39,57.47,57.47,286100
6666774,2017-05-22,RARE,57.6,57.71,56.43,57.38,57.38,234800
6666775,2017-05-23,RARE,57.64,57.75,56.3,57.55,57.55,262100
6666776,2017-05-24,RARE,57.54,61.04,56.75,60.01,60.01,442300
6666777,2017-05-25,RARE,60.27,60.61,57.98,58.52,58.52,313300
6666778,2017-05-26,RARE,57.45,58.61,55.55,55.91,55.91,304500
6666779,2017-05-30,RARE,55.75,56.0,52.96,53.01,53.01,325300
6666780,2017-05-31,RARE,53.42,54.54,51.67,53.85,53.85,278000
6666781,2017-06-01,RARE,54.21,57.71,54.03,56.61,56.61,412100
6666782,2017-06-02,RARE,56.64,57.87,56.22,56.84,56.84,432600
6666783,2017-06-05,RARE,57.3,57.9,55.1,56.23,56.23,319000
6666784,2017-06-06,RARE,55.49,58.6,55.31,57.27,57.27,602600
6666785,2017-06-07,RARE,57.66,58.12,55.45,55.78,55.78,371200
6666786,2017-06-08,RARE,55.41,57.0,55.23,56.93,56.93,301300
6666787,2017-06-09,RARE,57.09,59.76,56.13,57.31,57.31,562100
6666788,2017-06-12,RARE,57.37,57.92,54.15,54.77,54.77,727000
6666789,2017-06-13,RARE,54.97,58.7,54.39,58.67,58.67,617300
6666790,2017-06-14,RARE,58.76,63.04,57.92,61.73,61.73,664100
6666791,2017-06-15,RARE,61.21,63.68,60.18,61.85,61.85,378400
6666792,2017-06-16,RARE,61.16,63.03,60.6,62.48,62.48,929100
6666793,2017-06-19,RARE,62.78,65.07,62.41,63.87,63.87,362300
6666794,2017-06-20,RARE,64.0,67.53,62.9,63.38,63.38,418100
6666795,2017-06-21,RARE,63.86,66.53,63.22,66.4,66.4,464300
6666796,2017-06-22,RARE,66.4,67.98,63.08,65.66,65.66,562000
6666797,2017-06-23,RARE,65.62,66.91,63.7,66.42,66.42,539500
6666798,2017-06-26,RARE,66.42,67.29,65.01,65.29,65.29,247900
6666799,2017-06-27,RARE,65.36,65.63,60.33,60.61,60.61,454200
6666800,2017-06-28,RARE,61.29,63.96,59.98,63.09,63.09,344500
6666801,2017-06-29,RARE,63.15,63.26,60.36,61.88,61.88,298500
6666802,2017-06-30,RARE,61.98,62.63,60.79,62.11,62.11,313900
6666803,2017-07-03,RARE,62.3,63.95,61.6,63.81,63.81,164400
6666804,2017-07-05,RARE,63.61,66.85,62.73,66.72,66.72,424200
6666805,2017-07-06,RARE,66.05,66.23,62.97,63.28,63.28,273100
6666806,2017-07-07,RARE,63.95,64.25,63.12,63.92,63.92,149300
6666807,2017-07-10,RARE,63.77,64.1,61.18,61.48,61.48,238900
6666808,2017-07-11,RARE,61.58,64.07,61.48,63.76,63.76,192200
6666809,2017-07-12,RARE,64.25,64.71,62.94,63.42,63.42,235700
6666810,2017-07-13,RARE,63.42,65.58,61.58,64.83,64.83,244900
6666811,2017-07-14,RARE,64.8,65.71,64.22,64.36,64.36,182500
6666812,2017-07-17,RARE,64.88,69.74,64.88,66.29,66.29,397700
6666813,2017-07-18,RARE,66.24,67.32,65.32,66.83,66.83,183000
6666814,2017-07-19,RARE,67.57,69.42,67.29,68.06,68.06,275800
6666815,2017-07-20,RARE,68.35,71.34,67.61,70.99,70.99,322000
6666816,2017-07-21,RARE,71.55,71.99,69.31,70.06,70.06,239300
6666817,2017-07-24,RARE,70.06,71.85,69.44,71.59,71.59,287100
6666818,2017-07-25,RARE,71.5,71.5,69.28,70.84,70.84,229400
6666819,2017-07-26,RARE,70.95,71.39,70.01,70.83,70.83,197900
6666820,2017-07-27,RARE,71.52,71.77,66.9,67.74,67.74,296200
6666821,2017-07-28,RARE,66.08,67.88,64.18,66.99,66.99,324400
6666822,2017-07-31,RARE,66.88,67.69,65.93,66.32,66.32,185900
6666823,2017-08-01,RARE,66.92,68.1,63.11,63.34,63.34,304900
6666824,2017-08-02,RARE,63.49,63.61,61.52,62.59,62.59,201900
6666825,2017-08-03,RARE,62.72,63.72,61.56,62.59,62.59,219100
6666826,2017-08-04,RARE,62.77,63.68,62.29,63.3,63.3,168700
6666827,2017-08-07,RARE,63.16,64.47,62.29,64.07,64.07,126900
6666828,2017-08-08,RARE,63.96,65.93,63.33,64.14,64.14,203500
6666829,2017-08-09,RARE,63.65,65.06,61.96,62.78,62.78,124800
6666830,2017-08-10,RARE,62.28,62.36,59.94,60.12,60.12,236200
6666831,2017-08-11,RARE,60.87,60.93,58.3,59.44,59.44,229400
6666832,2017-08-14,RARE,59.91,61.0,59.31,60.79,60.79,176300
6666833,2017-08-15,RARE,61.03,61.59,60.01,60.98,60.98,144000
6666834,2017-08-16,RARE,60.99,62.51,60.55,61.34,61.34,146100
6666835,2017-08-17,RARE,60.35,61.78,57.91,57.95,57.95,215800
6666836,2017-08-18,RARE,57.39,58.2,56.44,56.51,56.51,263300
6666837,2017-08-21,RARE,56.46,56.96,55.63,56.91,56.91,143400
6666838,2017-08-22,RARE,57.31,59.04,57.0,58.85,58.85,387400
6666839,2017-08-23,RARE,51.0,52.34,50.49,51.02,51.02,1600400
6666840,2017-08-24,RARE,51.12,51.98,51.1,51.43,51.43,445900
6666841,2017-08-25,RARE,51.61,51.83,51.01,51.4,51.4,385900
6666842,2017-08-28,RARE,52.05,53.02,51.45,53.0,53.0,326900
6666843,2017-08-29,RARE,52.2,55.34,52.06,54.35,54.35,351600
6666844,2017-08-30,RARE,54.94,56.83,54.69,56.24,56.24,342700
6666845,2017-08-31,RARE,55.75,58.04,55.19,57.06,57.06,469600
6666846,2017-09-01,RARE,57.5,58.04,56.11,56.32,56.32,415000
6666847,2017-09-05,RARE,56.17,56.68,53.67,54.52,54.52,248000
6666848,2017-09-06,RARE,54.66,54.94,51.37,52.78,52.78,312900
6666849,2017-09-07,RARE,51.96,52.37,49.97,50.0,50.0,557700
6666850,2017-09-08,RARE,49.98,50.52,49.56,49.96,49.96,291900
6666851,2017-09-11,RARE,51.03,51.24,49.98,50.51,50.51,288400
6666852,2017-09-12,RARE,50.66,51.19,49.75,50.27,50.27,301900
6666853,2017-09-13,RARE,50.34,51.25,49.61,49.79,49.79,311800
6666854,2017-09-14,RARE,51.0,54.3,50.38,53.38,53.38,742500
6666855,2017-09-15,RARE,53.54,55.25,53.0,55.23,55.23,694400
6666856,2017-09-18,RARE,55.17,55.63,52.81,52.99,52.99,303800
6666857,2017-09-19,RARE,52.92,53.6,51.44,51.9,51.9,227200
6666858,2017-09-20,RARE,51.88,52.83,51.57,52.63,52.63,273700
6666859,2017-09-21,RARE,52.87,54.75,51.99,52.52,52.52,407100
6666860,2017-09-22,RARE,52.32,52.78,51.48,52.16,52.16,387700
6666861,2017-09-25,RARE,52.5,54.25,52.08,53.05,53.05,242800
6666862,2017-09-26,RARE,52.89,52.89,51.86,52.29,52.29,207800
6666863,2017-09-27,RARE,52.5,53.59,52.5,53.01,53.01,231600
6666864,2017-09-28,RARE,53.23,54.0,52.68,53.98,53.98,184600
6666865,2017-09-29,RARE,53.88,54.41,52.9,53.26,53.26,217900
6666866,2017-10-02,RARE,53.67,57.32,53.55,57.32,57.32,334800
6666867,2017-10-03,RARE,58.0,58.0,55.14,56.76,56.76,433300
6666868,2017-10-04,RARE,56.44,57.49,55.44,56.59,56.59,168000
6666869,2017-10-05,RARE,56.58,57.4,55.38,55.81,55.81,233300
6666870,2017-10-06,RARE,55.68,56.24,53.67,54.31,54.31,345600
6666871,2017-10-09,RARE,54.6,55.34,53.57,53.81,53.81,144100
6666872,2017-10-10,RARE,54.2,54.53,53.54,54.01,54.01,296900
6666873,2017-10-11,RARE,54.11,55.38,53.51,54.9,54.9,332800
6666874,2017-10-12,RARE,54.89,55.44,54.06,54.46,54.46,286000
6666875,2017-10-13,RARE,54.18,54.31,53.32,53.95,53.95,292900
6666876,2017-10-16,RARE,54.25,55.17,53.73,54.52,54.52,208200
6666877,2017-10-17,RARE,54.33,54.96,53.34,53.46,53.46,350700
6666878,2017-10-18,RARE,53.75,53.86,52.28,52.43,52.43,283200
6666879,2017-10-19,RARE,52.63,52.67,50.63,51.51,51.51,345000
6666880,2017-10-20,RARE,52.02,52.09,50.36,51.51,51.51,774500
6666881,2017-10-23,RARE,52.08,52.17,50.36,50.4,50.4,248200
6666882,2017-10-24,RARE,50.41,50.63,48.52,49.68,49.68,441600
6666883,2017-10-25,RARE,49.61,49.88,47.55,47.66,47.66,391500
6666884,2017-10-26,RARE,47.55,48.13,45.04,45.9,45.9,633900
6666885,2017-10-27,RARE,45.93,46.54,44.75,46.52,46.52,619100
6666886,2017-10-30,RARE,46.03,46.56,44.56,45.19,45.19,400900
6666887,2017-10-31,RARE,45.67,46.7,44.66,46.09,46.09,477900
6666888,2017-11-01,RARE,47.0,48.9,46.83,47.99,47.99,771300
6666889,2017-11-02,RARE,47.66,49.04,47.28,48.25,48.25,417400
6666890,2017-11-03,RARE,47.47,51.06,47.47,49.53,49.53,769000
6666891,2017-11-06,RARE,49.08,49.75,46.9,47.21,47.21,399200
6666892,2017-11-07,RARE,47.55,47.55,44.72,45.48,45.48,506300
6666893,2017-11-08,RARE,45.11,45.72,44.45,45.29,45.29,394100
6666894,2017-11-09,RARE,44.93,46.67,44.8,46.26,46.26,326200
6666895,2017-11-10,RARE,46.35,48.46,46.01,47.41,47.41,484700
6666896,2017-11-13,RARE,47.24,48.77,47.01,48.67,48.67,318100
6666897,2017-11-14,RARE,48.24,48.85,44.02,45.55,45.55,555600
6666898,2017-11-15,RARE,44.9,47.98,44.03,47.32,47.32,741100
6666899,2017-11-16,RARE,47.5,49.0,47.01,48.22,48.22,495500
6666900,2017-11-17,RARE,47.9,49.27,46.35,48.11,48.11,549100
6666901,2017-11-20,RARE,48.11,48.26,47.1,47.84,47.84,223000
6666902,2017-11-21,RARE,48.14,49.14,47.62,48.13,48.13,426900
6666903,2017-11-22,RARE,48.55,49.88,48.36,48.94,48.94,266700
6666904,2017-11-24,RARE,49.27,49.47,48.32,48.91,48.91,145300
6666905,2017-11-27,RARE,49.02,49.6,47.24,47.45,47.45,298200
6666906,2017-11-28,RARE,47.65,47.65,45.81,46.53,46.53,423900
6666907,2017-11-29,RARE,46.76,48.15,46.46,47.76,47.76,496200
6666908,2017-11-30,RARE,48.0,50.88,47.01,50.49,50.49,537000
6666909,2017-12-01,RARE,50.06,52.11,48.96,51.7,51.7,645700
6666910,2017-12-04,RARE,53.0,54.35,51.14,51.76,51.76,979400
6666911,2017-12-05,RARE,51.91,53.05,49.31,49.96,49.96,1219700
6666912,2017-12-06,RARE,49.88,50.93,47.83,48.78,48.78,534000
6666913,2017-12-07,RARE,48.59,48.66,46.1,46.17,46.17,566400
6666914,2017-12-08,RARE,46.78,47.51,45.3,45.57,45.57,496200
6666915,2017-12-11,RARE,46.11,46.69,45.22,45.24,45.24,405800
6666916,2017-12-12,RARE,45.53,45.64,43.38,44.51,44.51,514900
6666917,2017-12-13,RARE,44.45,45.43,43.61,45.19,45.19,339100
6666918,2017-12-14,RARE,45.3,45.85,43.85,44.02,44.02,313600
6666919,2017-12-15,RARE,44.29,45.62,43.97,44.68,44.68,757100
6666920,2017-12-18,RARE,45.0,45.8,43.14,43.54,43.54,420400
6666921,2017-12-19,RARE,43.65,47.47,43.65,46.61,46.61,814800
6666922,2017-12-20,RARE,47.09,48.22,47.03,47.96,47.96,485800
6666923,2017-12-21,RARE,47.89,49.06,46.98,47.95,47.95,405600
6666924,2017-12-22,RARE,47.87,48.42,46.2,48.03,48.03,354900
6666925,2017-12-26,RARE,47.93,48.77,47.42,48.31,48.31,249800
6666926,2017-12-27,RARE,48.16,48.54,47.5,47.59,47.59,197800
6666927,2017-12-28,RARE,47.87,47.92,46.85,46.97,46.97,234500
6666928,2017-12-29,RARE,47.18,47.18,46.32,46.38,46.38,289000
6666929,2018-01-02,RARE,47.05,49.44,46.36,49.29,49.29,467000
6666930,2018-01-03,RARE,49.53,51.64,48.99,50.31,50.31,482400
6666931,2018-01-04,RARE,50.73,53.39,50.53,51.0,51.0,547700
6666932,2018-01-05,RARE,51.31,52.01,50.47,50.81,50.81,390600
6666933,2018-01-08,RARE,50.36,51.02,47.83,48.24,48.24,469000
6666934,2018-01-09,RARE,48.31,49.65,47.8,49.07,49.07,264100
6666935,2018-01-10,RARE,48.91,49.38,47.31,49.06,49.06,344800
6666936,2018-01-11,RARE,49.12,49.12,46.51,48.17,48.17,376700
6666937,2018-01-12,RARE,48.25,49.12,47.52,47.8,47.8,343200
6666938,2018-01-16,RARE,48.02,48.76,45.69,45.81,45.81,361400
6666939,2018-01-17,RARE,46.39,48.23,45.73,47.77,47.77,566700
6666940,2018-01-18,RARE,48.33,48.62,46.95,47.25,47.25,420100
6666941,2018-01-19,RARE,47.07,49.37,47.05,49.16,49.16,614300
6666942,2018-01-22,RARE,51.99,56.03,51.04,53.39,53.39,1025200
6666943,2018-01-23,RARE,51.64,58.62,51.64,58.14,58.14,1638900
6666944,2018-01-24,RARE,57.52,60.9,55.0,58.52,58.52,3627000
6666945,2018-01-25,RARE,59.11,59.81,57.36,57.91,57.91,596900
6666946,2018-01-26,RARE,57.94,58.77,55.55,56.84,56.84,656800
6666947,2018-01-29,RARE,56.83,59.35,56.83,57.06,57.06,472700
6666948,2018-01-30,RARE,56.09,56.58,54.79,55.0,55.0,408600
6666949,2018-01-31,RARE,54.94,55.47,53.26,53.35,53.35,381300
6666950,2018-02-01,RARE,53.17,53.59,50.3,51.27,51.27,801800
6666951,2018-02-02,RARE,50.84,51.42,49.02,49.06,49.06,661900
6666952,2018-02-05,RARE,48.42,50.03,47.8,47.81,47.81,706900
6666953,2018-02-06,RARE,46.49,48.23,46.03,47.91,47.91,810900
6666954,2018-02-07,RARE,47.53,48.34,45.93,47.05,47.05,484100
6666955,2018-02-08,RARE,47.32,47.84,44.28,44.33,44.33,462100
6666956,2018-02-09,RARE,44.5,45.05,41.67,44.47,44.47,905800
6666957,2018-02-12,RARE,44.52,45.74,43.36,44.38,44.38,621100
6666958,2018-02-13,RARE,43.83,45.2,42.57,44.65,44.65,510100
6666959,2018-02-14,RARE,44.21,47.87,44.21,47.63,47.63,503600
6666960,2018-02-15,RARE,48.01,48.77,46.3,47.52,47.52,469300
6666961,2018-02-16,RARE,47.38,48.23,46.59,47.12,47.12,344800
6666962,2018-02-20,RARE,47.04,50.89,46.52,48.18,48.18,797200
6666963,2018-02-21,RARE,46.61,48.17,43.26,46.31,46.31,1183900
6666964,2018-02-22,RARE,46.4,50.35,46.4,47.65,47.65,542200
6666965,2018-02-23,RARE,47.89,48.36,46.57,47.86,47.86,534500
6666966,2018-02-26,RARE,48.37,50.41,47.93,49.93,49.93,412300
6666967,2018-02-27,RARE,49.68,50.37,48.57,48.66,48.66,312300
6666968,2018-02-28,RARE,48.81,49.95,47.8,47.81,47.81,305900
6666969,2018-03-01,RARE,48.29,49.0,46.61,48.43,48.43,571300
6666970,2018-03-02,RARE,47.93,51.0,47.57,50.59,50.59,479100
6666971,2018-03-05,RARE,50.1,53.13,50.1,52.78,52.78,519200
6666972,2018-03-06,RARE,52.79,53.75,51.19,52.66,52.66,507400
6666973,2018-03-07,RARE,53.2,53.73,51.36,52.82,52.82,495800
6666974,2018-03-08,RARE,52.79,53.86,52.01,52.92,52.92,321000
6666975,2018-03-09,RARE,53.52,54.5,52.23,53.8,53.8,381900
6666976,2018-03-12,RARE,53.91,54.67,53.1,53.8,53.8,282800
6666977,2018-03-13,RARE,54.36,55.06,53.75,54.43,54.43,394300
6666978,2018-03-14,RARE,54.97,55.22,51.38,54.4,54.4,368000
6666979,2018-03-15,RARE,54.63,54.98,52.71,52.82,52.82,590400
6666980,2018-03-16,RARE,52.8,53.07,51.03,51.26,51.26,1795300
6666981,2018-03-19,RARE,50.54,52.42,49.66,50.2,50.2,662800
6666982,2018-03-20,RARE,50.7,51.29,50.01,50.87,50.87,364900
6666983,2018-03-21,RARE,50.91,52.49,50.51,52.33,52.33,283800
6666984,2018-03-22,RARE,52.22,54.0,51.23,51.36,51.36,306700
6666985,2018-03-23,RARE,51.49,52.38,49.87,50.0,50.0,363300
6666986,2018-03-26,RARE,50.72,52.23,49.43,52.2,52.2,384300
6666987,2018-03-27,RARE,52.2,52.96,49.07,49.41,49.41,439400
6666988,2018-03-28,RARE,49.66,51.02,48.71,50.38,50.38,294900
6666989,2018-03-29,RARE,50.68,51.89,49.49,50.99,50.99,284300
6666990,2018-04-02,RARE,50.72,51.1,48.71,49.38,49.38,472100
6666991,2018-04-03,RARE,49.88,51.2,49.24,50.74,50.74,334800
6666992,2018-04-04,RARE,49.66,52.61,49.55,52.28,52.28,301600
6666993,2018-04-05,RARE,52.73,53.19,50.56,50.86,50.86,226100
6666994,2018-04-06,RARE,50.33,51.31,48.04,48.54,48.54,351300
6666995,2018-04-09,RARE,49.09,51.36,48.47,50.71,50.71,358000
6666996,2018-04-10,RARE,51.4,52.98,51.02,52.67,52.67,600600
6666997,2018-04-11,RARE,52.27,53.54,51.92,52.94,52.94,219300
6666998,2018-04-12,RARE,53.4,55.0,53.15,54.94,54.94,245200
6666999,2018-04-13,RARE,55.0,55.0,52.85,53.12,53.12,251800
6667000,2018-04-16,RARE,53.51,54.28,52.44,53.82,53.82,336700
6667001,2018-04-17,RARE,54.57,57.92,53.86,54.68,54.68,923600
6667002,2018-04-18,RARE,56.89,56.93,54.49,54.91,54.91,835100
6667003,2018-04-19,RARE,54.89,55.36,53.67,53.87,53.87,464600
6667004,2018-04-20,RARE,53.68,55.35,53.67,54.26,54.26,561400
6667005,2018-04-23,RARE,54.28,54.64,53.04,53.74,53.74,401300
6667006,2018-04-24,RARE,53.75,54.33,52.24,52.61,52.61,319700
6667007,2018-04-25,RARE,52.64,53.11,51.31,51.49,51.49,305300
6667008,2018-04-26,RARE,51.96,52.38,50.61,51.22,51.22,320600
6667009,2018-04-27,RARE,51.46,52.46,50.62,51.95,51.95,246000
6667010,2018-04-30,RARE,52.17,52.78,50.81,50.84,50.84,222800
6667011,2018-05-01,RARE,50.8,52.5,49.86,52.41,52.41,359100
6667012,2018-05-02,RARE,52.01,54.01,52.01,53.35,53.35,262200
6667013,2018-05-03,RARE,53.47,54.34,52.17,52.66,52.66,356700
6667014,2018-05-04,RARE,52.49,55.09,52.17,54.5,54.5,311900
6667015,2018-05-07,RARE,54.96,58.29,54.81,57.96,57.96,672400
6667016,2018-05-08,RARE,57.69,59.2,56.01,57.8,57.8,688100
6667017,2018-05-09,RARE,58.08,59.66,57.17,59.4,59.4,434500
6667018,2018-05-10,RARE,59.36,60.79,57.96,59.76,59.76,541500
6667019,2018-05-11,RARE,60.54,64.42,60.54,64.12,64.12,586700
6667020,2018-05-14,RARE,63.98,65.32,62.52,64.36,64.36,775700
6667021,2018-05-15,RARE,63.62,63.98,62.14,62.69,62.69,475900
6667022,2018-05-16,RARE,62.68,65.0,60.21,63.94,63.94,1013400
6667023,2018-05-17,RARE,64.73,65.0,62.65,64.18,64.18,530600
6667024,2018-05-18,RARE,64.47,66.0,64.3,65.93,65.93,372500
6667025,2018-05-21,RARE,65.76,66.4,64.35,64.79,64.79,775200
6667026,2018-05-22,RARE,64.85,65.57,64.02,64.18,64.18,362800
6667027,2018-05-23,RARE,63.75,65.56,63.75,65.3,65.3,420900
6667028,2018-05-24,RARE,65.4,66.73,64.31,64.5,64.5,419800
6667029,2018-05-25,RARE,64.61,67.66,64.0,67.31,67.31,432500
6667030,2018-05-29,RARE,66.58,69.22,66.45,69.15,69.15,590200
6667031,2018-05-30,RARE,69.29,72.65,69.21,72.31,72.31,1170500
6667032,2018-05-31,RARE,72.44,73.63,70.35,73.2,73.2,653100
6667033,2018-06-01,RARE,73.68,74.94,72.75,73.73,73.73,514800
6667034,2018-06-04,RARE,73.79,74.24,70.9,73.8,73.8,502400
6667035,2018-06-05,RARE,73.98,74.78,72.77,73.07,73.07,506600
6667036,2018-06-06,RARE,73.56,77.62,73.06,77.58,77.58,642500
6667037,2018-06-07,RARE,77.87,80.99,77.48,80.24,80.24,1002400
6667038,2018-06-08,RARE,78.8,79.6,76.81,79.35,79.35,654400
6667039,2018-06-11,RARE,79.28,80.32,77.82,79.81,79.81,416500
6667040,2018-06-12,RARE,79.8,80.86,77.94,78.33,78.33,501400
6667041,2018-06-13,RARE,77.98,78.28,76.0,78.09,78.09,528700
6667042,2018-06-14,RARE,78.57,82.0,76.69,81.56,81.56,653200
6667043,2018-06-15,RARE,81.33,84.23,79.61,82.72,82.72,1734100
6667044,2018-06-25,RARE,83.47,84.24,77.46,79.54,79.54,472700
6667045,2018-06-26,RARE,79.61,82.21,78.76,81.81,81.81,359400
6667046,2018-06-27,RARE,81.82,81.82,75.58,75.86,75.86,458500
6667047,2018-06-28,RARE,76.23,77.3,73.75,76.14,76.14,522000
6667048,2018-06-29,RARE,77.99,77.99,75.76,76.87,76.87,507600
6667049,2018-07-02,RARE,75.44,78.39,75.28,78.31,78.31,343300
6667050,2018-07-03,RARE,78.82,80.5,77.4,78.2,78.2,212500
6667051,2018-07-05,RARE,78.98,79.89,77.39,77.99,77.99,268100
6667052,2018-07-06,RARE,77.96,83.46,77.96,82.46,82.46,478500
6667053,2018-07-09,RARE,82.39,83.06,80.12,82.9,82.9,634400
6667054,2018-07-10,RARE,83.32,83.97,82.27,83.13,83.13,385100
6667055,2018-07-11,RARE,81.75,84.0,81.46,83.66,83.66,358600
6667056,2018-07-12,RARE,84.42,84.43,83.07,84.07,84.07,376300
6667057,2018-07-13,RARE,83.73,85.0,82.46,84.56,84.56,421900
6667058,2018-07-16,RARE,84.21,84.97,83.0,84.35,84.35,396100
6667059,2018-07-17,RARE,84.48,87.33,81.43,85.22,85.22,572000
6667060,2018-07-18,RARE,84.16,85.27,83.31,84.68,84.68,381200
6667061,2018-07-19,RARE,84.68,85.22,82.2,83.9,83.9,523300
6667062,2018-07-20,RARE,83.7,85.5,82.78,82.9,82.9,719100
6667063,2018-07-23,RARE,82.58,83.13,81.44,81.58,81.58,260900
6667064,2018-07-24,RARE,82.54,82.75,77.62,79.23,79.23,434200
6667065,2018-07-25,RARE,79.23,81.5,78.85,81.35,81.35,514200
6667066,2018-07-26,RARE,81.52,82.03,78.58,80.32,80.32,453700
6667067,2018-07-27,RARE,80.26,80.38,76.47,77.73,77.73,342000
6667068,2018-07-30,RARE,77.46,79.09,76.21,77.55,77.55,308300
6667069,2018-07-31,RARE,77.8,82.03,77.51,79.11,79.11,486000
6667070,2018-08-01,RARE,78.65,80.22,77.91,79.34,79.34,289000
6667071,2018-08-02,RARE,78.87,79.94,77.53,79.58,79.58,438700
6667072,2018-08-03,RARE,82.21,82.73,70.93,71.81,71.81,1197300
6667073,2018-08-06,RARE,72.27,75.81,69.73,75.45,75.45,627500
6667074,2018-08-07,RARE,76.11,77.58,76.09,77.38,77.38,308700
6667075,2018-08-08,RARE,77.21,77.96,76.2,77.59,77.59,434200
6667076,2018-08-09,RARE,77.5,78.31,76.4,76.68,76.68,315000
6667077,2018-08-10,RARE,75.78,77.11,75.07,76.2,76.2,248200
6667078,2018-08-13,RARE,76.34,77.2,75.26,76.49,76.49,304200
6667079,2018-08-14,RARE,76.99,77.99,75.95,76.49,76.49,278600
6667080,2018-08-15,RARE,76.12,77.76,74.92,76.14,76.14,237100
6667081,2018-08-16,RARE,76.45,78.23,74.95,77.92,77.92,380800
6667082,2018-08-17,RARE,77.73,78.17,76.43,78.1,78.1,246300
6667083,2018-08-20,RARE,79.04,79.09,76.3,77.36,77.36,220300
6667084,2018-08-21,RARE,77.8,79.35,76.99,78.9,78.9,559700
6667085,2018-08-22,RARE,79.28,82.53,78.88,81.63,81.63,460300
6667086,2018-08-23,RARE,81.41,81.46,75.41,75.52,75.52,589800
6667087,2018-08-24,RARE,75.88,76.49,74.75,75.97,75.97,358100
6667088,2018-08-27,RARE,76.42,79.21,76.32,78.66,78.66,457600
6667089,2018-08-28,RARE,78.6,79.49,76.47,78.65,78.65,211500
6667090,2018-08-29,RARE,80.51,86.3,80.51,83.9,83.9,1038500
6667091,2018-08-30,RARE,83.11,86.65,83.11,86.44,86.44,332000
6667092,2018-08-31,RARE,85.0,85.99,84.01,84.73,84.73,309600
6667093,2018-09-04,RARE,84.43,84.75,80.66,83.67,83.67,521600
6667094,2018-09-05,RARE,83.5,87.95,82.44,87.65,87.65,720100
6667095,2018-09-06,RARE,87.3,88.41,83.53,84.4,84.4,451100
6667096,2018-09-07,RARE,84.17,86.62,83.57,84.76,84.76,384900
6667097,2018-09-10,RARE,85.01,86.65,83.55,84.49,84.49,327800
6667098,2018-09-11,RARE,84.61,86.0,82.88,84.7,84.7,233600
6667099,2018-09-12,RARE,84.47,86.19,81.61,83.78,83.78,742600
6667100,2018-09-13,RARE,84.39,85.4,83.39,84.69,84.69,175600
6667101,2018-09-14,RARE,84.7,87.22,84.22,86.8,86.8,352900
6667102,2018-09-17,RARE,87.0,88.0,82.14,82.47,82.47,327500
6667103,2018-09-18,RARE,82.88,85.45,82.59,85.01,85.01,248400
6667104,2018-09-19,RARE,84.49,87.0,84.33,85.88,85.88,301400
6667105,2018-09-20,RARE,86.69,88.18,84.46,86.29,86.29,447500
6667106,2018-09-21,RARE,86.07,86.49,84.26,84.87,84.87,345284
6667107,2018-09-24,RARE,85.3,88.71,84.7,88.64,88.64,410000
6667108,2018-09-25,RARE,89.11,90.98,87.21,90.15,90.15,503700
6667109,2018-09-26,RARE,90.33,90.79,85.51,85.72,85.72,551800
6667110,2018-09-27,RARE,84.1,84.31,78.55,79.82,79.82,685100
6667111,2018-09-28,RARE,79.26,80.08,75.05,76.34,76.34,1036400
6667112,2018-10-01,RARE,76.73,77.59,75.95,76.42,76.42,471800
6667113,2018-10-02,RARE,76.74,77.08,73.65,76.61,76.61,735400
6667114,2018-10-03,RARE,76.62,77.78,74.25,77.07,77.07,475700
6667115,2018-10-04,RARE,76.65,77.55,75.33,77.3,77.3,664000
6667116,2018-10-05,RARE,77.11,78.51,70.0,74.17,74.17,741400
