,Date,symbolid,Open,High,Low,Close,AdjClose,Volume
3529832,2013-01-29,GLDI,20.1,20.1,20.05,20.07,11.96,41300
3529833,2013-01-30,GLDI,20.2,20.25,20.17,20.2,12.04,36000
3529834,2013-01-31,GLDI,20.14,20.15,20.02,20.08,11.96,57800
3529835,2013-02-01,GLDI,31.71,31.71,20.1,20.14,12.0,61600
3529836,2013-02-04,GLDI,20.11,20.22,20.1,20.2,12.04,35800
3529837,2013-02-05,GLDI,20.26,20.26,20.13,20.18,12.02,34500
3529838,2013-02-06,GLDI,20.18,20.24,20.18,20.24,12.06,31800
3529839,2013-02-07,GLDI,20.13,20.27,20.1,20.2,12.04,27000
3529840,2013-02-08,GLDI,20.16,20.19,20.13,20.14,12.0,14300
3529841,2013-02-11,GLDI,22.88,22.88,19.93,19.96,11.89,39200
3529842,2013-02-12,GLDI,19.94,20.02,19.9,19.98,11.91,34200
3529843,2013-02-13,GLDI,19.93,19.94,19.86,19.87,11.84,15800
3529844,2013-02-14,GLDI,19.94,19.95,19.81,19.83,11.82,9000
3529845,2013-02-15,GLDI,19.49,19.49,19.33,19.36,11.6,34200
3529846,2013-02-19,GLDI,19.38,19.41,19.33,19.33,11.58,10600
3529847,2013-02-20,GLDI,19.13,19.15,18.85,18.85,11.3,10000
3529848,2013-02-21,GLDI,18.92,19.09,18.92,19.0,11.39,9300
3529849,2013-02-22,GLDI,19.0,19.05,19.0,19.05,11.42,9300
3529850,2013-02-25,GLDI,19.14,19.27,19.1,19.25,11.54,25300
3529851,2013-02-26,GLDI,19.17,19.47,19.17,19.47,11.67,26600
3529852,2013-02-27,GLDI,19.38,19.38,19.21,19.26,11.54,10500
3529853,2013-02-28,GLDI,19.15,19.15,18.98,19.04,11.41,23600
3529854,2013-03-01,GLDI,19.08,19.08,19.0,19.0,11.39,20400
3529855,2013-03-04,GLDI,19.04,19.04,18.94,18.94,11.35,12800
3529856,2013-03-05,GLDI,19.07,19.07,18.92,18.98,11.38,6800
3529857,2013-03-06,GLDI,18.96,19.09,18.96,19.07,11.43,29700
3529858,2013-03-07,GLDI,19.02,19.02,18.99,19.01,11.39,22400
3529859,2013-03-08,GLDI,22.47,22.47,18.86,19.03,11.41,108600
3529860,2013-03-11,GLDI,19.16,19.16,19.03,19.07,11.43,10000
3529861,2013-03-12,GLDI,19.19,19.2,19.16,19.19,11.5,10600
3529862,2013-03-13,GLDI,19.21,19.21,19.11,19.14,11.47,39500
3529863,2013-03-14,GLDI,19.09,19.19,19.09,19.14,11.47,17800
3529864,2013-03-15,GLDI,19.2,19.21,19.18,19.18,11.5,5900
3529865,2013-03-18,GLDI,19.44,19.44,19.18,19.2,11.55,19400
3529866,2013-03-19,GLDI,19.23,19.25,19.21,19.23,11.57,7100
3529867,2013-03-20,GLDI,19.22,19.27,19.17,19.24,11.57,8600
3529868,2013-03-21,GLDI,19.26,19.28,19.25,19.28,11.6,8300
3529869,2013-03-22,GLDI,19.22,19.25,19.22,19.24,11.58,10900
3529870,2013-03-25,GLDI,19.14,19.25,19.14,19.24,11.57,21200
3529871,2013-03-26,GLDI,19.17,19.22,19.17,19.22,11.56,3100
3529872,2013-03-27,GLDI,19.2,19.28,19.2,19.25,11.58,65700
3529873,2013-03-28,GLDI,19.2,19.22,19.17,19.17,11.53,1600
3529874,2013-04-01,GLDI,19.18,19.23,19.17,19.19,11.54,10300
3529875,2013-04-02,GLDI,19.07,19.09,18.98,18.98,11.42,29500
3529876,2013-04-03,GLDI,18.96,19.01,18.73,18.8,11.31,94900
3529877,2013-04-04,GLDI,18.67,18.78,18.64,18.72,11.26,4500
3529878,2013-04-05,GLDI,18.91,19.05,18.9,19.0,11.43,13900
3529879,2013-04-08,GLDI,19.0,19.0,18.94,18.96,11.41,1800
3529880,2013-04-09,GLDI,19.12,19.13,19.1,19.12,11.5,13600
3529881,2013-04-10,GLDI,18.96,19.02,18.78,18.78,11.3,17500
3529882,2013-04-11,GLDI,18.87,18.89,18.82,18.82,11.32,1900
3529883,2013-04-12,GLDI,18.54,18.56,17.95,17.96,10.8,84400
3529884,2013-04-15,GLDI,17.07,17.07,16.28,16.44,9.89,127700
3529885,2013-04-16,GLDI,17.33,17.33,16.5,16.54,9.95,5100
3529886,2013-04-17,GLDI,16.82,16.83,16.6,16.64,10.01,5400
3529887,2013-04-18,GLDI,16.75,16.81,16.66,16.66,10.1,124600
3529888,2013-04-19,GLDI,16.94,16.94,16.76,16.82,10.2,5700
3529889,2013-04-22,GLDI,17.0,17.12,17.0,17.09,10.36,19000
3529890,2013-04-23,GLDI,17.05,17.05,16.89,17.0,10.31,10100
3529891,2013-04-24,GLDI,17.17,17.17,17.08,17.15,10.4,17300
3529892,2013-04-25,GLDI,17.72,17.72,17.34,17.58,10.66,21800
3529893,2013-04-26,GLDI,17.67,17.75,17.44,17.5,10.61,34900
3529894,2013-04-29,GLDI,17.6,17.86,17.59,17.65,10.7,13300
3529895,2013-04-30,GLDI,17.63,17.69,17.59,17.69,10.73,8400
3529896,2013-05-01,GLDI,17.54,17.64,17.31,17.47,10.59,8600
3529897,2013-05-02,GLDI,17.64,17.64,17.57,17.61,10.68,2300
3529898,2013-05-03,GLDI,17.69,17.69,17.56,17.61,10.68,6400
3529899,2013-05-06,GLDI,17.74,17.75,17.6,17.65,10.7,7900
3529900,2013-05-07,GLDI,17.65,18.46,17.36,17.44,10.58,69600
3529901,2013-05-08,GLDI,18.1,18.1,17.57,17.68,10.72,20600
3529902,2013-05-09,GLDI,17.56,17.66,17.48,17.49,10.61,9700
3529903,2013-05-10,GLDI,17.15,17.35,17.08,17.35,10.52,10800
3529904,2013-05-13,GLDI,17.25,17.26,17.21,17.21,10.44,5700
3529905,2013-05-14,GLDI,17.25,17.28,17.13,17.16,10.41,7000
3529906,2013-05-15,GLDI,17.02,17.03,16.72,16.79,10.18,16300
3529907,2013-05-16,GLDI,16.64,16.76,16.64,16.74,10.15,9900
3529908,2013-05-17,GLDI,16.63,16.63,16.38,16.38,9.93,32100
3529909,2013-05-20,GLDI,16.3,16.69,16.29,16.65,10.13,27000
3529910,2013-05-21,GLDI,16.46,16.58,16.38,16.51,10.05,8700
3529911,2013-05-22,GLDI,16.69,16.9,16.34,16.4,9.98,19400
3529912,2013-05-23,GLDI,16.73,16.73,16.61,16.69,10.16,35600
3529913,2013-05-24,GLDI,16.72,16.72,16.65,16.65,10.13,3500
3529914,2013-05-28,GLDI,16.65,16.8,16.54,16.6,10.1,13500
3529915,2013-05-29,GLDI,16.66,16.75,16.66,16.74,10.19,4600
3529916,2013-05-30,GLDI,17.0,17.02,16.98,17.02,10.36,4400
3529917,2013-05-31,GLDI,16.93,16.93,16.69,16.7,10.16,7100
3529918,2013-06-03,GLDI,16.75,17.03,16.73,16.96,10.32,9600
3529919,2013-06-04,GLDI,16.85,16.85,16.8,16.83,10.24,3900
3529920,2013-06-05,GLDI,16.83,16.95,16.83,16.88,10.27,6900
3529921,2013-06-06,GLDI,16.81,17.06,16.81,17.0,10.34,11100
3529922,2013-06-07,GLDI,16.76,16.76,16.61,16.61,10.11,5600
3529923,2013-06-10,GLDI,16.58,16.68,16.58,16.67,10.15,34000
3529924,2013-06-11,GLDI,16.53,16.59,16.52,16.59,10.1,3500
3529925,2013-06-12,GLDI,16.57,16.74,16.57,16.74,10.19,7100
3529926,2013-06-13,GLDI,16.63,16.63,16.61,16.61,10.11,200
3529927,2013-06-14,GLDI,16.71,16.73,16.71,16.73,10.18,2800
3529928,2013-06-17,GLDI,16.94,16.94,16.65,16.66,10.14,5200
3529929,2013-06-18,GLDI,16.56,16.56,16.34,16.39,10.06,55400
3529930,2013-06-19,GLDI,16.4,16.47,16.35,16.35,10.03,7800
3529931,2013-06-20,GLDI,15.99,15.99,15.37,15.43,9.46,62600
3529932,2013-06-21,GLDI,15.55,15.61,15.55,15.61,9.57,5100
3529933,2013-06-24,GLDI,15.5,15.54,15.4,15.46,9.49,8800
3529934,2013-06-25,GLDI,15.39,15.4,15.33,15.38,9.44,18000
3529935,2013-06-26,GLDI,14.96,15.04,14.76,14.77,9.06,22400
3529936,2013-06-27,GLDI,14.85,14.92,14.46,14.52,8.91,30800
3529937,2013-06-28,GLDI,14.65,14.82,14.38,14.8,9.08,32700
3529938,2013-07-01,GLDI,15.05,15.12,14.9,15.12,9.28,3400
3529939,2013-07-02,GLDI,15.15,15.15,15.0,15.01,9.2,14400
3529940,2013-07-03,GLDI,15.09,15.18,15.09,15.1,9.26,4900
3529941,2013-07-05,GLDI,14.76,14.76,14.62,14.66,8.99,5200
3529942,2013-07-08,GLDI,14.85,15.09,14.85,14.93,9.16,10100
3529943,2013-07-09,GLDI,15.14,15.19,15.01,15.04,9.23,5500
3529944,2013-07-10,GLDI,15.29,15.29,14.78,15.16,9.3,6200
3529945,2013-07-11,GLDI,15.4,15.43,15.38,15.42,9.46,5500
3529946,2013-07-12,GLDI,15.48,15.48,15.37,15.38,9.43,3200
3529947,2013-07-15,GLDI,15.45,15.45,15.42,15.43,9.47,5000
3529948,2013-07-16,GLDI,15.46,15.5,15.46,15.47,9.49,7300
3529949,2013-07-17,GLDI,15.49,15.54,15.36,15.42,9.46,10200
3529950,2013-07-18,GLDI,15.32,15.34,15.29,15.32,9.5,16700
3529951,2013-07-19,GLDI,15.39,15.4,15.35,15.35,9.52,3700
3529952,2013-07-22,GLDI,15.47,15.54,15.47,15.54,9.64,19600
3529953,2013-07-23,GLDI,15.55,15.56,15.53,15.56,9.65,17900
3529954,2013-07-24,GLDI,15.6,15.6,15.48,15.5,9.62,4200
3529955,2013-07-25,GLDI,15.6,15.6,15.47,15.53,9.63,1300
3529956,2013-07-26,GLDI,15.55,15.55,15.47,15.51,9.62,3000
3529957,2013-07-29,GLDI,15.55,15.55,15.51,15.51,9.62,3000
3529958,2013-07-30,GLDI,15.52,15.54,15.52,15.53,9.63,3100
3529959,2013-07-31,GLDI,15.52,15.52,15.45,15.45,9.58,3600
3529960,2013-08-01,GLDI,15.51,15.51,15.46,15.49,9.61,5100
3529961,2013-08-02,GLDI,15.49,15.53,15.49,15.5,9.62,3600
3529962,2013-08-05,GLDI,15.53,15.53,15.48,15.5,9.62,8000
3529963,2013-08-06,GLDI,15.46,15.46,15.4,15.43,9.57,15900
3529964,2013-08-07,GLDI,15.44,16.44,15.44,15.45,9.58,26300
3529965,2013-08-08,GLDI,15.51,15.63,15.51,15.6,9.68,6600
3529966,2013-08-09,GLDI,15.58,15.65,15.58,15.64,9.7,5800
3529967,2013-08-12,GLDI,15.8,15.8,15.75,15.76,9.78,15800
3529968,2013-08-13,GLDI,15.74,15.74,15.65,15.68,9.73,16600
3529969,2013-08-14,GLDI,15.73,15.85,15.73,15.74,9.76,13300
3529970,2013-08-15,GLDI,15.7,15.92,15.7,15.91,9.87,22400
3529971,2013-08-16,GLDI,16.02,16.02,15.9,15.95,9.89,22300
3529972,2013-08-19,GLDI,16.38,16.38,15.53,15.53,9.85,9300
3529973,2013-08-20,GLDI,15.58,15.61,15.57,15.6,9.89,7200
3529974,2013-08-21,GLDI,15.58,15.62,15.52,15.61,9.9,12100
3529975,2013-08-22,GLDI,15.66,15.66,15.63,15.64,9.92,4900
3529976,2013-08-23,GLDI,15.7,15.73,15.69,15.69,9.95,15300
3529977,2013-08-26,GLDI,15.72,15.73,15.7,15.7,9.96,6100
3529978,2013-08-27,GLDI,15.73,15.78,15.72,15.76,10.0,31300
3529979,2013-08-28,GLDI,15.77,15.77,15.71,15.75,9.99,22700
3529980,2013-08-29,GLDI,15.8,15.8,15.7,15.79,10.01,4200
3529981,2013-08-30,GLDI,15.73,15.73,15.69,15.72,9.97,8900
3529982,2013-09-03,GLDI,15.76,15.8,15.75,15.77,10.0,34500
3529983,2013-09-04,GLDI,15.75,15.75,15.7,15.75,9.99,10100
3529984,2013-09-05,GLDI,15.78,15.78,15.63,15.66,9.93,1200
3529985,2013-09-06,GLDI,15.71,15.76,15.71,15.75,9.99,2500
3529986,2013-09-09,GLDI,15.78,15.79,15.78,15.79,10.01,7100
3529987,2013-09-10,GLDI,15.69,15.72,15.67,15.72,9.97,12300
3529988,2013-09-11,GLDI,15.7,15.73,15.68,15.7,9.96,4300
3529989,2013-09-12,GLDI,15.76,15.76,15.4,15.4,9.77,27100
3529990,2013-09-13,GLDI,15.36,15.49,15.27,15.42,9.78,16200
3529991,2013-09-16,GLDI,15.39,15.89,15.28,15.28,9.69,15500
3529992,2013-09-17,GLDI,15.23,15.35,15.01,15.29,9.7,12200
3529993,2013-09-18,GLDI,14.95,15.62,14.91,15.6,10.03,25100
3529994,2013-09-19,GLDI,15.66,15.72,15.6,15.66,10.07,57200
3529995,2013-09-20,GLDI,15.54,15.54,15.28,15.28,9.82,6600
3529996,2013-09-23,GLDI,15.21,15.28,15.17,15.21,9.78,2100
3529997,2013-09-24,GLDI,15.09,15.23,15.09,15.21,9.78,3900
3529998,2013-09-25,GLDI,15.3,15.38,15.29,15.33,9.86,6900
3529999,2013-09-26,GLDI,15.3,15.3,15.19,15.23,9.79,6400
3530000,2013-09-27,GLDI,15.39,15.41,15.27,15.27,9.82,2300
3530001,2013-09-30,GLDI,15.23,15.35,15.23,15.28,9.82,3200
3530002,2013-10-01,GLDI,14.96,14.96,14.82,14.84,9.54,22700
3530003,2013-10-02,GLDI,14.97,15.19,14.95,15.17,9.75,7500
3530004,2013-10-03,GLDI,15.13,15.21,15.13,15.2,9.77,2100
3530005,2013-10-04,GLDI,15.13,15.13,15.04,15.07,9.69,2100
3530006,2013-10-07,GLDI,15.2,15.26,15.2,15.22,9.79,1900
3530007,2013-10-08,GLDI,15.25,15.27,15.19,15.19,9.77,5200
3530008,2013-10-09,GLDI,15.64,15.64,14.95,15.07,9.69,19800
3530009,2013-10-10,GLDI,15.01,15.01,14.86,14.86,9.55,26400
3530010,2013-10-11,GLDI,14.69,14.69,14.62,14.69,9.45,20300
3530011,2013-10-14,GLDI,14.89,14.89,14.72,14.78,9.5,14100
3530012,2013-10-15,GLDI,14.8,14.85,14.65,14.78,9.5,8800
3530013,2013-10-16,GLDI,14.78,14.84,14.7,14.78,9.5,14500
3530014,2013-10-17,GLDI,14.99,15.23,14.99,15.2,9.77,23200
3530015,2013-10-18,GLDI,15.08,15.1,15.06,15.1,9.76,2700
3530016,2013-10-21,GLDI,15.12,15.12,15.09,15.1,9.76,3500
3530017,2013-10-22,GLDI,15.19,15.34,15.19,15.33,9.91,5700
3530018,2013-10-23,GLDI,15.27,15.3,15.25,15.25,9.86,1900
3530019,2013-10-24,GLDI,15.31,15.42,15.31,15.38,9.94,10500
3530020,2013-10-25,GLDI,15.36,15.44,15.36,15.41,9.96,36800
3530021,2013-10-28,GLDI,15.4,15.46,15.4,15.45,9.99,4000
3530022,2013-10-29,GLDI,15.43,15.43,15.37,15.39,9.95,9700
3530023,2013-10-30,GLDI,15.47,15.47,15.36,15.39,9.95,4600
3530024,2013-10-31,GLDI,15.26,15.29,15.22,15.23,9.85,4800
3530025,2013-11-01,GLDI,15.15,15.16,15.05,15.16,9.8,18400
3530026,2013-11-04,GLDI,15.19,15.21,15.14,15.16,9.8,4700
3530027,2013-11-05,GLDI,15.1,15.12,15.1,15.12,9.78,1400
3530028,2013-11-06,GLDI,15.2,15.2,15.16,15.2,9.83,4900
3530029,2013-11-07,GLDI,15.15,15.15,15.05,15.06,9.74,24100
3530030,2013-11-08,GLDI,15.04,15.04,14.84,14.88,9.62,13200
3530031,2013-11-11,GLDI,14.74,14.85,14.74,14.84,9.59,15100
3530032,2013-11-12,GLDI,14.85,14.85,14.66,14.68,9.49,6000
3530033,2013-11-13,GLDI,14.76,14.79,14.73,14.75,9.54,5000
3530034,2013-11-14,GLDI,14.84,14.94,14.84,14.91,9.64,6200
3530035,2013-11-15,GLDI,14.9,14.93,14.87,14.92,9.65,9200
3530036,2013-11-18,GLDI,14.74,14.74,14.62,14.64,9.55,9700
3530037,2013-11-19,GLDI,14.65,14.66,14.62,14.65,9.55,10100
3530038,2013-11-20,GLDI,14.5,14.55,14.31,14.31,9.33,23700
3530039,2013-11-21,GLDI,14.3,14.34,14.25,14.31,9.33,26100
3530040,2013-11-22,GLDI,14.37,14.37,14.32,14.32,9.34,12800
3530041,2013-11-25,GLDI,14.24,14.41,14.23,14.4,9.39,7200
3530042,2013-11-26,GLDI,14.3,14.35,14.28,14.31,9.33,8000
3530043,2013-11-27,GLDI,14.4,14.4,14.24,14.24,9.29,13400
3530044,2013-11-29,GLDI,14.42,14.42,14.38,14.38,9.38,2600
3530045,2013-12-02,GLDI,14.2,14.21,14.03,14.04,9.16,16200
3530046,2013-12-03,GLDI,14.04,14.1,14.04,14.07,9.17,15700
3530047,2013-12-04,GLDI,14.1,14.38,14.1,14.36,9.36,37200
3530048,2013-12-05,GLDI,14.37,14.37,14.07,14.13,9.21,63200
3530049,2013-12-06,GLDI,14.16,14.23,14.12,14.15,9.23,5200
3530050,2013-12-09,GLDI,14.21,14.3,14.21,14.3,9.32,6700
3530051,2013-12-10,GLDI,14.5,14.57,14.49,14.55,9.49,20900
3530052,2013-12-11,GLDI,14.57,14.57,14.4,14.4,9.39,61100
3530053,2013-12-12,GLDI,14.1,14.17,14.1,14.13,9.21,10700
3530054,2013-12-13,GLDI,14.14,14.26,14.14,14.23,9.28,13800
3530055,2013-12-16,GLDI,14.31,14.36,14.25,14.3,9.32,41700
3530056,2013-12-17,GLDI,14.23,14.23,14.19,14.19,9.25,6000
3530057,2013-12-18,GLDI,14.08,14.16,13.96,13.97,9.19,34600
3530058,2013-12-19,GLDI,13.84,13.84,13.67,13.67,8.99,13500
3530059,2013-12-20,GLDI,13.52,13.88,13.52,13.83,9.09,9600
3530060,2013-12-23,GLDI,13.81,13.85,13.76,13.79,9.07,16800
3530061,2013-12-24,GLDI,13.8,13.85,13.8,13.85,9.11,8100
3530062,2013-12-26,GLDI,13.95,13.99,13.9,13.9,9.14,14400
3530063,2013-12-27,GLDI,14.0,14.0,13.93,13.93,9.16,36200
3530064,2013-12-30,GLDI,13.89,13.89,13.75,13.75,9.04,14000
3530065,2013-12-31,GLDI,13.86,13.97,13.7,13.82,9.09,28300
3530066,2014-01-02,GLDI,14.04,14.1,14.03,14.03,9.22,21800
3530067,2014-01-03,GLDI,14.12,14.23,14.12,14.18,9.32,11500
3530068,2014-01-06,GLDI,14.27,14.29,14.0,14.25,9.37,19600
3530069,2014-01-07,GLDI,14.14,14.15,14.09,14.15,9.3,7500
3530070,2014-01-08,GLDI,14.15,14.15,14.02,14.07,9.25,7800
3530071,2014-01-09,GLDI,14.15,14.15,14.1,14.11,9.28,1500
3530072,2014-01-10,GLDI,14.27,14.33,14.27,14.3,9.4,11400
3530073,2014-01-13,GLDI,14.5,14.5,14.31,14.4,9.47,6800
3530074,2014-01-14,GLDI,14.42,14.42,14.33,14.33,9.42,2100
3530075,2014-01-15,GLDI,14.25,14.3,14.24,14.3,9.4,11300
3530076,2014-01-16,GLDI,14.31,14.32,14.26,14.32,9.42,25100
3530077,2014-01-17,GLDI,14.19,14.3,14.19,14.3,9.49,7500
3530078,2014-01-21,GLDI,14.14,14.2,14.14,14.2,9.43,8200
3530079,2014-01-22,GLDI,14.15,14.18,14.14,14.14,9.39,4900
3530080,2014-01-23,GLDI,14.27,14.38,14.27,14.38,9.55,8800
3530081,2014-01-24,GLDI,14.38,14.4,14.34,14.38,9.55,14700
3530082,2014-01-27,GLDI,14.35,14.35,14.25,14.26,9.47,9200
3530083,2014-01-28,GLDI,14.25,14.28,14.24,14.24,9.45,7800
3530084,2014-01-29,GLDI,14.37,14.4,14.33,14.38,9.55,15000
3530085,2014-01-30,GLDI,14.16,14.2,14.16,14.18,9.41,4900
3530086,2014-01-31,GLDI,14.25,14.25,14.15,14.21,9.43,7300
3530087,2014-02-03,GLDI,14.31,14.36,14.29,14.29,9.49,9000
3530088,2014-02-04,GLDI,14.27,14.29,14.24,14.29,9.49,5000
3530089,2014-02-05,GLDI,14.35,14.35,14.28,14.35,9.53,10800
3530090,2014-02-06,GLDI,14.37,14.37,14.31,14.33,9.51,10700
3530091,2014-02-07,GLDI,14.38,14.45,14.38,14.45,9.59,14300
3530092,2014-02-10,GLDI,14.47,14.53,14.47,14.52,9.64,16600
3530093,2014-02-11,GLDI,14.59,14.63,14.58,14.62,9.7,3400
3530094,2014-02-12,GLDI,14.59,14.65,14.59,14.64,9.72,6100
3530095,2014-02-13,GLDI,14.86,14.86,14.65,14.7,9.76,17900
3530096,2014-02-14,GLDI,14.95,14.95,14.75,14.77,9.8,31300
3530097,2014-02-18,GLDI,14.99,14.99,14.78,14.8,9.82,31600
3530098,2014-02-19,GLDI,14.8,14.8,14.62,14.63,9.78,57900
3530099,2014-02-20,GLDI,14.63,14.71,14.63,14.71,9.84,25200
3530100,2014-02-21,GLDI,14.71,14.73,14.69,14.69,9.82,13500
3530101,2014-02-24,GLDI,14.77,14.79,14.76,14.79,9.89,26100
3530102,2014-02-25,GLDI,14.77,14.81,14.76,14.8,9.9,49500
3530103,2014-02-26,GLDI,14.77,14.77,14.71,14.73,9.85,13800
3530104,2014-02-27,GLDI,14.78,14.78,14.74,14.75,9.86,10500
3530105,2014-02-28,GLDI,14.79,14.79,14.72,14.75,9.86,25300
3530106,2014-03-03,GLDI,14.84,14.84,14.81,14.82,9.91,25500
3530107,2014-03-04,GLDI,14.8,14.82,14.76,14.81,9.9,23500
3530108,2014-03-05,GLDI,14.82,14.83,14.79,14.82,9.91,10400
3530109,2014-03-06,GLDI,14.85,14.87,14.82,14.87,9.94,35300
3530110,2014-03-07,GLDI,14.82,14.85,14.81,14.84,9.92,18600
3530111,2014-03-10,GLDI,14.85,14.87,14.81,14.86,9.94,23100
3530112,2014-03-11,GLDI,14.89,14.95,14.86,14.87,9.94,49300
3530113,2014-03-12,GLDI,14.95,15.05,14.9,14.92,9.98,12400
3530114,2014-03-13,GLDI,15.0,15.0,14.91,14.94,9.99,72000
3530115,2014-03-14,GLDI,15.1,15.1,14.91,14.96,10.0,30300
3530116,2014-03-17,GLDI,15.12,15.12,14.85,14.88,9.95,71900
3530117,2014-03-18,GLDI,15.04,15.04,14.55,14.6,9.9,36300
3530118,2014-03-19,GLDI,14.53,14.53,14.36,14.37,9.74,67000
3530119,2014-03-20,GLDI,14.33,14.41,14.33,14.38,9.75,23800
3530120,2014-03-21,GLDI,14.46,14.48,14.41,14.41,9.77,58800
3530121,2014-03-24,GLDI,14.29,14.41,14.19,14.22,9.64,14700
3530122,2014-03-25,GLDI,14.25,14.27,14.2,14.23,9.65,9800
3530123,2014-03-26,GLDI,14.24,14.24,14.11,14.13,9.58,10500
3530124,2014-03-27,GLDI,14.1,14.13,14.0,14.01,9.5,22000
3530125,2014-03-28,GLDI,14.0,14.06,13.98,14.05,9.52,12000
3530126,2014-03-31,GLDI,14.05,14.07,13.92,13.95,9.46,15900
3530127,2014-04-01,GLDI,13.96,13.97,13.89,13.93,9.44,14800
3530128,2014-04-02,GLDI,14.04,14.05,14.02,14.03,9.51,18400
3530129,2014-04-03,GLDI,13.97,14.0,13.95,13.97,9.47,11500
3530130,2014-04-04,GLDI,14.09,14.18,14.09,14.16,9.6,17900
3530131,2014-04-07,GLDI,14.29,14.29,14.08,14.09,9.55,33100
3530132,2014-04-08,GLDI,14.11,14.23,14.11,14.21,9.63,19000
3530133,2014-04-09,GLDI,14.26,14.26,14.14,14.24,9.65,44000
3530134,2014-04-10,GLDI,14.49,14.49,14.27,14.3,9.69,30100
3530135,2014-04-11,GLDI,14.39,14.41,14.27,14.29,9.69,13700
3530136,2014-04-14,GLDI,14.41,14.41,14.34,14.37,9.74,16100
3530137,2014-04-15,GLDI,14.35,14.4,14.1,14.19,9.62,270900
3530138,2014-04-16,GLDI,14.17,14.21,14.15,14.21,9.63,101300
3530139,2014-04-17,GLDI,14.01,14.02,13.92,13.94,9.57,48200
3530140,2014-04-21,GLDI,13.89,14.02,13.84,13.88,9.53,53900
3530141,2014-04-22,GLDI,13.89,13.92,13.77,13.86,9.51,86400
3530142,2014-04-23,GLDI,13.85,13.87,13.8,13.83,9.49,24600
3530143,2014-04-24,GLDI,13.87,13.95,13.74,13.94,9.57,52100
3530144,2014-04-25,GLDI,14.0,14.21,13.98,14.01,9.62,61800
3530145,2014-04-28,GLDI,14.01,14.01,13.92,13.98,9.6,37100
3530146,2014-04-29,GLDI,13.98,14.0,13.95,13.98,9.6,28900
3530147,2014-04-30,GLDI,13.91,13.98,13.87,13.92,9.55,34000
3530148,2014-05-01,GLDI,13.8,13.87,13.8,13.87,9.52,24000
3530149,2014-05-02,GLDI,13.82,14.03,13.81,14.0,9.61,36900
3530150,2014-05-05,GLDI,14.11,14.14,14.08,14.12,9.69,79700
3530151,2014-05-06,GLDI,14.11,14.11,14.06,14.09,9.67,47500
3530152,2014-05-07,GLDI,14.11,14.11,13.88,13.91,9.55,58100
3530153,2014-05-08,GLDI,14.02,14.02,13.88,13.91,9.55,34200
3530154,2014-05-09,GLDI,13.98,13.98,13.86,13.9,9.54,12900
3530155,2014-05-12,GLDI,13.91,14.02,13.91,13.95,9.58,4500
3530156,2014-05-13,GLDI,13.95,14.0,13.93,13.96,9.58,48000
3530157,2014-05-14,GLDI,14.09,14.09,14.04,14.07,9.66,41300
3530158,2014-05-15,GLDI,13.99,14.03,13.93,13.97,9.59,50400
3530159,2014-05-16,GLDI,13.94,13.96,13.92,13.96,9.58,15600
3530160,2014-05-19,GLDI,14.22,14.22,13.84,14.0,9.67,35500
3530161,2014-05-20,GLDI,13.75,13.9,13.75,13.87,9.58,44600
3530162,2014-05-21,GLDI,13.75,13.85,13.75,13.85,9.57,15900
3530163,2014-05-22,GLDI,13.96,13.96,13.83,13.86,9.58,10000
3530164,2014-05-23,GLDI,13.87,13.92,13.78,13.84,9.56,15600
3530165,2014-05-27,GLDI,13.71,13.71,13.56,13.58,9.38,80500
3530166,2014-05-28,GLDI,13.51,13.55,13.47,13.49,9.32,24800
3530167,2014-05-29,GLDI,13.48,13.54,13.45,13.46,9.3,11500
3530168,2014-05-30,GLDI,13.44,13.46,13.33,13.41,9.27,49800
3530169,2014-06-02,GLDI,13.38,13.41,13.32,13.33,9.21,21900
3530170,2014-06-03,GLDI,13.32,13.39,13.32,13.39,9.25,35700
3530171,2014-06-04,GLDI,13.36,13.38,13.33,13.35,9.23,19800
3530172,2014-06-05,GLDI,13.42,13.46,13.41,13.43,9.28,28200
3530173,2014-06-06,GLDI,13.4,13.46,13.38,13.46,9.3,55900
3530174,2014-06-09,GLDI,13.55,13.55,13.44,13.44,9.29,14000
3530175,2014-06-10,GLDI,13.44,13.75,13.44,13.53,9.35,159200
3530176,2014-06-11,GLDI,13.5,13.55,13.45,13.52,9.34,27000
3530177,2014-06-12,GLDI,13.61,13.66,13.59,13.63,9.42,14000
3530178,2014-06-13,GLDI,13.65,13.68,13.53,13.68,9.45,19200
3530179,2014-06-16,GLDI,13.83,13.83,13.62,13.62,9.41,27600
3530180,2014-06-17,GLDI,13.59,13.63,13.5,13.62,9.41,15100
3530181,2014-06-18,GLDI,13.75,13.75,13.55,13.61,9.44,15800
3530182,2014-06-19,GLDI,13.7,13.84,13.7,13.83,9.59,28700
3530183,2014-06-20,GLDI,13.84,13.85,13.77,13.85,9.61,45900
3530184,2014-06-23,GLDI,13.86,13.87,13.83,13.84,9.6,20500
3530185,2014-06-24,GLDI,13.9,13.9,13.84,13.85,9.61,18700
3530186,2014-06-25,GLDI,13.86,13.87,13.85,13.86,9.61,12800
3530187,2014-06-26,GLDI,13.85,13.87,13.84,13.84,9.6,9600
3530188,2014-06-27,GLDI,13.9,13.9,13.85,13.86,9.61,6200
3530189,2014-06-30,GLDI,13.86,13.9,13.83,13.9,9.64,17500
3530190,2014-07-01,GLDI,13.88,13.9,13.87,13.9,9.64,13500
3530191,2014-07-02,GLDI,13.88,13.92,13.87,13.89,9.63,20600
3530192,2014-07-03,GLDI,13.84,13.9,13.84,13.85,9.61,14700
3530193,2014-07-07,GLDI,13.85,13.91,13.85,13.91,9.65,5400
3530194,2014-07-08,GLDI,13.92,13.92,13.88,13.91,9.65,12200
3530195,2014-07-09,GLDI,14.0,14.02,13.87,13.93,9.66,23800
3530196,2014-07-10,GLDI,13.99,13.99,13.93,13.97,9.69,8900
3530197,2014-07-11,GLDI,13.95,13.97,13.92,13.96,9.68,29000
3530198,2014-07-14,GLDI,13.95,13.95,13.66,13.75,9.54,40300
3530199,2014-07-15,GLDI,13.75,13.8,13.6,13.6,9.43,23500
3530200,2014-07-16,GLDI,13.64,13.71,13.63,13.66,9.47,27600
3530201,2014-07-17,GLDI,13.73,13.86,13.7,13.85,9.61,45600
3530202,2014-07-18,GLDI,13.78,13.78,13.63,13.71,9.56,11600
3530203,2014-07-21,GLDI,13.71,13.74,13.69,13.73,9.57,10400
3530204,2014-07-22,GLDI,13.7,13.7,13.63,13.68,9.54,15500
3530205,2014-07-23,GLDI,13.68,13.7,13.65,13.67,9.53,16200
3530206,2014-07-24,GLDI,13.6,13.6,13.49,13.54,9.44,23800
3530207,2014-07-25,GLDI,13.57,13.66,13.55,13.65,9.52,10200
3530208,2014-07-28,GLDI,13.65,13.67,13.64,13.67,9.53,12800
3530209,2014-07-29,GLDI,13.7,13.7,13.59,13.63,9.5,8500
3530210,2014-07-30,GLDI,13.58,13.6,13.54,13.59,9.47,10100
3530211,2014-07-31,GLDI,13.49,13.5,13.41,13.41,9.35,137000
3530212,2014-08-01,GLDI,13.27,13.54,13.23,13.53,9.43,285900
3530213,2014-08-04,GLDI,13.46,13.53,13.44,13.46,9.38,36300
3530214,2014-08-05,GLDI,13.45,13.5,13.42,13.47,9.39,16600
3530215,2014-08-06,GLDI,13.4,13.66,13.4,13.62,9.5,16500
3530216,2014-08-07,GLDI,13.62,13.71,13.61,13.7,9.55,13600
3530217,2014-08-08,GLDI,13.62,13.69,13.62,13.68,9.54,10400
3530218,2014-08-11,GLDI,13.7,13.7,13.64,13.65,9.52,7100
3530219,2014-08-12,GLDI,13.72,13.75,13.7,13.71,9.56,12100
3530220,2014-08-13,GLDI,13.74,13.74,13.7,13.7,9.55,24000
3530221,2014-08-14,GLDI,13.74,13.74,13.69,13.7,9.55,10500
3530222,2014-08-15,GLDI,13.63,13.7,13.6,13.69,9.54,5800
3530223,2014-08-18,GLDI,13.68,13.68,13.5,13.55,9.5,26700
3530224,2014-08-19,GLDI,13.6,13.6,13.51,13.52,9.48,5400
3530225,2014-08-20,GLDI,13.58,13.58,13.49,13.5,9.46,29800
3530226,2014-08-21,GLDI,13.39,13.4,13.37,13.4,9.39,22700
3530227,2014-08-22,GLDI,13.42,13.43,13.37,13.4,9.39,21900
3530228,2014-08-25,GLDI,13.4,13.4,13.38,13.39,9.39,15600
3530229,2014-08-26,GLDI,13.48,13.48,13.42,13.45,9.43,16500
3530230,2014-08-27,GLDI,13.43,13.44,13.41,13.43,9.42,14700
3530231,2014-08-28,GLDI,13.51,13.54,13.49,13.53,9.49,5600
3530232,2014-08-29,GLDI,13.51,13.54,13.5,13.52,9.48,35900
3530233,2014-09-02,GLDI,13.46,13.46,13.3,13.32,9.34,34200
3530234,2014-09-03,GLDI,13.31,13.34,13.3,13.34,9.35,8000
3530235,2014-09-04,GLDI,13.36,13.38,13.26,13.26,9.3,18900
3530236,2014-09-05,GLDI,13.3,13.32,13.3,13.31,9.33,11800
3530237,2014-09-08,GLDI,13.25,13.25,13.18,13.2,9.25,16700
3530238,2014-09-09,GLDI,13.18,13.2,13.12,13.18,9.24,35300
3530239,2014-09-10,GLDI,13.17,13.18,13.09,13.14,9.21,32700
3530240,2014-09-11,GLDI,13.14,13.14,12.98,13.03,9.14,73000
3530241,2014-09-12,GLDI,12.99,12.99,12.9,12.91,9.05,16900
3530242,2014-09-15,GLDI,12.96,13.0,12.95,12.95,9.08,5700
3530243,2014-09-16,GLDI,13.01,13.01,12.95,12.95,9.08,13700
3530244,2014-09-17,GLDI,13.02,13.02,12.89,12.89,9.04,19200
3530245,2014-09-18,GLDI,12.71,12.89,12.45,12.73,9.02,57800
3530246,2014-09-19,GLDI,12.75,12.8,12.62,12.68,8.99,24700
3530247,2014-09-22,GLDI,12.6,12.67,12.6,12.63,8.95,11700
3530248,2014-09-23,GLDI,12.77,12.78,12.67,12.74,9.03,104700
3530249,2014-09-24,GLDI,12.7,12.71,12.66,12.68,8.99,22000
3530250,2014-09-25,GLDI,12.58,12.77,12.53,12.74,9.03,20400
3530251,2014-09-26,GLDI,12.75,12.75,12.61,12.65,8.97,21600
3530252,2014-09-29,GLDI,12.7,12.72,12.67,12.67,8.98,5600
3530253,2014-09-30,GLDI,12.65,12.66,12.54,12.59,8.92,64900
3530254,2014-10-01,GLDI,12.59,12.67,12.59,12.63,8.95,4400
3530255,2014-10-02,GLDI,12.63,12.66,12.6,12.61,8.94,5800
3530256,2014-10-03,GLDI,12.55,12.6,12.4,12.4,8.79,32000
3530257,2014-10-06,GLDI,12.4,12.59,12.4,12.59,8.92,10900
3530258,2014-10-07,GLDI,12.54,12.62,12.54,12.61,8.94,10100
3530259,2014-10-08,GLDI,12.61,12.75,12.53,12.74,9.03,58000
3530260,2014-10-09,GLDI,12.76,12.79,12.68,12.76,9.04,8000
3530261,2014-10-10,GLDI,12.66,12.73,12.66,12.68,8.99,11400
3530262,2014-10-13,GLDI,12.78,12.8,12.76,12.8,9.07,9300
3530263,2014-10-14,GLDI,12.83,12.83,12.76,12.82,9.09,5700
3530264,2014-10-15,GLDI,12.85,12.85,12.77,12.81,9.08,22400
3530265,2014-10-16,GLDI,12.6,12.87,12.6,12.81,9.08,24000
3530266,2014-10-17,GLDI,12.91,12.91,12.73,12.84,9.1,15200
3530267,2014-10-20,GLDI,12.85,12.86,12.77,12.82,9.12,9100
3530268,2014-10-21,GLDI,12.82,12.9,12.82,12.87,9.16,2900
3530269,2014-10-22,GLDI,12.8,12.86,12.79,12.83,9.13,17100
3530270,2014-10-23,GLDI,12.81,12.82,12.74,12.82,9.12,34400
3530271,2014-10-24,GLDI,12.82,12.82,12.76,12.8,9.11,7000
3530272,2014-10-27,GLDI,12.8,12.8,12.76,12.78,9.09,3000
3530273,2014-10-28,GLDI,12.78,12.81,12.76,12.77,9.08,7800
3530274,2014-10-29,GLDI,12.76,12.76,12.66,12.74,9.06,53400
3530275,2014-10-30,GLDI,12.65,12.67,12.53,12.54,8.92,33400
3530276,2014-10-31,GLDI,12.29,12.3,12.12,12.3,8.75,55000
3530277,2014-11-03,GLDI,12.21,12.3,12.2,12.22,8.69,9800
3530278,2014-11-04,GLDI,12.1,12.28,12.1,12.23,8.7,4300
3530279,2014-11-05,GLDI,12.07,12.1,12.0,12.01,8.54,19900
3530280,2014-11-06,GLDI,12.0,12.03,11.9,12.0,8.54,12900
3530281,2014-11-07,GLDI,12.01,12.3,12.01,12.3,8.75,6700
3530282,2014-11-10,GLDI,12.31,12.31,12.01,12.04,8.57,29300
3530283,2014-11-11,GLDI,12.04,12.23,12.04,12.21,8.69,4000
3530284,2014-11-12,GLDI,12.15,12.25,12.13,12.17,8.66,18600
3530285,2014-11-13,GLDI,12.16,12.22,12.16,12.2,8.68,900
3530286,2014-11-14,GLDI,12.15,12.4,12.15,12.39,8.81,4400
3530287,2014-11-17,GLDI,12.46,12.46,12.31,12.37,8.8,13200
3530288,2014-11-18,GLDI,12.37,12.37,12.22,12.31,8.76,12100
3530289,2014-11-19,GLDI,12.3,12.3,12.17,12.24,8.71,20200
3530290,2014-11-20,GLDI,12.34,12.39,12.25,12.29,8.74,59800
3530291,2014-11-21,GLDI,12.38,12.38,12.31,12.36,8.79,10400
3530292,2014-11-24,GLDI,12.28,12.32,12.26,12.31,8.76,27900
3530293,2014-11-25,GLDI,12.32,12.37,12.32,12.34,8.78,18700
3530294,2014-11-26,GLDI,12.37,12.37,12.35,12.35,8.79,13000
3530295,2014-11-28,GLDI,12.36,12.36,12.15,12.15,8.64,4700
3530296,2014-12-01,GLDI,12.22,12.44,12.22,12.4,8.82,24600
3530297,2014-12-02,GLDI,12.34,12.37,12.31,12.37,8.8,2900
3530298,2014-12-03,GLDI,12.4,12.43,12.38,12.41,8.83,17200
3530299,2014-12-04,GLDI,12.32,12.43,12.32,12.4,8.82,32800
3530300,2014-12-05,GLDI,12.41,12.41,12.33,12.33,8.77,21100
3530301,2014-12-08,GLDI,12.32,12.45,12.32,12.42,8.84,18600
3530302,2014-12-09,GLDI,12.45,12.5,12.44,12.45,8.86,16600
3530303,2014-12-10,GLDI,12.49,12.49,12.46,12.46,8.86,20600
3530304,2014-12-11,GLDI,12.4,12.48,12.4,12.48,8.88,1600
3530305,2014-12-12,GLDI,12.53,12.53,12.42,12.48,8.87,14900
3530306,2014-12-15,GLDI,12.51,12.51,12.25,12.25,8.72,34800
3530307,2014-12-16,GLDI,12.3,12.4,12.21,12.25,8.71,21700
3530308,2014-12-17,GLDI,12.29,12.29,12.19,12.19,8.67,14000
3530309,2014-12-18,GLDI,12.17,12.17,12.04,12.15,8.81,13300
3530310,2014-12-19,GLDI,12.09,12.09,12.04,12.06,8.75,8000
3530311,2014-12-22,GLDI,12.04,12.08,11.86,11.87,8.61,17100
3530312,2014-12-23,GLDI,11.83,11.95,11.83,11.87,8.61,9500
3530313,2014-12-24,GLDI,11.9,11.9,11.86,11.88,8.62,3300
3530314,2014-12-26,GLDI,12.0,12.09,12.0,12.07,8.75,16600
3530315,2014-12-29,GLDI,12.0,12.06,11.88,12.0,8.7,25400
3530316,2014-12-30,GLDI,12.09,12.2,12.09,12.13,8.8,30000
3530317,2014-12-31,GLDI,12.17,12.17,11.93,11.97,8.68,17000
3530318,2015-01-02,GLDI,11.92,12.06,11.85,12.03,8.72,16200
3530319,2015-01-05,GLDI,12.0,12.21,12.0,12.2,8.85,8200
3530320,2015-01-06,GLDI,12.22,12.34,12.2,12.34,8.95,21400
3530321,2015-01-07,GLDI,12.4,12.4,12.25,12.3,8.92,12100
3530322,2015-01-08,GLDI,12.23,12.3,12.21,12.21,8.85,24600
3530323,2015-01-09,GLDI,12.2,12.35,12.2,12.31,8.93,6700
3530324,2015-01-12,GLDI,12.42,12.42,12.35,12.38,8.98,51500
3530325,2015-01-13,GLDI,12.43,12.45,12.36,12.36,8.96,9900
3530326,2015-01-14,GLDI,12.53,12.53,12.36,12.4,8.99,16300
3530327,2015-01-15,GLDI,12.55,12.59,12.47,12.53,9.09,87400
3530328,2015-01-16,GLDI,12.57,12.57,12.4,12.43,9.12,27400
3530329,2015-01-20,GLDI,12.55,12.55,12.45,12.49,9.16,18800
3530330,2015-01-21,GLDI,12.57,12.57,12.46,12.47,9.15,31400
3530331,2015-01-22,GLDI,12.58,12.58,12.5,12.52,9.19,36500
3530332,2015-01-23,GLDI,12.58,12.59,12.5,12.51,9.18,11100
3530333,2015-01-26,GLDI,12.5,12.52,12.45,12.47,9.15,29800
3530334,2015-01-27,GLDI,12.53,12.58,12.52,12.55,9.21,9700
3530335,2015-01-28,GLDI,12.6,12.6,12.5,12.53,9.2,14200
3530336,2015-01-29,GLDI,12.5,12.51,12.41,12.45,9.13,16000
3530337,2015-01-30,GLDI,12.44,12.56,12.44,12.51,9.18,14400
3530338,2015-02-02,GLDI,12.5,12.55,12.46,12.52,9.19,4600
3530339,2015-02-03,GLDI,12.51,12.51,12.42,12.49,9.16,9400
3530340,2015-02-04,GLDI,12.47,12.51,12.46,12.5,9.17,3400
3530341,2015-02-05,GLDI,12.47,12.52,12.47,12.52,9.19,7900
3530342,2015-02-06,GLDI,12.33,12.39,12.33,12.35,9.06,27200
3530343,2015-02-09,GLDI,12.54,12.54,12.38,12.43,9.12,8400
3530344,2015-02-10,GLDI,12.39,12.41,12.37,12.39,9.09,9100
3530345,2015-02-11,GLDI,12.49,12.49,12.26,12.3,9.02,14400
3530346,2015-02-12,GLDI,12.32,12.35,12.3,12.33,9.05,13900
3530347,2015-02-13,GLDI,12.4,12.41,12.37,12.39,9.09,12400
3530348,2015-02-17,GLDI,12.27,12.28,12.13,12.27,9.0,28200
3530349,2015-02-18,GLDI,12.25,12.25,11.95,12.09,8.87,65200
3530350,2015-02-19,GLDI,12.14,12.14,12.02,12.04,8.83,24800
3530351,2015-02-20,GLDI,12.12,12.12,11.95,12.0,8.8,25100
3530352,2015-02-23,GLDI,12.08,12.08,11.96,12.0,8.8,16300
3530353,2015-02-24,GLDI,11.9,12.04,11.9,11.99,8.8,55900
3530354,2015-02-25,GLDI,12.07,12.07,12.0,12.04,8.83,9900
3530355,2015-02-26,GLDI,12.19,12.19,12.04,12.07,8.85,14400
3530356,2015-02-27,GLDI,12.17,12.18,12.1,12.1,8.88,20000
3530357,2015-03-02,GLDI,12.12,12.12,12.04,12.04,8.83,15300
3530358,2015-03-03,GLDI,12.01,12.1,12.01,12.02,8.82,24000
3530359,2015-03-04,GLDI,12.0,12.02,11.96,11.96,8.77,14400
3530360,2015-03-05,GLDI,11.96,12.05,11.96,11.98,8.79,24800
3530361,2015-03-06,GLDI,11.96,11.96,11.62,11.67,8.56,47800
3530362,2015-03-09,GLDI,11.67,11.72,11.63,11.65,8.55,35400
3530363,2015-03-10,GLDI,11.73,11.73,11.58,11.6,8.51,9400
3530364,2015-03-11,GLDI,11.58,11.59,11.47,11.52,8.45,21100
3530365,2015-03-12,GLDI,11.52,11.55,11.5,11.51,8.44,19100
3530366,2015-03-13,GLDI,11.54,11.57,11.52,11.56,8.48,13100
3530367,2015-03-16,GLDI,11.54,11.57,11.48,11.55,8.47,23700
3530368,2015-03-17,GLDI,11.48,11.94,11.46,11.47,8.41,108000
3530369,2015-03-18,GLDI,11.46,11.63,11.38,11.58,8.56,12600
3530370,2015-03-19,GLDI,11.63,11.68,11.56,11.63,8.59,18600
3530371,2015-03-20,GLDI,11.73,11.73,11.66,11.72,8.66,17200
3530372,2015-03-23,GLDI,11.86,11.86,11.73,11.78,8.7,18000
3530373,2015-03-24,GLDI,11.84,11.84,11.76,11.82,8.73,6400
3530374,2015-03-25,GLDI,11.83,11.85,11.83,11.84,8.75,17900
3530375,2015-03-26,GLDI,11.85,11.91,11.85,11.88,8.78,6900
3530376,2015-03-27,GLDI,11.85,11.88,11.84,11.85,8.75,10000
3530377,2015-03-30,GLDI,11.8,11.8,11.73,11.77,8.7,9200
3530378,2015-03-31,GLDI,11.71,11.77,11.71,11.75,8.68,8800
3530379,2015-04-01,GLDI,11.8,11.91,11.8,11.9,8.79,8800
3530380,2015-04-02,GLDI,11.9,11.9,11.82,11.89,8.78,14100
3530381,2015-04-06,GLDI,11.98,11.99,11.94,11.99,8.86,11100
3530382,2015-04-07,GLDI,12.0,12.0,11.95,11.96,8.84,4900
3530383,2015-04-08,GLDI,12.06,12.06,11.91,11.91,8.8,19200
3530384,2015-04-09,GLDI,11.86,11.92,11.85,11.86,8.76,17100
3530385,2015-04-10,GLDI,11.94,11.98,11.93,11.98,8.85,8500
3530386,2015-04-13,GLDI,11.86,11.91,11.86,11.9,8.79,14800
3530387,2015-04-14,GLDI,11.83,11.88,11.83,11.85,8.75,12300
3530388,2015-04-15,GLDI,11.9,11.96,11.86,11.94,8.82,25300
3530389,2015-04-16,GLDI,11.93,11.93,11.84,11.9,8.79,16300
3530390,2015-04-17,GLDI,11.93,11.94,11.9,11.94,8.82,11300
3530391,2015-04-20,GLDI,12.04,12.04,11.75,11.79,8.75,32700
3530392,2015-04-21,GLDI,11.86,11.89,11.83,11.85,8.8,10100
3530393,2015-04-22,GLDI,11.83,11.83,11.71,11.72,8.71,26400
3530394,2015-04-23,GLDI,11.74,11.83,11.74,11.83,8.79,4200
3530395,2015-04-24,GLDI,11.7,11.7,11.61,11.63,8.64,25900
3530396,2015-04-27,GLDI,11.77,11.89,11.6,11.88,8.82,40100
3530397,2015-04-28,GLDI,11.89,12.0,11.89,11.94,8.87,7500
3530398,2015-04-29,GLDI,12.0,12.0,11.88,11.91,8.85,6900
3530399,2015-04-30,GLDI,11.8,11.8,11.65,11.7,8.69,12500
3530400,2015-05-01,GLDI,11.65,11.65,11.57,11.63,8.64,209600
3530401,2015-05-04,GLDI,11.63,11.78,11.63,11.76,8.73,16500
3530402,2015-05-05,GLDI,11.81,11.82,11.76,11.8,8.76,10000
3530403,2015-05-06,GLDI,11.98,11.98,11.74,11.79,8.76,31900
3530404,2015-05-07,GLDI,11.88,11.88,11.68,11.71,8.7,7700
3530405,2015-05-08,GLDI,11.75,11.76,11.72,11.76,8.73,5400
3530406,2015-05-11,GLDI,11.76,11.78,11.67,11.74,8.72,12100
3530407,2015-05-12,GLDI,11.84,11.84,11.75,11.81,8.77,15900
3530408,2015-05-13,GLDI,11.94,11.94,11.86,11.86,8.81,225300
3530409,2015-05-14,GLDI,11.98,11.99,11.94,11.94,8.87,18500
3530410,2015-05-15,GLDI,11.97,11.98,11.95,11.97,8.89,11900
3530411,2015-05-18,GLDI,11.96,11.98,11.94,11.97,8.92,18700
3530412,2015-05-19,GLDI,11.95,11.95,11.83,11.87,8.84,7800
3530413,2015-05-20,GLDI,11.86,11.9,11.84,11.86,8.83,9400
3530414,2015-05-21,GLDI,11.84,11.89,11.84,11.88,8.85,8500
3530415,2015-05-22,GLDI,11.8,11.88,11.8,11.88,8.85,11200
3530416,2015-05-26,GLDI,11.86,11.86,11.72,11.74,8.74,10700
3530417,2015-05-27,GLDI,11.7,11.75,11.7,11.74,8.75,19900
3530418,2015-05-28,GLDI,11.7,11.75,11.7,11.73,8.74,5900
3530419,2015-05-29,GLDI,11.73,11.78,11.73,11.77,8.77,11300
3530420,2015-06-01,GLDI,11.81,11.87,11.73,11.76,8.76,5300
3530421,2015-06-02,GLDI,11.78,11.8,11.76,11.8,8.79,11700
3530422,2015-06-03,GLDI,11.78,11.78,11.67,11.73,8.74,20600
3530423,2015-06-04,GLDI,11.66,11.76,11.62,11.69,8.71,119700
3530424,2015-06-05,GLDI,11.55,11.62,11.55,11.62,8.65,6300
3530425,2015-06-08,GLDI,11.6,11.66,11.6,11.63,8.66,8700
3530426,2015-06-09,GLDI,11.7,11.7,11.68,11.68,8.7,17900
3530427,2015-06-10,GLDI,11.8,11.8,11.72,11.73,8.74,21100
3530428,2015-06-11,GLDI,11.67,11.74,11.67,11.74,8.74,39800
3530429,2015-06-12,GLDI,11.69,11.72,11.69,11.69,8.71,2300
3530430,2015-06-15,GLDI,11.76,11.76,11.73,11.75,8.75,1400
3530431,2015-06-16,GLDI,11.72,11.73,11.69,11.69,8.71,9500
3530432,2015-06-17,GLDI,11.7,11.73,11.65,11.73,8.73,2900
3530433,2015-06-18,GLDI,11.77,11.79,11.73,11.79,8.85,26300
3530434,2015-06-19,GLDI,11.84,11.84,11.76,11.77,8.83,12000
3530435,2015-06-22,GLDI,11.77,11.77,11.65,11.65,8.74,18500
3530436,2015-06-23,GLDI,11.58,11.64,11.58,11.6,8.7,36800
3530437,2015-06-24,GLDI,11.58,11.61,11.56,11.61,8.71,7400
3530438,2015-06-25,GLDI,11.63,11.63,11.53,11.59,8.7,28500
3530439,2015-06-26,GLDI,11.54,11.61,11.54,11.6,8.71,261200
3530440,2015-06-29,GLDI,11.63,11.63,11.6,11.62,8.72,3000
3530441,2015-06-30,GLDI,11.62,11.62,11.55,11.55,8.67,13000
3530442,2015-07-01,GLDI,11.52,11.57,11.48,11.55,8.67,7300
3530443,2015-07-02,GLDI,11.47,11.51,11.47,11.49,8.62,9000
3530444,2015-07-06,GLDI,11.47,11.56,11.47,11.52,8.64,11100
3530445,2015-07-07,GLDI,11.5,11.5,11.37,11.41,8.56,24400
3530446,2015-07-08,GLDI,11.45,11.49,11.41,11.42,8.57,7000
3530447,2015-07-09,GLDI,11.5,11.5,11.46,11.48,8.62,1800
3530448,2015-07-10,GLDI,11.5,11.5,11.43,11.47,8.61,5900
3530449,2015-07-13,GLDI,11.52,11.52,11.37,11.43,8.58,57800
3530450,2015-07-14,GLDI,11.43,11.44,11.37,11.4,8.56,4000
3530451,2015-07-15,GLDI,11.41,11.41,11.31,11.33,8.5,12500
3530452,2015-07-16,GLDI,11.33,11.33,11.31,11.33,8.5,4700
3530453,2015-07-17,GLDI,11.31,11.31,11.19,11.23,8.43,18800
3530454,2015-07-20,GLDI,11.0,11.0,10.83,10.84,8.19,70600
3530455,2015-07-21,GLDI,10.96,10.96,10.79,10.8,8.16,15100
3530456,2015-07-22,GLDI,10.68,10.78,10.68,10.74,8.11,17700
3530457,2015-07-23,GLDI,10.75,10.77,10.67,10.68,8.07,11900
3530458,2015-07-24,GLDI,10.57,10.75,10.55,10.75,8.12,14300
3530459,2015-07-27,GLDI,10.76,10.83,10.72,10.73,8.11,8900
3530460,2015-07-28,GLDI,10.77,10.78,10.73,10.77,8.14,36000
3530461,2015-07-29,GLDI,10.8,10.8,10.73,10.77,8.14,11100
3530462,2015-07-30,GLDI,10.74,10.77,10.68,10.68,8.07,14700
3530463,2015-07-31,GLDI,10.74,10.8,10.74,10.8,8.16,7500
3530464,2015-08-03,GLDI,10.78,10.78,10.65,10.71,8.09,16900
3530465,2015-08-04,GLDI,10.71,10.73,10.66,10.67,8.06,9100
3530466,2015-08-05,GLDI,10.67,10.67,10.64,10.65,8.05,2900
3530467,2015-08-06,GLDI,10.7,10.75,10.69,10.73,8.11,8400
3530468,2015-08-07,GLDI,10.75,10.8,10.74,10.76,8.13,8500
3530469,2015-08-10,GLDI,10.8,10.89,10.79,10.83,8.18,15800
3530470,2015-08-11,GLDI,10.85,10.94,10.85,10.88,8.22,9200
3530471,2015-08-12,GLDI,10.99,11.05,10.99,11.01,8.32,3200
3530472,2015-08-13,GLDI,11.0,11.0,10.94,10.94,8.27,3000
3530473,2015-08-14,GLDI,10.95,10.96,10.94,10.94,8.27,1700
3530474,2015-08-17,GLDI,10.95,11.07,10.95,10.96,8.28,1600
3530475,2015-08-18,GLDI,10.8,10.96,10.8,10.93,8.29,2200
3530476,2015-08-19,GLDI,11.02,11.09,10.95,11.04,8.38,85800
3530477,2015-08-20,GLDI,11.06,11.12,11.05,11.07,8.4,113300
3530478,2015-08-21,GLDI,11.02,11.13,11.02,11.12,8.44,29800
3530479,2015-08-24,GLDI,11.16,11.17,10.81,11.04,8.38,44800
3530480,2015-08-25,GLDI,11.01,11.05,10.98,11.01,8.35,16900
3530481,2015-08-26,GLDI,11.04,11.04,10.9,10.93,8.29,20900
3530482,2015-08-27,GLDI,10.95,10.99,10.94,10.97,8.32,11600
3530483,2015-08-28,GLDI,10.94,11.05,10.94,11.01,8.35,3600
3530484,2015-08-31,GLDI,10.98,11.06,10.98,11.05,8.38,10800
3530485,2015-09-01,GLDI,11.0,11.09,11.0,11.04,8.38,3600
3530486,2015-09-02,GLDI,11.02,11.08,11.02,11.05,8.39,5000
3530487,2015-09-03,GLDI,11.06,11.06,10.97,11.01,8.35,7200
3530488,2015-09-04,GLDI,10.96,11.02,10.95,10.96,8.32,47100
3530489,2015-09-08,GLDI,11.0,11.05,11.0,11.0,8.35,14100
3530490,2015-09-09,GLDI,10.96,10.96,10.87,10.89,8.26,2200
3530491,2015-09-10,GLDI,10.94,10.97,10.89,10.9,8.27,18600
3530492,2015-09-11,GLDI,10.85,10.91,10.85,10.91,8.28,3000
3530493,2015-09-14,GLDI,10.83,10.94,10.83,10.92,8.29,16200
3530494,2015-09-15,GLDI,10.9,10.91,10.87,10.9,8.27,12700
3530495,2015-09-16,GLDI,10.95,11.06,10.95,10.99,8.34,26200
3530496,2015-09-17,GLDI,11.01,11.13,10.97,11.11,8.43,10100
3530497,2015-09-18,GLDI,11.11,11.12,11.0,11.05,8.46,19800
3530498,2015-09-21,GLDI,10.95,11.05,10.95,11.04,8.45,13400
3530499,2015-09-22,GLDI,10.87,10.99,10.87,10.93,8.37,5500
3530500,2015-09-23,GLDI,11.01,11.03,11.0,11.02,8.44,53300
3530501,2015-09-24,GLDI,11.05,11.13,11.05,11.12,8.52,12200
3530502,2015-09-25,GLDI,11.18,11.18,11.14,11.14,8.53,900
3530503,2015-09-28,GLDI,11.05,11.06,11.01,11.04,8.45,15800
3530504,2015-09-29,GLDI,11.0,11.05,10.98,11.0,8.42,7200
3530505,2015-09-30,GLDI,10.86,10.95,10.86,10.91,8.36,5500
3530506,2015-10-01,GLDI,10.9,10.9,10.87,10.9,8.35,1900
3530507,2015-10-02,GLDI,10.98,11.16,10.98,11.14,8.53,27600
3530508,2015-10-05,GLDI,11.07,11.11,11.06,11.07,8.48,8100
3530509,2015-10-06,GLDI,11.08,11.19,11.08,11.18,8.56,16800
3530510,2015-10-07,GLDI,11.15,11.19,11.15,11.19,8.57,4200
3530511,2015-10-08,GLDI,11.15,11.15,11.12,11.15,8.54,3000
3530512,2015-10-09,GLDI,11.19,11.27,11.19,11.26,8.62,4200
3530513,2015-10-12,GLDI,11.25,11.25,11.24,11.25,8.62,700
3530514,2015-10-13,GLDI,11.25,11.32,11.25,11.31,8.66,3700
3530515,2015-10-14,GLDI,11.48,11.48,11.32,11.42,8.75,9500
3530516,2015-10-15,GLDI,11.41,11.42,11.35,11.38,8.72,26100
3530517,2015-10-16,GLDI,11.38,11.41,11.38,11.39,8.72,6300
3530518,2015-10-19,GLDI,11.37,11.37,11.28,11.3,8.7,12100
3530519,2015-10-20,GLDI,11.3,11.3,11.29,11.29,8.69,2500
3530520,2015-10-21,GLDI,11.23,11.27,11.23,11.27,8.68,3500
3530521,2015-10-22,GLDI,11.27,11.29,11.26,11.29,8.69,1800
3530522,2015-10-23,GLDI,11.27,11.27,11.22,11.25,8.66,2900
3530523,2015-10-26,GLDI,11.35,11.35,11.25,11.25,8.66,4000
3530524,2015-10-27,GLDI,11.32,11.32,11.29,11.31,8.71,23200
3530525,2015-10-28,GLDI,11.37,11.38,11.2,11.2,8.62,20800
3530526,2015-10-29,GLDI,11.2,11.2,11.13,11.19,8.62,28200
3530527,2015-10-30,GLDI,11.06,11.17,11.06,11.11,8.55,32100
3530528,2015-11-02,GLDI,11.1,11.15,11.08,11.14,8.57,111700
3530529,2015-11-03,GLDI,11.08,11.08,10.87,11.01,8.48,34800
3530530,2015-11-04,GLDI,10.98,10.98,10.83,10.86,8.36,10500
3530531,2015-11-05,GLDI,10.91,10.92,10.8,10.81,8.32,18000
3530532,2015-11-06,GLDI,10.74,10.74,10.65,10.67,8.21,14800
3530533,2015-11-09,GLDI,10.62,10.78,10.62,10.65,8.2,2200
3530534,2015-11-10,GLDI,10.62,10.73,10.62,10.72,8.25,15500
3530535,2015-11-11,GLDI,10.72,10.73,10.61,10.71,8.25,6600
3530536,2015-11-12,GLDI,10.6,10.64,10.56,10.6,8.16,17000
3530537,2015-11-13,GLDI,10.64,10.64,10.57,10.57,8.14,5300
3530538,2015-11-16,GLDI,10.57,10.81,10.57,10.6,8.16,22800
3530539,2015-11-17,GLDI,10.63,10.63,10.48,10.52,8.1,8200
3530540,2015-11-18,GLDI,10.43,10.45,10.33,10.42,8.12,7200
3530541,2015-11-19,GLDI,10.45,10.52,10.45,10.47,8.16,36900
3530542,2015-11-20,GLDI,10.52,10.52,10.39,10.45,8.14,26500
3530543,2015-11-23,GLDI,10.41,10.43,10.34,10.39,8.09,16900
3530544,2015-11-24,GLDI,10.5,10.5,10.4,10.44,8.13,17300
3530545,2015-11-25,GLDI,10.45,10.45,10.37,10.39,8.1,9200
3530546,2015-11-27,GLDI,10.3,10.34,10.24,10.26,7.99,14200
3530547,2015-11-30,GLDI,10.3,10.37,10.28,10.34,8.06,17400
3530548,2015-12-01,GLDI,10.43,10.43,10.34,10.39,8.1,11200
3530549,2015-12-02,GLDI,10.3,10.32,10.2,10.23,7.97,16200
3530550,2015-12-03,GLDI,10.24,10.36,10.24,10.32,8.04,54100
3530551,2015-12-04,GLDI,10.47,10.59,10.47,10.55,8.22,44600
3530552,2015-12-07,GLDI,10.55,10.59,10.4,10.45,8.14,19900
3530553,2015-12-08,GLDI,10.46,10.46,10.38,10.4,8.1,13300
3530554,2015-12-09,GLDI,10.49,10.5,10.38,10.43,8.13,12400
3530555,2015-12-10,GLDI,10.41,10.48,10.38,10.38,8.09,4700
3530556,2015-12-11,GLDI,10.37,10.51,10.3,10.39,8.1,40200
3530557,2015-12-14,GLDI,10.4,10.41,10.31,10.37,8.08,8500
3530558,2015-12-15,GLDI,10.32,10.39,10.3,10.31,8.03,12300
3530559,2015-12-16,GLDI,10.37,10.51,10.34,10.41,8.11,114000
3530560,2015-12-17,GLDI,10.35,10.35,10.2,10.23,7.97,57800
3530561,2015-12-18,GLDI,10.3,10.36,10.27,10.35,8.11,37300
3530562,2015-12-21,GLDI,10.35,10.48,10.35,10.44,8.18,5200
3530563,2015-12-22,GLDI,10.36,10.41,10.35,10.38,8.13,14700
3530564,2015-12-23,GLDI,10.43,10.43,10.31,10.34,8.1,9400
3530565,2015-12-24,GLDI,10.36,10.41,10.36,10.41,8.16,2600
3530566,2015-12-28,GLDI,10.32,10.39,10.32,10.34,8.1,14100
3530567,2015-12-29,GLDI,10.34,10.39,10.34,10.37,8.13,39900
3530568,2015-12-30,GLDI,10.32,10.34,10.29,10.29,8.06,13300
3530569,2015-12-31,GLDI,10.25,10.31,10.25,10.26,8.04,32700
3530570,2016-01-04,GLDI,10.41,10.49,10.4,10.4,8.15,13600
3530571,2016-01-05,GLDI,10.41,10.49,10.41,10.47,8.2,7000
3530572,2016-01-06,GLDI,10.49,10.61,10.49,10.57,8.28,25700
3530573,2016-01-07,GLDI,10.61,10.74,10.61,10.68,8.37,112900
3530574,2016-01-08,GLDI,10.63,10.65,10.61,10.65,8.35,14200
3530575,2016-01-11,GLDI,10.65,10.65,10.54,10.6,8.31,7600
3530576,2016-01-12,GLDI,10.6,10.6,10.52,10.53,8.25,7800
3530577,2016-01-13,GLDI,10.62,10.63,10.54,10.56,8.28,6900
3530578,2016-01-14,GLDI,10.57,10.59,10.41,10.47,8.21,19700
3530579,2016-01-15,GLDI,10.46,10.52,10.45,10.48,8.27,37900
3530580,2016-01-19,GLDI,10.45,10.5,10.45,10.48,8.27,30300
3530581,2016-01-20,GLDI,10.62,10.62,10.55,10.58,8.35,13700
3530582,2016-01-21,GLDI,10.52,10.59,10.48,10.58,8.35,20300
3530583,2016-01-22,GLDI,10.57,10.57,10.56,10.56,8.33,4400
3530584,2016-01-25,GLDI,10.65,10.65,10.6,10.64,8.4,15500
3530585,2016-01-26,GLDI,10.72,10.72,10.64,10.71,8.45,14700
3530586,2016-01-27,GLDI,10.68,10.7,10.63,10.7,8.45,8100
3530587,2016-01-28,GLDI,10.65,10.69,10.63,10.69,8.44,30400
3530588,2016-01-29,GLDI,10.64,10.73,10.64,10.7,8.45,22100
3530589,2016-02-01,GLDI,10.7,10.76,10.7,10.74,8.48,20700
3530590,2016-02-02,GLDI,10.75,10.76,10.69,10.73,8.47,11500
3530591,2016-02-03,GLDI,10.75,10.79,10.74,10.74,8.48,8700
3530592,2016-02-04,GLDI,10.78,10.84,10.75,10.84,8.56,41300
3530593,2016-02-05,GLDI,11.05,11.05,10.75,10.82,8.54,12000
3530594,2016-02-08,GLDI,10.77,10.87,10.74,10.78,8.51,56400
3530595,2016-02-09,GLDI,10.86,10.86,10.74,10.75,8.49,21100
3530596,2016-02-10,GLDI,10.73,10.82,10.73,10.82,8.54,8900
3530597,2016-02-11,GLDI,11.09,11.09,10.78,10.82,8.54,43400
3530598,2016-02-12,GLDI,10.7,10.88,10.7,10.78,8.51,20600
3530599,2016-02-16,GLDI,10.82,10.82,10.7,10.71,8.45,18100
3530600,2016-02-17,GLDI,10.75,10.8,10.75,10.78,8.51,47800
3530601,2016-02-18,GLDI,10.61,10.72,10.57,10.66,8.55,6600
3530602,2016-02-19,GLDI,10.71,10.71,10.63,10.63,8.53,18800
3530603,2016-02-22,GLDI,10.48,10.66,10.48,10.62,8.52,15600
3530604,2016-02-23,GLDI,10.64,10.74,10.61,10.66,8.55,19200
3530605,2016-02-24,GLDI,10.73,10.83,10.68,10.73,8.6,22700
3530606,2016-02-25,GLDI,10.76,10.78,10.74,10.76,8.63,3900
3530607,2016-02-26,GLDI,10.8,10.8,10.68,10.74,8.62,11300
3530608,2016-02-29,GLDI,10.79,10.8,10.74,10.8,8.66,4900
3530609,2016-03-01,GLDI,10.76,10.78,10.75,10.77,8.63,6800
3530610,2016-03-02,GLDI,10.78,10.81,10.78,10.81,8.67,4700
3530611,2016-03-03,GLDI,10.88,10.89,10.87,10.89,8.73,10100
3530612,2016-03-04,GLDI,10.92,10.98,10.89,10.93,8.76,31300
3530613,2016-03-07,GLDI,11.02,11.02,10.87,10.88,8.72,103700
3530614,2016-03-08,GLDI,10.94,11.0,10.94,10.98,8.8,41700
3530615,2016-03-09,GLDI,10.93,10.95,10.86,10.9,8.74,12300
3530616,2016-03-10,GLDI,10.93,11.0,10.89,10.99,8.81,26000
3530617,2016-03-11,GLDI,10.99,11.0,10.87,10.89,8.73,22100
3530618,2016-03-14,GLDI,10.87,10.93,10.71,10.75,8.62,22900
3530619,2016-03-15,GLDI,10.75,10.83,10.75,10.78,8.64,9400
3530620,2016-03-16,GLDI,10.83,10.99,10.75,10.98,8.8,16900
3530621,2016-03-17,GLDI,11.0,11.04,10.96,11.01,8.83,110600
3530622,2016-03-18,GLDI,11.0,11.0,10.7,10.74,8.79,24100
3530623,2016-03-21,GLDI,10.73,10.73,10.63,10.64,8.71,48300
3530624,2016-03-22,GLDI,10.77,10.77,10.68,10.71,8.77,6100
3530625,2016-03-23,GLDI,10.56,10.56,10.46,10.52,8.62,12600
3530626,2016-03-24,GLDI,10.45,10.56,10.45,10.48,8.58,47800
3530627,2016-03-28,GLDI,10.55,10.55,10.46,10.51,8.61,36100
3530628,2016-03-29,GLDI,10.57,10.69,10.54,10.67,8.74,22100
3530629,2016-03-30,GLDI,10.67,10.67,10.54,10.56,8.65,14900
3530630,2016-03-31,GLDI,10.59,10.66,10.57,10.61,8.69,66100
3530631,2016-04-01,GLDI,10.51,10.56,10.43,10.55,8.64,45400
3530632,2016-04-04,GLDI,10.54,10.55,10.46,10.47,8.57,16200
3530633,2016-04-05,GLDI,10.52,10.59,10.52,10.57,8.65,12500
3530634,2016-04-06,GLDI,10.55,10.56,10.5,10.53,8.62,12800
3530635,2016-04-07,GLDI,10.49,10.69,10.49,10.65,8.72,20500
3530636,2016-04-08,GLDI,10.91,10.91,10.6,10.65,8.72,24500
3530637,2016-04-11,GLDI,10.77,10.8,10.69,10.75,8.8,29600
3530638,2016-04-12,GLDI,10.77,10.78,10.72,10.75,8.8,12800
3530639,2016-04-13,GLDI,10.77,10.77,10.7,10.7,8.76,16100
3530640,2016-04-14,GLDI,10.71,10.71,10.61,10.61,8.69,21000
3530641,2016-04-15,GLDI,10.64,10.75,10.61,10.68,8.74,8800
3530642,2016-04-18,GLDI,10.61,10.61,10.52,10.52,8.71,56700
3530643,2016-04-19,GLDI,10.63,10.64,10.58,10.61,8.79,12600
3530644,2016-04-20,GLDI,10.64,10.65,10.59,10.59,8.77,19900
3530645,2016-04-21,GLDI,10.68,10.68,10.61,10.62,8.8,16100
3530646,2016-04-22,GLDI,10.64,10.64,10.53,10.56,8.75,19900
3530647,2016-04-25,GLDI,10.59,10.62,10.59,10.59,8.77,13200
3530648,2016-04-26,GLDI,10.67,10.67,10.6,10.62,8.8,17800
3530649,2016-04-27,GLDI,10.6,10.64,10.57,10.62,8.8,18100
3530650,2016-04-28,GLDI,10.64,10.75,10.64,10.73,8.89,15500
3530651,2016-04-29,GLDI,10.76,10.8,10.75,10.79,8.94,45700
3530652,2016-05-02,GLDI,10.79,10.81,10.72,10.8,8.95,22900
3530653,2016-05-03,GLDI,10.78,10.8,10.77,10.8,8.95,33200
3530654,2016-05-04,GLDI,10.82,10.83,10.77,10.78,8.93,22900
3530655,2016-05-05,GLDI,10.8,10.8,10.76,10.77,8.92,30200
3530656,2016-05-06,GLDI,10.88,10.88,10.77,10.84,8.98,30800
3530657,2016-05-09,GLDI,10.84,10.84,10.75,10.77,8.92,32000
3530658,2016-05-10,GLDI,10.8,10.8,10.76,10.78,8.93,24800
3530659,2016-05-11,GLDI,10.85,10.85,10.8,10.83,8.97,33600
3530660,2016-05-12,GLDI,10.85,10.85,10.8,10.8,8.95,45300
3530661,2016-05-13,GLDI,10.87,10.87,10.77,10.85,8.99,30000
3530662,2016-05-16,GLDI,10.96,10.96,10.81,10.86,9.0,57400
3530663,2016-05-17,GLDI,10.88,10.9,10.82,10.9,9.03,51600
3530664,2016-05-18,GLDI,10.67,10.67,10.53,10.6,8.94,97700
3530665,2016-05-19,GLDI,10.58,10.58,10.45,10.54,8.89,28100
3530666,2016-05-20,GLDI,10.49,10.57,10.49,10.56,8.9,43700
3530667,2016-05-23,GLDI,10.45,10.56,10.45,10.51,8.86,20800
3530668,2016-05-24,GLDI,10.57,10.57,10.32,10.37,8.74,44900
3530669,2016-05-25,GLDI,10.33,10.36,10.25,10.34,8.72,56600
3530670,2016-05-26,GLDI,10.37,10.41,10.28,10.31,8.69,27100
3530671,2016-05-27,GLDI,10.3,10.3,10.21,10.25,8.64,108300
3530672,2016-05-31,GLDI,10.34,10.34,10.22,10.28,8.67,13500
3530673,2016-06-01,GLDI,10.28,10.29,10.18,10.23,8.62,24800
3530674,2016-06-02,GLDI,10.27,10.27,10.2,10.24,8.63,18300
3530675,2016-06-03,GLDI,10.41,10.52,10.35,10.46,8.82,30600
3530676,2016-06-06,GLDI,10.5,10.5,10.45,10.5,8.85,28100
3530677,2016-06-07,GLDI,10.45,10.49,10.41,10.49,8.84,14800
3530678,2016-06-08,GLDI,10.52,10.63,10.52,10.61,8.94,19300
3530679,2016-06-09,GLDI,10.65,10.69,10.61,10.66,8.99,49900
3530680,2016-06-10,GLDI,10.7,10.7,10.63,10.68,9.0,20900
3530681,2016-06-13,GLDI,10.75,10.75,10.69,10.73,9.05,37000
3530682,2016-06-14,GLDI,10.81,10.81,10.7,10.73,9.05,29400
3530683,2016-06-15,GLDI,10.8,10.8,10.74,10.78,9.09,11600
3530684,2016-06-16,GLDI,10.84,10.89,10.73,10.73,9.05,55800
3530685,2016-06-17,GLDI,10.77,10.82,10.73,10.81,9.11,35800
3530686,2016-06-20,GLDI,10.69,10.7,10.6,10.68,9.1,58900
3530687,2016-06-21,GLDI,10.62,10.62,10.55,10.55,8.99,18800
3530688,2016-06-22,GLDI,10.52,10.57,10.52,10.54,8.98,4800
3530689,2016-06-23,GLDI,10.52,10.57,10.51,10.52,8.97,12200
3530690,2016-06-24,GLDI,10.78,10.79,10.68,10.78,9.19,78500
3530691,2016-06-27,GLDI,10.84,10.84,10.75,10.79,9.2,41000
3530692,2016-06-28,GLDI,10.75,10.82,10.69,10.79,9.2,22600
3530693,2016-06-29,GLDI,10.72,10.83,10.72,10.8,9.21,21700
3530694,2016-06-30,GLDI,10.84,10.84,10.76,10.83,9.23,22400
3530695,2016-07-01,GLDI,10.84,10.91,10.82,10.87,9.26,23600
3530696,2016-07-05,GLDI,10.84,10.9,10.83,10.89,9.28,38700
3530697,2016-07-06,GLDI,10.9,10.9,10.83,10.89,9.28,57600
3530698,2016-07-07,GLDI,10.95,10.95,10.85,10.86,9.26,57900
3530699,2016-07-08,GLDI,10.91,10.91,10.83,10.89,9.28,29500
3530700,2016-07-11,GLDI,10.93,10.93,10.85,10.86,9.26,56900
3530701,2016-07-12,GLDI,10.87,10.87,10.75,10.81,9.21,112900
3530702,2016-07-13,GLDI,10.8,10.85,10.78,10.81,9.21,71600
3530703,2016-07-14,GLDI,10.79,10.8,10.69,10.77,9.18,44000
3530704,2016-07-15,GLDI,10.74,10.77,10.7,10.74,9.15,83300
3530705,2016-07-18,GLDI,10.68,10.68,10.55,10.58,9.17,71400
3530706,2016-07-19,GLDI,10.59,10.66,10.55,10.63,9.21,166100
3530707,2016-07-20,GLDI,10.54,10.56,10.48,10.49,9.09,59200
3530708,2016-07-21,GLDI,10.51,10.6,10.48,10.6,9.19,26100
3530709,2016-07-22,GLDI,10.6,10.6,10.5,10.53,9.12,66600
3530710,2016-07-25,GLDI,10.54,10.54,10.46,10.46,9.06,45100
3530711,2016-07-26,GLDI,10.56,10.56,10.5,10.52,9.12,47100
3530712,2016-07-27,GLDI,10.5,10.64,10.5,10.63,9.21,20700
3530713,2016-07-28,GLDI,10.66,10.66,10.6,10.63,9.21,27500
3530714,2016-07-29,GLDI,10.63,10.75,10.63,10.71,9.28,28200
3530715,2016-08-01,GLDI,10.76,10.78,10.71,10.78,9.34,46400
3530716,2016-08-02,GLDI,10.8,10.83,10.77,10.83,9.38,52400
3530717,2016-08-03,GLDI,10.83,10.83,10.78,10.82,9.38,25400
3530718,2016-08-04,GLDI,10.83,10.83,10.76,10.81,9.37,45600
3530719,2016-08-05,GLDI,10.77,10.77,10.64,10.67,9.25,56600
3530720,2016-08-08,GLDI,10.7,10.7,10.63,10.66,9.24,47700
3530721,2016-08-09,GLDI,10.76,10.76,10.66,10.75,9.32,37800
3530722,2016-08-10,GLDI,10.83,10.83,10.7,10.75,9.32,35200
3530723,2016-08-11,GLDI,10.79,10.81,10.66,10.68,9.25,66400
3530724,2016-08-12,GLDI,10.7,10.79,10.62,10.68,9.25,143700
3530725,2016-08-15,GLDI,10.78,10.79,10.7,10.72,9.29,123200
3530726,2016-08-16,GLDI,10.75,10.81,10.71,10.77,9.33,98000
3530727,2016-08-17,GLDI,10.89,10.89,10.66,10.7,9.27,44800
3530728,2016-08-18,GLDI,10.55,10.65,10.55,10.58,9.32,46100
3530729,2016-08-19,GLDI,10.6,10.62,10.54,10.59,9.33,71600
3530730,2016-08-22,GLDI,10.66,10.68,10.51,10.51,9.26,88200
3530731,2016-08-23,GLDI,10.59,10.6,10.52,10.57,9.31,65900
3530732,2016-08-24,GLDI,10.61,10.61,10.42,10.43,9.19,85400
3530733,2016-08-25,GLDI,10.49,10.6,10.4,10.41,9.17,36200
3530734,2016-08-26,GLDI,10.42,10.55,10.39,10.44,9.2,35700
3530735,2016-08-29,GLDI,10.44,10.48,10.4,10.43,9.19,12500
3530736,2016-08-30,GLDI,10.43,10.45,10.32,10.33,9.1,37100
3530737,2016-08-31,GLDI,10.32,10.36,10.3,10.34,9.11,34800
3530738,2016-09-01,GLDI,10.33,10.35,10.33,10.35,9.12,30100
3530739,2016-09-02,GLDI,10.35,10.48,10.35,10.46,9.21,17400
3530740,2016-09-06,GLDI,10.55,10.64,10.51,10.63,9.36,35500
3530741,2016-09-07,GLDI,10.66,10.67,10.59,10.6,9.34,33200
3530742,2016-09-08,GLDI,10.59,10.65,10.55,10.56,9.3,38000
3530743,2016-09-09,GLDI,10.59,10.59,10.49,10.51,9.26,48400
3530744,2016-09-12,GLDI,10.53,10.53,10.45,10.48,9.23,15600
3530745,2016-09-13,GLDI,10.45,10.52,10.41,10.43,9.19,28600
3530746,2016-09-14,GLDI,10.43,10.49,10.43,10.45,9.2,16900
3530747,2016-09-15,GLDI,10.5,10.5,10.38,10.44,9.2,26500
3530748,2016-09-16,GLDI,10.45,10.45,10.35,10.39,9.15,73600
3530749,2016-09-19,GLDI,10.39,10.39,10.31,10.34,9.17,49500
3530750,2016-09-20,GLDI,10.34,10.38,10.32,10.34,9.17,58100
3530751,2016-09-21,GLDI,10.35,10.48,10.35,10.47,9.28,77100
3530752,2016-09-22,GLDI,10.43,10.53,10.43,10.5,9.31,23500
3530753,2016-09-23,GLDI,10.52,10.53,10.48,10.51,9.32,15000
3530754,2016-09-26,GLDI,10.47,10.54,10.47,10.49,9.3,10900
3530755,2016-09-27,GLDI,10.44,10.47,10.42,10.45,9.27,42900
3530756,2016-09-28,GLDI,10.42,10.45,10.39,10.43,9.25,31200
3530757,2016-09-29,GLDI,10.44,10.44,10.38,10.42,9.24,22700
3530758,2016-09-30,GLDI,10.42,10.42,10.37,10.4,9.22,24300
3530759,2016-10-03,GLDI,10.39,10.39,10.32,10.35,9.18,62500
3530760,2016-10-04,GLDI,10.25,10.25,10.02,10.04,8.9,122600
3530761,2016-10-05,GLDI,10.03,10.09,9.95,9.99,8.86,32100
3530762,2016-10-06,GLDI,9.95,9.95,9.87,9.88,8.76,59400
3530763,2016-10-07,GLDI,9.93,9.98,9.84,9.91,8.79,61700
3530764,2016-10-10,GLDI,9.97,9.97,9.93,9.96,8.83,44200
3530765,2016-10-11,GLDI,9.94,9.94,9.92,9.93,8.81,41100
3530766,2016-10-12,GLDI,9.97,9.97,9.9,9.93,8.81,39400
3530767,2016-10-13,GLDI,9.93,9.98,9.93,9.98,8.85,56400
3530768,2016-10-14,GLDI,9.95,9.98,9.9,9.92,8.79,67700
3530769,2016-10-17,GLDI,9.97,9.97,9.9,9.94,8.81,51400
3530770,2016-10-18,GLDI,9.92,9.92,9.82,9.87,8.85,25300
3530771,2016-10-19,GLDI,9.9,9.92,9.88,9.92,8.89,19300
3530772,2016-10-20,GLDI,9.89,9.95,9.86,9.89,8.87,28600
3530773,2016-10-21,GLDI,9.9,9.9,9.86,9.9,8.87,16300
3530774,2016-10-24,GLDI,9.98,9.98,9.86,9.89,8.87,15300
3530775,2016-10-25,GLDI,9.96,9.96,9.91,9.93,8.9,30400
3530776,2016-10-26,GLDI,9.93,9.94,9.87,9.89,8.87,22500
3530777,2016-10-27,GLDI,9.86,9.92,9.86,9.9,8.88,10300
3530778,2016-10-28,GLDI,9.94,9.99,9.9,9.96,8.93,26800
3530779,2016-10-31,GLDI,9.96,9.96,9.91,9.94,8.91,11500
3530780,2016-11-01,GLDI,9.95,10.0,9.95,9.98,8.95,23500
3530781,2016-11-02,GLDI,10.07,10.07,10.02,10.04,9.0,63600
3530782,2016-11-03,GLDI,10.07,10.07,9.95,10.0,8.96,98500
3530783,2016-11-04,GLDI,10.02,10.06,10.02,10.02,8.98,23200
3530784,2016-11-07,GLDI,9.95,9.99,9.93,9.94,8.91,38300
3530785,2016-11-08,GLDI,9.94,9.99,9.91,9.91,8.88,33200
3530786,2016-11-09,GLDI,10.0,10.06,9.93,10.03,8.99,53200
3530787,2016-11-10,GLDI,9.98,9.98,9.8,9.85,8.83,45000
3530788,2016-11-11,GLDI,9.87,9.87,9.59,9.6,8.61,101200
3530789,2016-11-14,GLDI,9.6,9.63,9.49,9.55,8.56,52100
3530790,2016-11-15,GLDI,9.6,9.86,9.53,9.63,8.63,51800
3530791,2016-11-16,GLDI,9.51,9.67,9.51,9.64,8.64,40500
3530792,2016-11-17,GLDI,9.63,9.63,9.45,9.5,8.57,41100
3530793,2016-11-18,GLDI,9.5,9.5,9.41,9.45,8.52,68500
3530794,2016-11-21,GLDI,9.47,9.49,9.44,9.44,8.51,56100
3530795,2016-11-22,GLDI,9.5,9.5,9.42,9.47,8.54,34400
3530796,2016-11-23,GLDI,9.4,9.4,9.25,9.29,8.38,100300
3530797,2016-11-25,GLDI,9.32,9.32,9.21,9.21,8.31,29000
3530798,2016-11-28,GLDI,9.21,9.32,9.21,9.3,8.39,35000
3530799,2016-11-29,GLDI,9.29,9.29,9.26,9.27,8.36,21400
3530800,2016-11-30,GLDI,9.27,9.27,9.12,9.15,8.25,74800
3530801,2016-12-01,GLDI,9.13,9.15,9.06,9.12,8.23,45400
3530802,2016-12-02,GLDI,9.17,9.19,9.16,9.17,8.27,10100
3530803,2016-12-05,GLDI,9.1,9.15,9.04,9.1,8.21,168100
3530804,2016-12-06,GLDI,9.09,9.16,9.08,9.11,8.22,24400
3530805,2016-12-07,GLDI,9.18,9.19,9.11,9.11,8.22,46200
3530806,2016-12-08,GLDI,9.06,9.13,9.06,9.1,8.21,38600
3530807,2016-12-09,GLDI,9.15,9.15,9.04,9.04,8.15,88200
3530808,2016-12-12,GLDI,9.04,9.06,9.04,9.04,8.15,68500
3530809,2016-12-13,GLDI,9.02,9.04,9.02,9.04,8.15,11000
3530810,2016-12-14,GLDI,9.02,9.19,8.92,8.93,8.05,61400
3530811,2016-12-15,GLDI,8.82,8.88,8.81,8.85,7.98,60400
3530812,2016-12-16,GLDI,8.86,8.93,8.83,8.86,7.99,106900
3530813,2016-12-19,GLDI,8.95,8.95,8.86,8.87,8.05,59500
3530814,2016-12-20,GLDI,8.8,8.85,8.78,8.83,8.01,77500
3530815,2016-12-21,GLDI,8.81,8.84,8.8,8.81,8.0,31200
3530816,2016-12-22,GLDI,8.83,8.84,8.79,8.81,8.0,174500
3530817,2016-12-23,GLDI,8.83,8.86,8.81,8.81,8.0,16100
3530818,2016-12-27,GLDI,8.79,8.89,8.79,8.87,8.05,50100
3530819,2016-12-28,GLDI,8.9,8.93,8.87,8.91,8.09,32200
3530820,2016-12-29,GLDI,8.97,9.02,8.9,8.99,8.16,101500
3530821,2016-12-30,GLDI,8.94,9.03,8.94,8.94,8.11,100900
3530822,2017-01-03,GLDI,9.03,9.06,8.96,9.01,8.18,34500
3530823,2017-01-04,GLDI,9.0,9.09,9.0,9.07,8.23,27900
3530824,2017-01-05,GLDI,9.1,9.21,9.1,9.2,8.35,103700
3530825,2017-01-06,GLDI,9.17,9.18,9.13,9.15,8.3,27700
3530826,2017-01-09,GLDI,9.22,9.22,9.16,9.22,8.37,37200
3530827,2017-01-10,GLDI,9.21,9.24,9.21,9.22,8.37,22500
3530828,2017-01-11,GLDI,9.22,9.29,9.19,9.27,8.41,35000
3530829,2017-01-12,GLDI,9.28,9.33,9.28,9.3,8.44,24800
3530830,2017-01-13,GLDI,9.3,9.38,9.26,9.38,8.51,16700
3530831,2017-01-17,GLDI,9.49,9.49,9.39,9.43,8.56,107800
3530832,2017-01-18,GLDI,9.38,9.38,9.24,9.28,8.49,36600
3530833,2017-01-19,GLDI,9.22,9.35,9.22,9.35,8.55,22200
3530834,2017-01-20,GLDI,9.31,9.34,9.28,9.32,8.52,15500
3530835,2017-01-23,GLDI,9.42,9.42,9.31,9.36,8.56,29600
3530836,2017-01-24,GLDI,9.38,9.39,9.32,9.34,8.54,45800
3530837,2017-01-25,GLDI,9.33,9.33,9.2,9.3,8.51,61300
3530838,2017-01-26,GLDI,9.25,9.27,9.2,9.26,8.47,44400
3530839,2017-01-27,GLDI,9.23,9.26,9.19,9.23,8.44,39600
3530840,2017-01-30,GLDI,9.29,9.31,9.24,9.28,8.49,62300
3530841,2017-01-31,GLDI,9.31,9.44,9.31,9.37,8.57,65300
3530842,2017-02-01,GLDI,9.38,9.38,9.3,9.35,8.55,24100
3530843,2017-02-02,GLDI,9.37,9.44,9.35,9.35,8.55,129200
3530844,2017-02-03,GLDI,9.42,9.42,9.37,9.41,8.61,26900
3530845,2017-02-06,GLDI,9.43,9.47,9.43,9.46,8.65,49600
3530846,2017-02-07,GLDI,9.46,9.49,9.45,9.48,8.67,42300
3530847,2017-02-08,GLDI,9.55,9.55,9.46,9.51,8.7,69100
3530848,2017-02-09,GLDI,9.54,9.54,9.45,9.47,8.66,30400
3530849,2017-02-10,GLDI,9.46,9.49,9.44,9.47,8.66,22700
3530850,2017-02-13,GLDI,9.5,9.5,9.4,9.5,8.69,43500
3530851,2017-02-14,GLDI,9.5,9.5,9.4,9.45,8.64,63900
3530852,2017-02-15,GLDI,9.45,9.5,9.43,9.5,8.69,64300
3530853,2017-02-16,GLDI,9.54,9.55,9.5,9.55,8.73,39300
3530854,2017-02-17,GLDI,9.45,9.5,9.44,9.45,8.71,45600
3530855,2017-02-21,GLDI,9.42,9.47,9.39,9.47,8.73,41900
3530856,2017-02-22,GLDI,9.45,9.47,9.42,9.46,8.72,31600
3530857,2017-02-23,GLDI,9.47,9.54,9.47,9.53,8.78,55000
3530858,2017-02-24,GLDI,9.55,9.59,9.54,9.59,8.84,59900
3530859,2017-02-27,GLDI,9.61,9.62,9.54,9.55,8.8,35200
3530860,2017-02-28,GLDI,9.58,9.59,9.52,9.56,8.81,43700
3530861,2017-03-01,GLDI,9.5,9.55,9.48,9.55,8.8,28500
3530862,2017-03-02,GLDI,9.47,9.5,9.43,9.46,8.72,40600
3530863,2017-03-03,GLDI,9.4,9.47,9.37,9.46,8.72,55500
3530864,2017-03-06,GLDI,9.48,9.48,9.38,9.4,8.66,22500
3530865,2017-03-07,GLDI,9.37,9.37,9.31,9.32,8.59,35000
3530866,2017-03-08,GLDI,9.25,9.27,9.25,9.26,8.53,37400
3530867,2017-03-09,GLDI,9.25,9.26,9.18,9.19,8.47,85700
3530868,2017-03-10,GLDI,9.22,9.22,9.17,9.21,8.49,36800
3530869,2017-03-13,GLDI,9.22,9.24,9.19,9.19,8.47,35800
3530870,2017-03-14,GLDI,9.16,9.22,9.16,9.16,8.44,48200
3530871,2017-03-15,GLDI,9.19,9.33,9.17,9.33,8.6,29600
3530872,2017-03-16,GLDI,9.4,9.41,9.36,9.39,8.65,25000
3530873,2017-03-17,GLDI,9.43,9.43,9.37,9.4,8.66,41200
3530874,2017-03-20,GLDI,9.4,9.4,9.35,9.38,8.69,25800
3530875,2017-03-21,GLDI,9.45,9.45,9.4,9.44,8.75,22000
3530876,2017-03-22,GLDI,9.46,9.49,9.44,9.46,8.77,29800
3530877,2017-03-23,GLDI,9.53,9.53,9.42,9.46,8.77,19200
3530878,2017-03-24,GLDI,9.4,9.47,9.4,9.47,8.78,15700
3530879,2017-03-27,GLDI,9.61,9.61,9.49,9.58,8.88,52500
3530880,2017-03-28,GLDI,9.53,9.53,9.47,9.5,8.8,27700
3530881,2017-03-29,GLDI,9.49,9.53,9.48,9.52,8.82,29900
3530882,2017-03-30,GLDI,9.52,9.52,9.45,9.48,8.79,12600
3530883,2017-03-31,GLDI,9.48,9.5,9.45,9.46,8.77,17200
3530884,2017-04-03,GLDI,9.46,9.52,9.46,9.49,8.8,135400
3530885,2017-04-04,GLDI,9.58,9.58,9.5,9.53,8.83,39700
3530886,2017-04-05,GLDI,9.53,9.56,9.46,9.51,8.81,26900
3530887,2017-04-06,GLDI,9.51,9.52,9.5,9.51,8.81,17300
3530888,2017-04-07,GLDI,9.58,9.58,9.51,9.51,8.81,26700
3530889,2017-04-10,GLDI,9.48,9.52,9.48,9.52,8.82,23300
3530890,2017-04-11,GLDI,9.6,9.63,9.56,9.62,8.92,95500
3530891,2017-04-12,GLDI,9.66,9.66,9.6,9.63,8.93,24900
3530892,2017-04-13,GLDI,9.65,9.67,9.63,9.64,8.93,29000
3530893,2017-04-17,GLDI,9.64,9.69,9.64,9.65,8.94,35900
3530894,2017-04-18,GLDI,9.68,9.68,9.66,9.68,8.97,32100
3530895,2017-04-19,GLDI,9.64,9.64,9.58,9.62,8.94,15300
3530896,2017-04-20,GLDI,9.61,9.64,9.61,9.64,8.96,11900
3530897,2017-04-21,GLDI,9.6,9.65,9.6,9.64,8.96,12200
3530898,2017-04-24,GLDI,9.52,9.63,9.52,9.62,8.94,24700
3530899,2017-04-25,GLDI,9.62,9.64,9.53,9.58,8.9,43400
3530900,2017-04-26,GLDI,9.55,9.63,9.55,9.62,8.94,10700
3530901,2017-04-27,GLDI,9.62,9.62,9.55,9.59,8.91,11100
3530902,2017-04-28,GLDI,9.59,9.6,9.57,9.59,8.91,16900
3530903,2017-05-01,GLDI,9.55,9.59,9.48,9.49,8.82,76500
3530904,2017-05-02,GLDI,9.47,9.53,9.47,9.51,8.84,30300
3530905,2017-05-03,GLDI,9.52,9.52,9.41,9.41,8.75,35900
3530906,2017-05-04,GLDI,9.36,9.36,9.28,9.32,8.67,48600
3530907,2017-05-05,GLDI,9.31,9.34,9.29,9.34,8.68,18200
3530908,2017-05-08,GLDI,9.35,9.35,9.28,9.3,8.64,58100
3530909,2017-05-09,GLDI,9.24,9.26,9.21,9.26,8.61,33400
3530910,2017-05-10,GLDI,9.27,9.28,9.25,9.26,8.61,24700
3530911,2017-05-11,GLDI,9.27,9.3,9.25,9.29,8.63,12200
3530912,2017-05-12,GLDI,9.3,9.34,9.3,9.32,8.66,31000
3530913,2017-05-15,GLDI,9.33,9.35,9.3,9.33,8.67,17400
3530914,2017-05-16,GLDI,9.34,9.39,9.34,9.37,8.71,10600
3530915,2017-05-17,GLDI,9.5,9.5,9.41,9.49,8.82,43600
3530916,2017-05-18,GLDI,9.44,9.44,9.28,9.3,8.76,41500
3530917,2017-05-19,GLDI,9.32,9.36,9.3,9.35,8.8,10700
3530918,2017-05-22,GLDI,9.4,9.4,9.34,9.37,8.82,44800
3530919,2017-05-23,GLDI,9.43,9.43,9.31,9.35,8.8,34800
3530920,2017-05-24,GLDI,9.37,9.38,9.32,9.34,8.79,20500
3530921,2017-05-25,GLDI,9.4,9.4,9.34,9.36,8.81,11800
3530922,2017-05-26,GLDI,9.43,9.44,9.4,9.4,8.85,17700
3530923,2017-05-30,GLDI,9.42,9.43,9.41,9.42,8.87,7000
3530924,2017-05-31,GLDI,9.41,9.46,9.41,9.45,8.9,10600
3530925,2017-06-01,GLDI,9.3,9.45,9.3,9.44,8.89,42200
3530926,2017-06-02,GLDI,9.45,9.49,9.45,9.49,8.93,18500
3530927,2017-06-05,GLDI,9.49,9.5,9.46,9.5,8.95,26800
3530928,2017-06-06,GLDI,9.6,9.6,9.5,9.51,8.95,38600
3530929,2017-06-07,GLDI,9.53,9.53,9.47,9.5,8.95,26800
3530930,2017-06-08,GLDI,9.55,9.55,9.44,9.47,8.92,21600
3530931,2017-06-09,GLDI,9.45,9.47,9.41,9.43,8.88,23100
3530932,2017-06-12,GLDI,9.4,9.42,9.4,9.41,8.86,32200
3530933,2017-06-13,GLDI,9.4,9.42,9.37,9.38,8.83,31000
3530934,2017-06-14,GLDI,9.43,9.49,9.35,9.35,8.8,21300
3530935,2017-06-15,GLDI,9.35,9.35,9.32,9.33,8.78,14700
3530936,2017-06-16,GLDI,9.35,9.35,9.32,9.34,8.79,13000
3530937,2017-06-19,GLDI,9.29,9.29,9.25,9.25,8.73,29200
3530938,2017-06-20,GLDI,9.25,9.25,9.23,9.23,8.72,3800
3530939,2017-06-21,GLDI,9.2,9.25,9.2,9.24,8.73,21700
3530940,2017-06-22,GLDI,9.3,9.32,9.26,9.27,8.75,20700
3530941,2017-06-23,GLDI,9.29,9.34,9.29,9.34,8.82,11800
3530942,2017-06-26,GLDI,9.27,9.27,9.22,9.22,8.7,34900
3530943,2017-06-27,GLDI,9.32,9.32,9.26,9.27,8.75,26900
3530944,2017-06-28,GLDI,9.3,9.3,9.26,9.26,8.74,52900
3530945,2017-06-29,GLDI,9.25,9.25,9.21,9.22,8.7,35800
3530946,2017-06-30,GLDI,9.24,9.24,9.19,9.2,8.68,168000
3530947,2017-07-03,GLDI,9.14,9.14,9.05,9.05,8.54,37900
3530948,2017-07-05,GLDI,9.01,9.1,9.01,9.08,8.57,32700
3530949,2017-07-06,GLDI,9.03,9.09,9.03,9.08,8.57,17400
3530950,2017-07-07,GLDI,9.07,9.07,8.97,8.99,8.49,43200
3530951,2017-07-10,GLDI,8.95,9.01,8.95,9.0,8.5,26000
3530952,2017-07-11,GLDI,8.99,9.04,8.96,9.02,8.51,45900
3530953,2017-07-12,GLDI,9.08,9.08,9.04,9.05,8.54,32200
3530954,2017-07-13,GLDI,9.04,9.05,9.02,9.04,8.53,10700
3530955,2017-07-14,GLDI,8.9,9.13,8.9,9.09,8.58,26000
3530956,2017-07-17,GLDI,9.06,9.14,9.06,9.14,8.63,11200
3530957,2017-07-18,GLDI,9.14,9.14,9.11,9.12,8.66,9400
3530958,2017-07-19,GLDI,9.14,9.14,9.1,9.11,8.65,62200
3530959,2017-07-20,GLDI,9.1,9.16,9.1,9.13,8.67,13500
3530960,2017-07-21,GLDI,9.2,9.2,9.16,9.17,8.71,12000
3530961,2017-07-24,GLDI,9.17,9.2,9.17,9.17,8.71,25900
3530962,2017-07-25,GLDI,9.21,9.21,9.15,9.16,8.7,15900
3530963,2017-07-26,GLDI,9.18,9.21,9.15,9.19,8.73,27100
3530964,2017-07-27,GLDI,9.22,9.22,9.19,9.2,8.73,18400
3530965,2017-07-28,GLDI,9.2,9.25,9.19,9.23,8.76,12600
3530966,2017-07-31,GLDI,9.2,9.24,9.2,9.24,8.77,28800
3530967,2017-08-01,GLDI,9.18,9.26,9.18,9.24,8.77,18700
3530968,2017-08-02,GLDI,9.25,9.26,9.23,9.23,8.76,29500
3530969,2017-08-03,GLDI,9.23,9.25,9.23,9.23,8.76,12300
3530970,2017-08-04,GLDI,9.18,9.24,9.18,9.22,8.75,53600
3530971,2017-08-07,GLDI,9.22,9.25,9.22,9.23,8.76,15200
3530972,2017-08-08,GLDI,9.23,9.25,9.22,9.24,8.77,26600
3530973,2017-08-09,GLDI,9.15,9.27,9.15,9.26,8.79,15000
3530974,2017-08-10,GLDI,9.28,9.3,9.27,9.28,8.81,17100
3530975,2017-08-11,GLDI,9.28,9.31,9.28,9.29,8.82,80300
3530976,2017-08-14,GLDI,9.27,9.28,9.25,9.26,8.79,17000
3530977,2017-08-15,GLDI,9.2,9.24,9.2,9.22,8.75,20900
3530978,2017-08-16,GLDI,9.2,9.29,9.2,9.27,8.8,19600
3530979,2017-08-17,GLDI,9.3,9.31,9.28,9.3,8.83,11100
3530980,2017-08-18,GLDI,9.24,9.31,9.24,9.26,8.83,9600
3530981,2017-08-21,GLDI,9.3,9.3,9.28,9.28,8.85,8400
3530982,2017-08-22,GLDI,9.25,9.28,9.25,9.27,8.84,17700
3530983,2017-08-23,GLDI,9.25,9.3,9.25,9.29,8.86,20100
3530984,2017-08-24,GLDI,9.29,9.3,9.26,9.26,8.83,24100
3530985,2017-08-25,GLDI,9.29,9.31,9.23,9.29,8.86,18000
3530986,2017-08-28,GLDI,9.11,9.38,9.11,9.37,8.94,39500
3530987,2017-08-29,GLDI,9.4,9.43,9.36,9.36,8.93,27900
3530988,2017-08-30,GLDI,9.32,9.39,9.32,9.38,8.95,35400
3530989,2017-08-31,GLDI,9.38,9.43,9.38,9.41,8.98,25300
3530990,2017-09-01,GLDI,9.42,9.44,9.41,9.42,8.99,14300
3530991,2017-09-05,GLDI,9.47,9.47,9.43,9.46,9.02,66300
3530992,2017-09-06,GLDI,9.45,9.46,9.45,9.45,9.01,39700
3530993,2017-09-07,GLDI,9.41,9.47,9.41,9.46,9.02,38700
3530994,2017-09-08,GLDI,9.47,9.48,9.45,9.47,9.03,33900
3530995,2017-09-11,GLDI,9.45,9.45,9.41,9.41,8.98,56300
3530996,2017-09-12,GLDI,9.41,9.45,9.4,9.44,9.0,18900
3530997,2017-09-13,GLDI,9.41,9.41,9.38,9.4,8.96,17200
3530998,2017-09-14,GLDI,9.41,9.43,9.39,9.43,8.99,5700
3530999,2017-09-15,GLDI,9.4,9.42,9.36,9.4,8.97,58300
3531000,2017-09-18,GLDI,9.4,9.4,9.28,9.3,8.87,45600
3531001,2017-09-19,GLDI,9.2,9.26,9.2,9.24,8.88,12800
3531002,2017-09-20,GLDI,9.19,9.28,9.16,9.19,8.83,44400
3531003,2017-09-21,GLDI,9.29,9.29,9.1,9.13,8.77,14300
3531004,2017-09-22,GLDI,9.09,9.17,9.09,9.17,8.81,17400
3531005,2017-09-25,GLDI,9.15,9.27,9.1,9.27,8.91,18900
3531006,2017-09-26,GLDI,9.21,9.21,9.15,9.17,8.81,43600
3531007,2017-09-27,GLDI,9.11,9.11,9.07,9.08,8.73,27100
3531008,2017-09-28,GLDI,9.04,9.12,9.04,9.1,8.75,25000
3531009,2017-09-29,GLDI,9.14,9.14,9.07,9.07,8.72,30400
3531010,2017-10-02,GLDI,9.11,9.11,8.99,9.0,8.65,80400
3531011,2017-10-03,GLDI,9.0,9.01,8.99,9.01,8.66,32100
3531012,2017-10-04,GLDI,9.01,9.02,8.99,9.01,8.66,11300
3531013,2017-10-05,GLDI,9.0,9.02,8.95,8.95,8.6,35200
3531014,2017-10-06,GLDI,8.94,9.0,8.91,8.99,8.64,24200
3531015,2017-10-09,GLDI,8.9,9.07,8.9,9.06,8.71,21100
3531016,2017-10-10,GLDI,9.12,9.14,9.1,9.11,8.75,13700
3531017,2017-10-11,GLDI,9.1,9.14,9.09,9.13,8.77,26400
3531018,2017-10-12,GLDI,9.11,9.15,9.11,9.13,8.77,23200
3531019,2017-10-13,GLDI,9.15,9.2,9.15,9.2,8.84,29300
3531020,2017-10-16,GLDI,9.22,9.22,9.13,9.16,8.8,27000
3531021,2017-10-17,GLDI,9.13,9.13,9.07,9.11,8.75,20900
3531022,2017-10-18,GLDI,9.09,9.09,9.06,9.08,8.73,43500
3531023,2017-10-19,GLDI,9.05,9.05,9.0,9.02,8.75,9000
3531024,2017-10-20,GLDI,8.97,9.0,8.97,8.98,8.72,27300
3531025,2017-10-23,GLDI,8.98,8.99,8.92,8.97,8.71,75800
3531026,2017-10-24,GLDI,8.96,8.98,8.93,8.98,8.71,28800
3531027,2017-10-25,GLDI,8.99,8.99,8.93,8.97,8.71,24900
3531028,2017-10-26,GLDI,8.95,8.95,8.9,8.9,8.64,24200
3531029,2017-10-27,GLDI,8.92,8.95,8.9,8.92,8.66,22000
3531030,2017-10-30,GLDI,8.94,8.97,8.92,8.97,8.71,20300
3531031,2017-10-31,GLDI,8.9,8.93,8.9,8.91,8.65,19000
3531032,2017-11-01,GLDI,8.91,8.97,8.91,8.95,8.69,20400
3531033,2017-11-02,GLDI,8.97,9.01,8.95,8.96,8.7,51100
3531034,2017-11-03,GLDI,8.94,8.98,8.89,8.93,8.67,16400
3531035,2017-11-06,GLDI,8.88,9.01,8.88,8.99,8.73,36600
3531036,2017-11-07,GLDI,9.01,9.01,8.94,8.97,8.71,12200
3531037,2017-11-08,GLDI,9.0,9.02,9.0,9.0,8.74,6100
3531038,2017-11-09,GLDI,9.05,9.05,8.99,9.02,8.76,11400
3531039,2017-11-10,GLDI,9.03,9.03,8.94,8.94,8.68,24100
3531040,2017-11-13,GLDI,8.95,9.07,8.95,9.02,8.75,206200
3531041,2017-11-14,GLDI,9.06,9.06,8.95,9.0,8.74,25400
3531042,2017-11-15,GLDI,8.98,9.03,8.96,8.98,8.72,13800
3531043,2017-11-16,GLDI,8.97,9.01,8.97,9.0,8.74,25000
3531044,2017-11-17,GLDI,9.02,9.09,9.01,9.08,8.81,15600
3531045,2017-11-20,GLDI,9.08,9.08,8.89,8.91,8.7,31000
3531046,2017-11-21,GLDI,8.94,9.0,8.93,8.93,8.72,6400
3531047,2017-11-22,GLDI,9.02,9.05,8.99,9.02,8.8,30600
3531048,2017-11-24,GLDI,9.0,9.01,9.0,9.01,8.79,1700
3531049,2017-11-27,GLDI,8.95,9.07,8.95,9.03,8.82,25400
3531050,2017-11-28,GLDI,9.01,9.05,9.01,9.03,8.81,38200
3531051,2017-11-29,GLDI,9.01,9.01,8.95,8.97,8.76,17300
3531052,2017-11-30,GLDI,8.9,8.96,8.89,8.93,8.71,14300
3531053,2017-12-01,GLDI,8.92,9.01,8.9,8.94,8.72,24700
3531054,2017-12-04,GLDI,8.94,8.94,8.9,8.94,8.72,35700
3531055,2017-12-05,GLDI,8.9,8.9,8.82,8.84,8.63,55600
3531056,2017-12-06,GLDI,8.8,8.85,8.75,8.84,8.63,26300
3531057,2017-12-07,GLDI,8.55,8.98,8.55,8.7,8.5,41800
3531058,2017-12-08,GLDI,8.56,8.75,8.56,8.71,8.5,48500
3531059,2017-12-11,GLDI,8.74,8.74,8.65,8.66,8.45,12300
3531060,2017-12-12,GLDI,8.57,8.7,8.57,8.68,8.47,22400
3531061,2017-12-13,GLDI,8.67,8.77,8.67,8.74,8.53,25300
3531062,2017-12-14,GLDI,8.65,8.77,8.65,8.75,8.54,27100
3531063,2017-12-15,GLDI,8.75,8.77,8.75,8.76,8.55,26300
3531064,2017-12-18,GLDI,8.75,8.83,8.75,8.8,8.59,39800
3531065,2017-12-19,GLDI,8.8,8.8,8.75,8.78,8.59,25000
3531066,2017-12-20,GLDI,8.77,8.82,8.77,8.78,8.59,89600
3531067,2017-12-21,GLDI,8.82,8.83,8.79,8.8,8.61,35900
3531068,2017-12-22,GLDI,8.8,8.87,8.8,8.85,8.66,24600
3531069,2017-12-26,GLDI,8.76,8.92,8.76,8.92,8.73,28700
3531070,2017-12-27,GLDI,8.92,8.96,8.89,8.93,8.74,149300
3531071,2017-12-28,GLDI,8.96,9.0,8.95,8.97,8.78,29000
3531072,2017-12-29,GLDI,9.0,9.05,8.99,9.03,8.84,51000
3531073,2018-01-02,GLDI,9.05,9.08,9.03,9.08,8.89,67800
3531074,2018-01-03,GLDI,9.06,9.09,9.04,9.08,8.89,38100
3531075,2018-01-04,GLDI,9.03,9.12,9.03,9.1,8.91,68000
3531076,2018-01-05,GLDI,9.01,9.12,9.01,9.11,8.92,11900
3531077,2018-01-08,GLDI,9.1,9.12,9.06,9.12,8.93,8800
3531078,2018-01-09,GLDI,9.12,9.12,9.03,9.08,8.89,15300
3531079,2018-01-10,GLDI,9.07,9.2,9.07,9.14,8.95,14900
3531080,2018-01-11,GLDI,9.12,9.15,9.12,9.14,8.95,11300
3531081,2018-01-12,GLDI,9.15,9.2,9.14,9.2,9.01,25200
3531082,2018-01-16,GLDI,9.24,9.24,9.17,9.19,8.99,67600
3531083,2018-01-17,GLDI,9.18,9.22,9.16,9.16,8.97,16400
3531084,2018-01-18,GLDI,9.15,9.18,9.11,9.14,8.95,6600
3531085,2018-01-19,GLDI,9.16,9.17,9.15,9.16,8.98,24300
3531086,2018-01-22,GLDI,9.14,9.18,9.14,9.16,8.98,36800
3531087,2018-01-23,GLDI,9.17,9.21,9.17,9.2,9.02,14700
3531088,2018-01-24,GLDI,9.23,9.31,9.23,9.29,9.11,32300
3531089,2018-01-25,GLDI,9.27,9.31,9.22,9.29,9.11,40100
3531090,2018-01-26,GLDI,9.29,9.29,9.25,9.25,9.07,29800
3531091,2018-01-29,GLDI,9.19,9.25,9.19,9.22,9.04,31800
3531092,2018-01-30,GLDI,9.23,9.25,9.19,9.19,9.01,28100
3531093,2018-01-31,GLDI,9.11,9.24,8.88,9.23,9.05,33300
3531094,2018-02-01,GLDI,9.15,9.26,9.15,9.26,9.08,14500
3531095,2018-02-02,GLDI,9.24,9.24,9.15,9.17,8.99,35900
3531096,2018-02-05,GLDI,9.17,9.21,9.17,9.18,9.0,10500
3531097,2018-02-06,GLDI,9.19,9.19,9.01,9.09,8.91,72200
3531098,2018-02-07,GLDI,8.98,9.13,8.98,9.05,8.87,92600
3531099,2018-02-08,GLDI,9.04,9.08,9.03,9.06,8.88,19400
3531100,2018-02-09,GLDI,9.11,9.11,9.02,9.02,8.85,15700
3531101,2018-02-12,GLDI,9.1,9.13,9.09,9.1,8.92,12300
3531102,2018-02-13,GLDI,9.11,9.15,9.11,9.13,8.95,6800
3531103,2018-02-14,GLDI,9.13,9.3,9.13,9.27,9.09,31300
3531104,2018-02-15,GLDI,9.32,9.32,9.24,9.27,9.09,33200
3531105,2018-02-16,GLDI,9.25,9.3,9.25,9.27,9.09,3400
3531106,2018-02-20,GLDI,8.88,9.2,8.88,9.15,9.0,57700
3531107,2018-02-21,GLDI,9.13,9.16,9.09,9.09,8.94,14700
3531108,2018-02-22,GLDI,9.14,9.15,9.13,9.14,8.99,11700
3531109,2018-02-23,GLDI,9.07,9.14,9.07,9.13,8.98,21600
3531110,2018-02-26,GLDI,9.19,9.19,9.14,9.15,9.0,19100
3531111,2018-02-27,GLDI,9.12,9.12,9.05,9.06,8.91,40200
3531112,2018-02-28,GLDI,9.08,9.08,9.06,9.08,8.93,10900
3531113,2018-03-01,GLDI,9.01,9.08,8.99,9.04,8.89,22900
3531114,2018-03-02,GLDI,9.13,9.13,9.06,9.08,8.93,4200
3531115,2018-03-05,GLDI,9.08,9.1,9.07,9.07,8.92,18800
3531116,2018-03-06,GLDI,9.01,9.2,9.01,9.18,9.03,42000
3531117,2018-03-07,GLDI,9.17,9.17,9.1,9.11,8.96,15100
3531118,2018-03-08,GLDI,9.07,9.11,9.07,9.1,8.95,4000
3531119,2018-03-09,GLDI,9.07,9.13,9.07,9.1,8.95,15500
3531120,2018-03-12,GLDI,9.03,9.11,9.03,9.11,8.96,3800
3531121,2018-03-13,GLDI,9.12,9.13,9.1,9.12,8.97,8800
3531122,2018-03-14,GLDI,9.12,9.12,9.09,9.12,8.97,29200
3531123,2018-03-15,GLDI,9.12,9.12,9.09,9.1,8.95,44800
3531124,2018-03-16,GLDI,9.09,9.09,9.06,9.08,8.93,19100
3531125,2018-03-19,GLDI,9.07,9.11,9.07,9.09,8.94,8900
3531126,2018-03-20,GLDI,9.04,9.04,9.0,9.03,8.91,7500
3531127,2018-03-21,GLDI,9.08,9.17,9.07,9.17,9.05,48800
3531128,2018-03-22,GLDI,9.15,9.15,9.1,9.1,8.98,12100
3531129,2018-03-23,GLDI,9.17,9.22,9.17,9.19,9.07,26100
3531130,2018-03-26,GLDI,9.22,9.25,9.21,9.23,9.11,21800
3531131,2018-03-27,GLDI,9.25,9.25,9.18,9.21,9.09,10700
3531132,2018-03-28,GLDI,9.15,9.16,9.1,9.12,9.0,9100
3531133,2018-03-29,GLDI,9.1,9.11,9.09,9.1,8.98,10300
3531134,2018-04-02,GLDI,9.15,9.19,9.15,9.19,9.07,5700
3531135,2018-04-03,GLDI,9.18,9.18,9.13,9.14,9.02,13600
3531136,2018-04-04,GLDI,9.18,9.21,9.16,9.17,9.05,2800
3531137,2018-04-05,GLDI,9.09,9.14,9.09,9.11,8.99,15500
3531138,2018-04-06,GLDI,9.15,9.17,9.15,9.15,9.03,9700
3531139,2018-04-09,GLDI,9.17,9.18,9.14,9.17,9.05,17100
3531140,2018-04-10,GLDI,9.15,9.2,9.15,9.2,9.08,3100
3531141,2018-04-11,GLDI,9.23,9.29,9.22,9.23,9.11,24700
3531142,2018-04-12,GLDI,9.2,9.2,9.16,9.16,9.04,19900
3531143,2018-04-13,GLDI,9.22,9.23,9.19,9.22,9.1,6200
3531144,2018-04-16,GLDI,9.22,9.24,9.19,9.19,9.07,7000
3531145,2018-04-17,GLDI,9.17,9.24,9.17,9.23,9.11,14200
3531146,2018-04-18,GLDI,9.23,9.28,9.23,9.24,9.12,18000
3531147,2018-04-19,GLDI,9.22,9.22,9.13,9.19,9.12,5500
3531148,2018-04-20,GLDI,9.15,9.16,9.12,9.12,9.05,13100
3531149,2018-04-23,GLDI,9.1,9.1,9.04,9.07,9.01,5300
3531150,2018-04-24,GLDI,9.1,9.12,9.1,9.1,9.03,6400
3531151,2018-04-25,GLDI,9.08,9.09,9.04,9.06,8.99,39800
3531152,2018-04-26,GLDI,9.05,9.06,9.01,9.02,8.96,23500
3531153,2018-04-27,GLDI,9.06,9.09,9.04,9.09,9.02,61800
3531154,2018-04-30,GLDI,9.04,9.06,9.01,9.03,8.96,9100
3531155,2018-05-01,GLDI,8.97,8.98,8.95,8.96,8.9,11100
3531156,2018-05-02,GLDI,8.97,9.0,8.95,8.96,8.9,16800
3531157,2018-05-03,GLDI,9.01,9.03,9.0,9.01,8.95,20600
3531158,2018-05-04,GLDI,9.01,9.02,8.99,9.0,8.94,14000
3531159,2018-05-07,GLDI,9.0,9.01,9.0,9.0,8.94,38700
3531160,2018-05-08,GLDI,9.0,9.02,8.97,9.02,8.96,16200
3531161,2018-05-09,GLDI,8.99,9.04,8.99,8.99,8.93,8000
3531162,2018-05-10,GLDI,9.05,9.06,9.03,9.05,8.98,3800
3531163,2018-05-11,GLDI,9.08,9.08,9.04,9.04,8.97,9300
3531164,2018-05-14,GLDI,9.1,9.1,9.02,9.02,8.96,7800
3531165,2018-05-15,GLDI,8.93,8.93,8.86,8.87,8.8,67400
3531166,2018-05-16,GLDI,8.9,8.9,8.86,8.89,8.83,15900
3531167,2018-05-17,GLDI,8.88,8.89,8.86,8.88,8.82,107200
3531168,2018-05-18,GLDI,8.88,8.89,8.88,8.89,8.83,9000
3531169,2018-05-21,GLDI,8.79,8.83,8.79,8.81,8.81,21800
3531170,2018-05-22,GLDI,8.83,8.83,8.81,8.82,8.82,24700
3531171,2018-05-23,GLDI,8.82,8.82,8.8,8.81,8.81,18600
3531172,2018-05-25,GLDI,8.91,8.91,8.85,8.88,8.88,20500
3531173,2018-05-29,GLDI,8.8,8.92,8.8,8.9,8.9,12500
3531174,2018-05-30,GLDI,8.81,8.9,8.81,8.86,8.86,6600
3531175,2018-05-31,GLDI,8.9,8.9,8.87,8.87,8.87,6000
3531176,2018-06-01,GLDI,8.8,8.85,8.8,8.84,8.84,5000
3531177,2018-06-04,GLDI,8.8,8.85,8.8,8.82,8.82,32600
3531178,2018-06-05,GLDI,8.77,8.87,8.77,8.85,8.85,12300
3531179,2018-06-06,GLDI,8.86,8.87,8.82,8.84,8.84,4700
3531180,2018-06-07,GLDI,8.83,8.87,8.83,8.84,8.84,117300
3531181,2018-06-08,GLDI,8.72,8.86,8.72,8.85,8.85,63400
3531182,2018-06-11,GLDI,8.9,8.9,8.83,8.85,8.85,14200
3531183,2018-06-12,GLDI,8.87,8.87,8.82,8.84,8.84,4500
3531184,2018-06-13,GLDI,8.84,8.87,8.84,8.87,8.87,7100
3531185,2018-06-14,GLDI,8.9,8.91,8.87,8.9,8.9,22300
3531186,2018-06-15,GLDI,8.86,8.86,8.72,8.75,8.75,170400
3531187,2018-06-25,GLDI,8.61,8.65,8.61,8.62,8.62,11000
3531188,2018-06-26,GLDI,8.56,8.6,8.56,8.58,8.58,25000
3531189,2018-06-27,GLDI,8.55,8.57,8.53,8.53,8.53,22100
3531190,2018-06-28,GLDI,8.51,8.54,8.5,8.5,8.5,79400
3531191,2018-06-29,GLDI,8.51,8.55,8.51,8.53,8.53,23900
3531192,2018-07-02,GLDI,8.5,8.52,8.47,8.47,8.47,11200
3531193,2018-07-03,GLDI,8.46,8.57,8.46,8.55,8.55,17600
3531194,2018-07-05,GLDI,8.59,8.59,8.54,8.57,8.57,16700
3531195,2018-07-06,GLDI,8.58,8.58,8.55,8.55,8.55,3000
3531196,2018-07-09,GLDI,8.59,8.63,8.56,8.58,8.58,16300
3531197,2018-07-10,GLDI,8.52,8.58,8.52,8.56,8.56,25800
3531198,2018-07-11,GLDI,8.55,8.55,8.48,8.48,8.48,19300
3531199,2018-07-12,GLDI,8.47,8.5,8.47,8.48,8.48,7800
3531200,2018-07-13,GLDI,8.46,8.48,8.44,8.46,8.46,8400
3531201,2018-07-16,GLDI,8.48,8.48,8.42,8.44,8.4,12300
3531202,2018-07-17,GLDI,8.27,8.41,8.25,8.37,8.33,13500
3531203,2018-07-18,GLDI,8.27,8.38,8.27,8.37,8.33,70100
3531204,2018-07-19,GLDI,8.31,8.34,8.27,8.31,8.31,32200
3531205,2018-07-20,GLDI,8.26,8.37,8.26,8.36,8.36,22800
3531206,2018-07-23,GLDI,8.36,8.36,8.31,8.33,8.33,9900
3531207,2018-07-24,GLDI,8.3,8.35,8.3,8.31,8.31,6100
3531208,2018-07-25,GLDI,8.33,8.37,8.3,8.34,8.34,29500
3531209,2018-07-26,GLDI,8.31,8.35,8.29,8.29,8.29,18100
3531210,2018-07-27,GLDI,8.28,8.31,8.28,8.3,8.3,1800
3531211,2018-07-30,GLDI,8.29,8.32,8.29,8.29,8.29,27800
3531212,2018-07-31,GLDI,8.29,8.33,8.28,8.3,8.3,11700
3531213,2018-08-01,GLDI,8.3,8.3,8.25,8.25,8.25,4100
3531214,2018-08-02,GLDI,8.24,8.28,8.22,8.22,8.22,5800
3531215,2018-08-03,GLDI,8.24,8.28,8.22,8.24,8.24,7700
3531216,2018-08-06,GLDI,8.22,8.24,8.21,8.21,8.21,15300
3531217,2018-08-07,GLDI,8.23,8.25,8.21,8.22,8.22,2500
3531218,2018-08-08,GLDI,8.21,8.25,8.21,8.24,8.24,15600
3531219,2018-08-09,GLDI,8.18,8.25,8.18,8.22,8.22,33400
3531220,2018-08-10,GLDI,8.2,8.26,8.2,8.21,8.21,4900
3531221,2018-08-13,GLDI,8.2,8.2,8.1,8.13,8.13,38100
3531222,2018-08-14,GLDI,8.13,8.15,8.1,8.1,8.1,13800
3531223,2018-08-15,GLDI,7.93,8.07,7.9,8.0,8.0,27400
3531224,2018-08-16,GLDI,8.0,8.03,7.99,7.99,7.99,6100
3531225,2018-08-17,GLDI,8.01,8.08,8.01,8.06,8.06,18600
3531226,2018-08-20,GLDI,8.09,8.09,8.07,8.08,8.06,2500
3531227,2018-08-21,GLDI,8.1,8.14,8.07,8.13,8.13,74800
3531228,2018-08-22,GLDI,8.08,8.16,8.08,8.13,8.13,21700
3531229,2018-08-23,GLDI,8.1,8.12,8.06,8.06,8.06,13400
3531230,2018-08-24,GLDI,8.11,8.21,8.11,8.2,8.2,14600
3531231,2018-08-27,GLDI,8.16,8.25,8.16,8.22,8.22,18400
3531232,2018-08-28,GLDI,8.19,8.24,8.15,8.16,8.16,13000
3531233,2018-08-29,GLDI,8.13,8.23,8.13,8.19,8.19,6600
3531234,2018-08-30,GLDI,8.15,8.17,8.15,8.16,8.16,22500
3531235,2018-08-31,GLDI,8.2,8.2,8.15,8.15,8.15,10400
3531236,2018-09-04,GLDI,8.15,8.15,8.1,8.12,8.12,11500
3531237,2018-09-05,GLDI,8.14,8.14,8.13,8.14,8.14,18800
3531238,2018-09-06,GLDI,8.15,8.22,8.15,8.16,8.16,43600
3531239,2018-09-07,GLDI,8.15,8.16,8.13,8.13,8.13,15100
3531240,2018-09-10,GLDI,8.15,8.15,8.13,8.14,8.14,4000
3531241,2018-09-11,GLDI,8.12,8.14,8.1,8.13,8.13,8400
3531242,2018-09-12,GLDI,8.13,8.22,8.13,8.2,8.2,38900
3531243,2018-09-13,GLDI,8.19,8.24,8.17,8.19,8.19,3800
3531244,2018-09-14,GLDI,8.24,8.24,8.12,8.12,8.12,36900
3531245,2018-09-17,GLDI,8.24,8.24,8.13,8.16,8.13,26900
3531246,2018-09-18,GLDI,8.15,8.16,8.13,8.13,8.09,4500
3531247,2018-09-19,GLDI,8.32,8.32,8.14,8.15,8.15,8500
3531248,2018-09-20,GLDI,8.15,8.19,8.14,8.19,8.19,8100
3531249,2018-09-21,GLDI,8.14,8.14,8.09,8.13,8.13,18368
3531250,2018-09-24,GLDI,8.09,8.14,8.09,8.12,8.12,14700
3531251,2018-09-25,GLDI,8.2,8.2,8.12,8.13,8.13,5100
3531252,2018-09-26,GLDI,8.13,8.13,8.1,8.11,8.11,4700
3531253,2018-09-27,GLDI,8.07,8.07,8.02,8.03,8.03,11100
3531254,2018-09-28,GLDI,8.05,8.1,8.05,8.06,8.06,4800
3531255,2018-10-01,GLDI,8.05,8.07,8.05,8.06,8.06,4100
3531256,2018-10-02,GLDI,8.13,8.17,8.13,8.15,8.15,9900
3531257,2018-10-03,GLDI,8.16,8.17,8.11,8.14,8.14,10800
3531258,2018-10-04,GLDI,8.13,8.18,8.11,8.12,8.12,9300
3531259,2018-10-05,GLDI,8.22,8.22,8.12,8.15,8.15,16000
