,Date,symbolid,Open,High,Low,Close,AdjClose,Volume
4597067,2010-05-17,KONE,39.7,39.7,32.5,35.3,35.3,9100
4597068,2010-05-18,KONE,35.9,36.6,32.5,33.0,33.0,5400
4597069,2010-05-19,KONE,34.9,34.9,31.6,31.8,31.8,10100
4597070,2010-05-20,KONE,31.8,31.8,29.5,29.5,29.5,13100
4597071,2010-05-21,KONE,29.0,33.0,29.0,32.0,32.0,3100
4597072,2010-05-24,KONE,32.9,32.9,29.2,29.2,29.2,3300
4597073,2010-05-25,KONE,31.3,31.3,29.2,29.6,29.6,2600
4597074,2010-05-26,KONE,32.1,34.5,29.9,30.4,30.4,1800
4597075,2010-05-27,KONE,32.1,33.3,29.4,30.0,30.0,2200
4597076,2010-05-28,KONE,29.1,33.0,29.1,31.1,31.1,3400
4597077,2010-06-01,KONE,31.9,31.9,29.5,30.0,30.0,800
4597078,2010-06-02,KONE,30.0,30.4,27.9,29.4,29.4,2800
4597079,2010-06-03,KONE,29.5,30.0,28.6,29.6,29.6,1100
4597080,2010-06-04,KONE,30.0,30.5,27.5,27.5,27.5,700
4597081,2010-06-07,KONE,30.4,30.4,27.7,27.7,27.7,1100
4597082,2010-06-08,KONE,27.5,27.5,25.3,26.6,26.6,1400
4597083,2010-06-09,KONE,25.3,25.6,24.6,24.6,24.6,2100
4597084,2010-06-10,KONE,24.2,27.9,24.2,26.0,26.0,2400
4597085,2010-06-11,KONE,27.4,27.4,26.0,26.5,26.5,800
4597086,2010-06-14,KONE,27.5,27.5,25.0,25.7,25.7,1100
4597087,2010-06-15,KONE,27.5,29.9,27.4,28.2,28.2,4600
4597088,2010-06-16,KONE,28.7,29.2,26.2,28.0,28.0,1800
4597089,2010-06-17,KONE,27.9,27.9,26.4,26.4,26.4,600
4597090,2010-06-18,KONE,26.9,29.7,26.5,29.4,29.4,2100
4597091,2010-06-21,KONE,28.1,28.7,27.0,28.6,28.6,1600
4597092,2010-06-22,KONE,28.0,28.0,27.4,27.7,27.7,400
4597093,2010-06-23,KONE,28.4,28.4,27.6,28.1,28.1,100
4597094,2010-06-24,KONE,30.4,35.1,27.0,28.0,28.0,31000
4597095,2010-06-25,KONE,28.1,28.9,27.8,27.8,27.8,2600
4597096,2010-06-28,KONE,28.0,28.0,27.2,27.5,27.5,2600
4597097,2010-06-29,KONE,27.1,27.6,26.0,26.2,26.2,1100
4597098,2010-06-30,KONE,26.1,28.6,25.0,25.6,25.6,1600
4597099,2010-07-01,KONE,25.8,27.8,22.3,24.2,24.2,3900
4597100,2010-07-02,KONE,24.8,28.0,23.7,23.7,23.7,4300
4597101,2010-07-06,KONE,24.7,24.7,23.7,23.7,23.7,2600
4597102,2010-07-07,KONE,25.4,25.4,23.1,24.1,24.1,1600
4597103,2010-07-08,KONE,24.5,25.5,24.1,25.0,25.0,1900
4597104,2010-07-09,KONE,24.1,27.0,24.0,26.3,26.3,1200
4597105,2010-07-12,KONE,26.0,26.4,26.0,26.0,26.0,200
4597106,2010-07-13,KONE,26.0,26.0,25.5,26.0,26.0,1700
4597107,2010-07-14,KONE,26.1,27.5,26.1,26.5,26.5,800
4597108,2010-07-15,KONE,27.2,27.2,25.8,25.8,25.8,900
4597109,2010-07-16,KONE,25.6,25.6,24.5,25.0,25.0,4400
4597110,2010-07-19,KONE,24.7,25.9,24.7,24.8,24.8,400
4597111,2010-07-20,KONE,24.5,25.0,24.5,24.9,24.9,600
4597112,2010-07-21,KONE,24.4,25.0,24.3,24.3,24.3,600
4597113,2010-07-22,KONE,24.5,25.5,23.5,23.5,23.5,8700
4597114,2010-07-23,KONE,24.0,24.2,22.6,23.9,23.9,22100
4597115,2010-07-26,KONE,24.3,25.0,24.2,24.5,24.5,4800
4597116,2010-07-27,KONE,24.1,25.2,24.1,24.5,24.5,4300
4597117,2010-07-28,KONE,24.0,24.0,23.5,23.8,23.8,1400
4597118,2010-07-29,KONE,24.5,25.2,23.8,24.4,24.4,3300
4597119,2010-07-30,KONE,23.9,25.5,23.9,24.2,24.2,1600
4597120,2010-08-02,KONE,24.2,25.6,24.2,25.6,25.6,800
4597121,2010-08-03,KONE,26.7,28.0,26.2,26.2,26.2,9400
4597122,2010-08-04,KONE,26.3,26.9,26.1,26.2,26.2,1800
4597123,2010-08-05,KONE,26.2,26.5,25.6,25.6,25.6,2400
4597124,2010-08-06,KONE,25.6,26.5,25.2,25.2,25.2,2600
4597125,2010-08-09,KONE,25.1,25.4,24.7,24.8,24.8,1300
4597126,2010-08-10,KONE,24.2,26.2,24.1,24.2,24.2,2400
4597127,2010-08-11,KONE,24.3,24.3,23.7,23.7,23.7,700
4597128,2010-08-12,KONE,23.7,23.7,21.6,22.1,22.1,11400
4597129,2010-08-13,KONE,22.4,24.6,22.4,22.6,22.6,10800
4597130,2010-08-16,KONE,22.9,24.9,22.9,24.1,24.1,7100
4597131,2010-08-17,KONE,24.1,24.5,24.1,24.2,24.2,500
4597132,2010-08-18,KONE,24.5,25.0,23.7,24.2,24.2,1000
4597133,2010-08-19,KONE,23.7,24.2,23.1,23.8,23.8,27500
4597134,2010-08-20,KONE,23.3,25.0,23.3,23.5,23.5,1600
4597135,2010-08-23,KONE,23.0,23.2,22.4,22.4,22.4,2400
4597136,2010-08-24,KONE,22.4,22.6,22.1,22.5,22.5,7900
4597137,2010-08-25,KONE,22.5,23.5,22.2,22.9,22.9,1200
4597138,2010-08-26,KONE,22.6,23.3,22.0,22.0,22.0,3600
4597139,2010-08-27,KONE,22.0,22.5,21.5,21.7,21.7,11400
4597140,2010-08-30,KONE,22.0,22.0,21.5,21.6,21.6,1000
4597141,2010-08-31,KONE,22.4,22.7,22.0,22.5,22.5,3800
4597142,2010-09-01,KONE,22.5,22.5,21.8,22.0,22.0,1800
4597143,2010-09-02,KONE,22.0,23.0,22.0,22.5,22.5,3600
4597144,2010-09-03,KONE,23.5,23.5,23.0,23.5,23.5,700
4597145,2010-09-07,KONE,23.0,23.9,22.8,23.9,23.9,700
4597146,2010-09-08,KONE,23.0,23.0,22.5,22.5,22.5,700
4597147,2010-09-09,KONE,23.0,24.6,23.0,24.2,24.2,29900
4597148,2010-09-10,KONE,24.5,24.6,24.0,24.0,24.0,3600
4597149,2010-09-13,KONE,23.8,23.8,22.9,22.9,22.9,6200
4597150,2010-09-14,KONE,23.7,24.0,22.6,23.2,23.2,5400
4597151,2010-09-15,KONE,24.0,24.0,23.5,23.5,23.5,100
4597152,2010-09-16,KONE,23.2,23.5,22.5,23.1,23.1,1300
4597153,2010-09-17,KONE,22.3,23.1,21.5,23.1,23.1,43700
4597154,2010-09-20,KONE,23.4,23.4,22.0,22.8,22.8,1600
4597155,2010-09-21,KONE,23.0,24.9,23.0,24.1,24.1,9100
4597156,2010-09-22,KONE,23.3,23.3,23.0,23.1,23.1,2300
4597157,2010-09-23,KONE,23.3,24.2,23.1,23.1,23.1,3500
4597158,2010-09-24,KONE,24.1,24.1,23.1,23.5,23.5,600
4597159,2010-09-27,KONE,23.5,24.6,23.1,23.1,23.1,3900
4597160,2010-09-28,KONE,23.1,23.5,23.0,23.1,23.1,1500
4597161,2010-09-29,KONE,23.1,23.5,23.1,23.5,23.5,100
4597162,2010-09-30,KONE,24.0,24.1,23.5,23.5,23.5,200
4597163,2010-10-01,KONE,23.6,24.1,23.5,24.1,24.1,200
4597164,2010-10-04,KONE,23.5,24.4,23.5,24.1,24.1,400
4597165,2010-10-05,KONE,23.6,23.7,23.5,23.5,23.5,700
4597166,2010-10-06,KONE,24.1,25.4,24.1,25.3,25.3,6400
4597167,2010-10-07,KONE,25.4,25.4,24.5,25.0,25.0,800
4597168,2010-10-08,KONE,25.0,27.4,24.4,27.2,27.2,6600
4597169,2010-10-11,KONE,28.0,31.3,27.5,30.1,30.1,26400
4597170,2010-10-12,KONE,30.6,32.9,28.9,32.5,32.5,8500
4597171,2010-10-13,KONE,32.5,35.0,32.5,33.5,33.5,15700
4597172,2010-10-14,KONE,34.4,37.9,33.5,37.1,37.1,30700
4597173,2010-10-15,KONE,39.4,39.7,37.3,38.0,38.0,14800
4597174,2010-10-18,KONE,38.0,38.0,35.0,35.4,35.4,6400
4597175,2010-10-19,KONE,35.0,35.0,31.7,32.0,32.0,9200
4597176,2010-10-20,KONE,31.6,34.9,31.6,33.2,33.2,8600
4597177,2010-10-21,KONE,35.0,35.0,33.5,34.5,34.5,5700
4597178,2010-10-22,KONE,34.6,35.4,33.1,33.9,33.9,1900
4597179,2010-10-25,KONE,35.0,35.0,33.3,34.1,34.1,3600
4597180,2010-10-26,KONE,34.5,36.5,34.0,34.7,34.7,5800
4597181,2010-10-27,KONE,33.9,33.9,33.3,33.3,33.3,700
4597182,2010-10-28,KONE,33.5,35.0,33.5,34.2,34.2,1200
4597183,2010-10-29,KONE,34.3,34.3,33.3,33.3,33.3,600
4597184,2010-11-01,KONE,35.0,35.5,33.9,34.0,34.0,8100
4597185,2010-11-02,KONE,33.3,34.7,33.0,33.5,33.5,4300
4597186,2010-11-03,KONE,33.7,35.6,33.7,34.7,34.7,7100
4597187,2010-11-04,KONE,33.7,34.3,32.5,32.5,32.5,11000
4597188,2010-11-05,KONE,33.0,35.0,33.0,33.0,33.0,8200
4597189,2010-11-08,KONE,33.1,35.5,33.1,33.5,33.5,5900
4597190,2010-11-09,KONE,33.8,34.5,33.0,33.4,33.4,7900
4597191,2010-11-10,KONE,34.0,34.3,32.3,32.3,32.3,9400
4597192,2010-11-11,KONE,34.4,34.4,33.3,33.5,33.5,10000
4597193,2010-11-12,KONE,33.4,35.1,33.4,35.1,35.1,5400
4597194,2010-11-15,KONE,35.5,39.4,35.5,36.2,36.2,9600
4597195,2010-11-16,KONE,36.5,36.5,34.5,34.5,34.5,2700
4597196,2010-11-17,KONE,36.7,39.0,35.0,35.4,35.4,11000
4597197,2010-11-18,KONE,37.9,37.9,35.0,35.8,35.8,3000
4597198,2010-11-19,KONE,35.9,36.7,35.9,36.4,36.4,3800
4597199,2010-11-22,KONE,36.0,36.5,35.5,35.5,35.5,3400
4597200,2010-11-23,KONE,36.0,37.0,34.5,35.2,35.2,4100
4597201,2010-11-24,KONE,36.6,36.7,34.6,36.0,36.0,17800
4597202,2010-11-26,KONE,37.3,44.9,37.0,43.0,43.0,53000
4597203,2010-11-29,KONE,44.3,46.8,42.1,44.7,44.7,46600
4597204,2010-11-30,KONE,45.5,45.5,39.0,43.0,43.0,21100
4597205,2010-12-01,KONE,44.5,44.5,40.2,41.9,41.9,13200
4597206,2010-12-02,KONE,43.5,48.5,43.2,46.7,46.7,40100
4597207,2010-12-03,KONE,46.5,49.5,45.0,46.4,46.4,25200
4597208,2010-12-06,KONE,46.0,49.0,46.0,49.0,49.0,12200
4597209,2010-12-07,KONE,51.8,54.7,49.0,50.5,50.5,33300
4597210,2010-12-08,KONE,51.0,52.0,47.6,50.5,50.5,17100
4597211,2010-12-09,KONE,51.0,51.0,43.2,45.0,45.0,23500
4597212,2010-12-10,KONE,44.8,45.4,43.8,45.2,45.2,8600
4597213,2010-12-13,KONE,45.1,45.1,41.5,42.4,42.4,13100
4597214,2010-12-14,KONE,39.6,41.1,38.8,40.4,40.4,20500
4597215,2010-12-15,KONE,40.2,40.2,37.0,37.8,37.8,14400
4597216,2010-12-16,KONE,37.0,38.1,33.8,36.1,36.1,26900
4597217,2010-12-17,KONE,34.5,35.4,34.0,34.7,34.7,11600
4597218,2010-12-20,KONE,34.1,37.3,34.1,36.4,36.4,11600
4597219,2010-12-21,KONE,37.0,38.7,35.5,35.6,35.6,15300
4597220,2010-12-22,KONE,35.9,35.9,33.1,34.4,34.4,6900
4597221,2010-12-23,KONE,33.9,34.9,33.0,33.7,33.7,6600
4597222,2010-12-27,KONE,33.8,33.9,30.3,31.3,31.3,13000
4597223,2010-12-28,KONE,30.7,31.2,29.3,30.4,30.4,17300
4597224,2010-12-29,KONE,31.0,34.9,30.4,34.9,34.9,8500
4597225,2010-12-30,KONE,34.3,36.0,33.3,36.0,36.0,7400
4597226,2010-12-31,KONE,35.5,35.5,33.5,34.0,34.0,3800
4597227,2011-01-03,KONE,34.1,35.1,33.2,33.2,33.2,9600
4597228,2011-01-04,KONE,32.6,34.0,31.5,32.0,32.0,9100
4597229,2011-01-05,KONE,31.9,33.4,31.3,31.6,31.6,9000
4597230,2011-01-06,KONE,32.2,32.2,29.2,30.8,30.8,12800
4597231,2011-01-07,KONE,31.9,32.1,29.9,30.9,30.9,5900
4597232,2011-01-10,KONE,30.9,33.0,30.9,32.8,32.8,4700
4597233,2011-01-11,KONE,33.0,36.0,33.0,33.6,33.6,10900
4597234,2011-01-12,KONE,33.4,35.9,31.3,32.2,32.2,8800
4597235,2011-01-13,KONE,32.1,33.8,31.0,32.3,32.3,8300
4597236,2011-01-14,KONE,32.1,32.1,31.5,31.7,31.7,5100
4597237,2011-01-18,KONE,31.7,32.0,31.0,31.7,31.7,4300
4597238,2011-01-19,KONE,32.0,32.0,31.2,31.9,31.9,4300
4597239,2011-01-20,KONE,32.8,38.9,32.8,35.7,35.7,54800
4597240,2011-01-21,KONE,34.9,34.9,32.1,32.3,32.3,21000
4597241,2011-01-24,KONE,31.9,32.6,30.9,31.0,31.0,8600
4597242,2011-01-25,KONE,30.7,30.7,27.9,28.8,28.8,19400
4597243,2011-01-26,KONE,28.9,31.3,28.8,31.0,31.0,8600
4597244,2011-01-27,KONE,31.3,33.1,31.3,31.4,31.4,6600
4597245,2011-01-28,KONE,31.3,31.8,28.1,29.1,29.1,9900
4597246,2011-01-31,KONE,28.6,29.4,28.5,29.1,29.1,5000
4597247,2011-02-01,KONE,29.2,31.9,29.2,31.1,31.1,5500
4597248,2011-02-02,KONE,30.2,30.9,30.0,30.4,30.4,1500
4597249,2011-02-03,KONE,30.6,30.6,29.4,29.8,29.8,1800
4597250,2011-02-04,KONE,29.7,30.4,29.7,30.1,30.1,1100
4597251,2011-02-07,KONE,29.8,30.1,29.3,29.7,29.7,4300
4597252,2011-02-08,KONE,29.4,29.4,28.8,29.0,29.0,5600
4597253,2011-02-09,KONE,29.0,29.0,28.3,28.4,28.4,4700
4597254,2011-02-10,KONE,28.3,28.5,27.2,28.5,28.5,9300
4597255,2011-02-11,KONE,28.3,28.4,27.3,27.9,27.9,5900
4597256,2011-02-14,KONE,28.1,29.0,28.1,28.9,28.9,2000
4597257,2011-02-15,KONE,28.6,28.7,28.1,28.6,28.6,2700
4597258,2011-02-16,KONE,28.7,29.1,28.6,28.7,28.7,2800
4597259,2011-02-17,KONE,28.8,28.8,28.1,28.2,28.2,4200
4597260,2011-02-18,KONE,28.3,28.3,27.1,27.6,27.6,3100
4597261,2011-02-22,KONE,27.4,27.4,25.3,26.4,26.4,9100
4597262,2011-02-23,KONE,26.3,27.0,26.1,26.4,26.4,5700
4597263,2011-02-24,KONE,26.0,26.7,25.9,26.1,26.1,3200
4597264,2011-02-25,KONE,26.0,26.4,25.5,26.2,26.2,3600
4597265,2011-02-28,KONE,25.6,26.2,24.6,25.9,25.9,12900
4597266,2011-03-01,KONE,25.5,26.1,25.5,25.9,25.9,6900
4597267,2011-03-02,KONE,25.6,26.0,25.3,26.0,26.0,3600
4597268,2011-03-03,KONE,25.6,26.2,25.3,26.0,26.0,3600
4597269,2011-03-04,KONE,26.4,26.5,25.7,25.9,25.9,1500
4597270,2011-03-07,KONE,25.6,26.1,25.1,25.2,25.2,3300
4597271,2011-03-08,KONE,25.3,25.8,25.2,25.8,25.8,2600
4597272,2011-03-09,KONE,25.6,25.7,25.0,25.0,25.0,3200
4597273,2011-03-10,KONE,24.7,25.0,24.5,25.0,25.0,3600
4597274,2011-03-11,KONE,24.7,24.7,23.9,24.3,24.3,2900
4597275,2011-03-14,KONE,23.0,23.2,22.1,23.0,23.0,6000
4597276,2011-03-15,KONE,21.0,21.9,20.5,21.7,21.7,10400
4597277,2011-03-16,KONE,21.7,22.2,21.7,21.9,21.9,2300
4597278,2011-03-17,KONE,21.9,22.8,21.9,22.5,22.5,1800
4597279,2011-03-18,KONE,22.0,22.0,21.3,21.8,21.8,1100
4597280,2011-03-21,KONE,21.6,22.0,21.0,21.0,21.0,2600
4597281,2011-03-22,KONE,21.0,21.6,20.5,20.8,20.8,1300
4597282,2011-03-23,KONE,20.6,21.9,20.0,21.3,21.3,6500
4597283,2011-03-24,KONE,21.7,21.8,21.5,21.8,21.8,900
4597284,2011-03-25,KONE,21.8,22.5,21.8,22.0,22.0,7500
4597285,2011-03-28,KONE,21.8,22.2,21.7,21.7,21.7,2600
4597286,2011-03-29,KONE,21.6,21.7,21.0,21.0,21.0,2500
4597287,2011-03-30,KONE,21.0,21.4,20.9,20.9,20.9,3200
4597288,2011-03-31,KONE,20.8,20.9,20.5,20.6,20.6,2600
4597289,2011-04-01,KONE,20.4,21.4,20.4,21.3,21.3,4700
4597290,2011-04-04,KONE,21.4,21.5,21.0,21.0,21.0,4100
4597291,2011-04-05,KONE,20.9,20.9,19.2,19.9,19.9,13400
4597292,2011-04-06,KONE,20.0,22.3,20.0,20.5,20.5,10000
4597293,2011-04-07,KONE,20.6,21.0,20.4,21.0,21.0,2000
4597294,2011-04-08,KONE,21.0,21.3,20.7,20.7,20.7,1500
4597295,2011-04-11,KONE,20.7,20.7,19.3,19.9,19.9,7900
4597296,2011-04-12,KONE,19.7,20.3,19.7,20.0,20.0,3000
4597297,2011-04-13,KONE,19.2,19.4,14.3,18.3,18.3,42500
4597298,2011-04-14,KONE,17.8,17.8,16.2,16.3,16.3,8800
4597299,2011-04-15,KONE,16.2,18.0,16.2,17.0,17.0,9200
4597300,2011-04-18,KONE,17.3,17.3,15.5,15.7,15.7,4100
4597301,2011-04-19,KONE,15.9,15.9,14.7,14.9,14.9,7000
4597302,2011-04-20,KONE,15.1,15.1,14.3,14.6,14.6,4600
4597303,2011-04-21,KONE,14.4,15.5,14.4,15.4,15.4,2400
4597304,2011-04-25,KONE,15.7,17.5,15.4,17.4,17.4,4600
4597305,2011-04-26,KONE,18.1,19.2,17.6,17.9,17.9,15400
4597306,2011-04-27,KONE,17.9,18.3,16.7,18.2,18.2,6100
4597307,2011-04-28,KONE,18.0,18.0,16.6,17.9,17.9,11300
4597308,2011-04-29,KONE,17.6,18.2,17.4,18.0,18.0,7300
4597309,2011-05-02,KONE,18.0,18.4,17.6,18.1,18.1,4500
4597310,2011-05-03,KONE,18.0,18.0,16.9,17.0,17.0,4300
4597311,2011-05-04,KONE,16.9,17.8,16.3,17.8,17.8,4900
4597312,2011-05-05,KONE,18.5,18.5,16.2,16.3,16.3,3600
4597313,2011-05-06,KONE,16.3,16.7,16.0,16.1,16.1,1300
4597314,2011-05-09,KONE,16.3,16.7,16.2,16.4,16.4,900
4597315,2011-05-10,KONE,16.5,16.8,16.5,16.8,16.8,400
4597316,2011-05-11,KONE,16.9,20.7,16.9,19.4,19.4,16800
4597317,2011-05-12,KONE,20.2,22.5,19.3,19.7,19.7,13400
4597318,2011-05-13,KONE,19.8,19.8,17.6,18.8,18.8,9400
4597319,2011-05-16,KONE,19.3,19.3,16.8,17.4,17.4,8100
4597320,2011-05-17,KONE,17.1,18.2,16.3,17.1,17.1,16600
4597321,2011-05-18,KONE,17.0,17.0,15.6,15.6,15.6,3900
4597322,2011-05-19,KONE,15.0,15.0,13.7,14.5,14.5,12900
4597323,2011-05-20,KONE,14.3,19.3,13.3,14.2,14.2,19200
4597324,2011-05-23,KONE,13.7,13.9,13.3,13.8,13.8,4300
4597325,2011-05-24,KONE,13.4,13.4,9.7,11.0,11.0,27800
4597326,2011-05-25,KONE,10.1,10.2,9.8,9.9,9.9,17400
4597327,2011-05-26,KONE,9.9,10.8,9.4,10.0,10.0,13600
4597328,2011-05-27,KONE,10.0,10.2,9.6,9.9,9.9,9200
4597329,2011-05-31,KONE,7.9,7.9,6.1,7.1,7.1,45200
4597330,2011-06-01,KONE,6.9,7.4,6.6,7.1,7.1,10300
4597331,2011-06-02,KONE,7.2,7.2,7.0,7.1,7.1,4100
4597332,2011-06-03,KONE,7.1,8.1,6.4,7.5,7.5,11900
4597333,2011-06-06,KONE,7.5,8.0,7.5,7.6,7.6,5600
4597334,2011-06-07,KONE,7.7,7.7,7.3,7.4,7.4,3700
4597335,2011-06-08,KONE,7.5,8.1,7.5,7.9,7.9,900
4597336,2011-06-09,KONE,8.1,8.2,8.0,8.0,8.0,3400
4597337,2011-06-10,KONE,8.5,8.8,8.3,8.3,8.3,7200
4597338,2011-06-13,KONE,9.0,10.0,8.7,9.3,9.3,12700
4597339,2011-06-14,KONE,9.3,9.3,9.0,9.0,9.0,4300
4597340,2011-06-15,KONE,9.1,9.9,9.1,9.5,9.5,3100
4597341,2011-06-16,KONE,10.0,10.8,9.8,9.9,9.9,6700
4597342,2011-06-17,KONE,9.9,10.4,9.9,9.9,9.9,9600
4597343,2011-06-20,KONE,9.4,10.6,9.3,10.3,10.3,5500
4597344,2011-06-21,KONE,10.0,10.2,9.9,9.9,9.9,1200
4597345,2011-06-22,KONE,9.7,9.8,9.5,9.7,9.7,1100
4597346,2011-06-23,KONE,9.7,9.7,9.0,9.0,9.0,3000
4597347,2011-06-24,KONE,9.2,9.4,9.1,9.1,9.1,1100
4597348,2011-06-27,KONE,9.0,9.3,8.3,9.2,9.2,5800
4597349,2011-06-28,KONE,9.0,9.2,9.0,9.0,9.0,1000
4597350,2011-06-29,KONE,9.0,9.4,9.0,9.1,9.1,1500
4597351,2011-06-30,KONE,9.3,9.3,9.0,9.0,9.0,600
4597352,2011-07-01,KONE,9.0,10.8,9.0,10.8,10.8,5100
4597353,2011-07-05,KONE,10.4,10.8,10.0,10.3,10.3,3100
4597354,2011-07-06,KONE,10.2,10.2,10.0,10.1,10.1,1200
4597355,2011-07-07,KONE,10.5,10.6,10.1,10.2,10.2,1400
4597356,2011-07-08,KONE,10.3,10.8,10.1,10.3,10.3,1100
4597357,2011-07-11,KONE,10.2,10.2,9.2,9.3,9.3,3700
4597358,2011-07-12,KONE,9.2,10.4,9.1,10.2,10.2,7000
4597359,2011-07-13,KONE,10.5,10.6,10.2,10.4,10.4,1100
4597360,2011-07-14,KONE,10.0,11.7,10.0,11.1,11.1,9200
4597361,2011-07-15,KONE,11.1,11.7,11.1,11.2,11.2,3000
4597362,2011-07-18,KONE,11.0,11.7,11.0,11.7,11.7,7000
4597363,2011-07-19,KONE,11.9,12.2,11.1,12.0,12.0,4800
4597364,2011-07-20,KONE,11.9,12.5,11.6,12.5,12.5,6000
4597365,2011-07-21,KONE,12.5,15.0,12.4,14.1,14.1,12400
4597366,2011-07-22,KONE,14.3,14.8,13.9,14.5,14.5,4600
4597367,2011-07-25,KONE,15.2,15.5,14.1,15.2,15.2,3300
4597368,2011-07-26,KONE,15.1,15.2,14.7,14.8,14.8,2000
4597369,2011-07-27,KONE,14.7,15.2,14.7,15.2,15.2,3500
4597370,2011-07-28,KONE,14.7,15.3,14.6,14.9,14.9,2200
4597371,2011-07-29,KONE,15.0,15.1,14.4,14.9,14.9,4600
4597372,2011-08-01,KONE,15.0,15.2,14.7,14.7,14.7,200
4597373,2011-08-02,KONE,14.4,15.0,14.0,14.0,14.0,2300
4597374,2011-08-03,KONE,14.4,15.8,14.4,15.4,15.4,7000
4597375,2011-08-04,KONE,15.8,15.8,14.2,15.0,15.0,3700
4597376,2011-08-05,KONE,15.1,15.1,9.5,11.0,11.0,8500
4597377,2011-08-08,KONE,9.4,11.9,9.1,10.0,10.0,7200
4597378,2011-08-09,KONE,9.4,11.1,9.4,10.0,10.0,900
4597379,2011-08-10,KONE,10.4,11.8,10.4,11.7,11.7,400
4597380,2011-08-11,KONE,11.9,11.9,11.0,11.1,11.1,800
4597381,2011-08-12,KONE,11.3,11.4,11.2,11.2,11.2,2200
4597382,2011-08-15,KONE,11.1,12.2,11.1,12.0,12.0,3000
4597383,2011-08-16,KONE,12.0,12.6,11.5,12.4,12.4,900
4597384,2011-08-17,KONE,12.4,12.9,12.4,12.8,12.8,100
4597385,2011-08-18,KONE,11.7,12.6,10.6,12.6,12.6,200
4597386,2011-08-19,KONE,12.1,12.1,11.0,11.0,11.0,300
4597387,2011-08-22,KONE,11.8,12.8,11.8,12.0,12.0,1300
4597388,2011-08-23,KONE,11.6,11.6,11.6,11.6,11.6,100
4597389,2011-08-24,KONE,11.6,11.6,11.6,11.6,11.6,0
4597390,2011-08-25,KONE,12.3,12.4,12.3,12.3,12.3,100
4597391,2011-08-26,KONE,11.4,12.0,11.2,12.0,12.0,600
4597392,2011-08-29,KONE,12.0,12.0,11.9,12.0,12.0,2200
4597393,2011-08-30,KONE,12.0,12.0,12.0,12.0,12.0,0
4597394,2011-08-31,KONE,10.9,12.4,10.9,12.1,12.1,0
4597395,2011-09-01,KONE,11.2,12.1,11.1,12.1,12.1,0
4597396,2011-09-02,KONE,12.1,12.1,12.1,12.1,12.1,0
4597397,2011-09-06,KONE,11.3,11.3,11.3,11.3,11.3,0
4597398,2011-09-07,KONE,10.6,11.5,10.6,11.5,11.5,100
4597399,2011-09-08,KONE,10.7,12.0,10.1,12.0,12.0,1100
4597400,2011-09-09,KONE,11.2,11.2,11.0,11.0,11.0,0
4597401,2011-09-12,KONE,11.0,12.4,11.0,12.0,12.0,3200
4597402,2011-09-13,KONE,11.0,11.9,11.0,11.2,11.2,0
4597403,2011-09-14,KONE,11.5,12.0,11.5,12.0,12.0,800
4597404,2011-09-15,KONE,12.0,12.0,12.0,12.0,12.0,0
4597405,2011-09-16,KONE,11.1,11.9,10.6,11.9,11.9,0
4597406,2011-09-19,KONE,11.0,13.6,10.5,12.0,12.0,700
4597407,2011-09-20,KONE,11.5,13.0,10.6,12.0,12.0,400
4597408,2011-09-21,KONE,12.0,12.0,11.5,11.5,11.5,0
4597409,2011-09-22,KONE,11.5,11.5,11.5,11.5,11.5,0
4597410,2011-09-23,KONE,11.5,11.7,10.5,11.7,11.7,100
4597411,2011-09-26,KONE,11.1,11.2,10.8,10.8,10.8,100
4597412,2011-09-27,KONE,11.3,12.0,11.3,12.0,12.0,2100
4597413,2011-09-28,KONE,11.5,11.5,11.5,11.5,11.5,1800
4597414,2011-09-29,KONE,10.7,10.7,10.7,10.7,10.7,0
4597415,2011-09-30,KONE,10.7,10.7,10.2,10.7,10.7,300
4597416,2011-10-03,KONE,10.1,10.2,9.7,9.7,9.7,300
4597417,2011-10-04,KONE,8.6,8.9,7.5,8.9,8.9,900
4597418,2011-10-05,KONE,8.9,10.0,8.9,9.0,9.0,200
4597419,2011-10-06,KONE,8.9,8.9,8.9,8.9,8.9,0
4597420,2011-10-07,KONE,8.9,8.9,8.9,8.9,8.9,0
4597421,2011-10-10,KONE,8.9,9.0,8.9,8.9,8.9,6800
4597422,2011-10-11,KONE,8.9,8.9,8.9,8.9,8.9,0
4597423,2011-10-12,KONE,8.9,8.9,8.1,8.4,8.4,1100
4597424,2011-10-13,KONE,8.1,8.1,7.9,7.9,7.9,200
4597425,2011-10-14,KONE,8.0,8.0,7.8,7.8,7.8,0
4597426,2011-10-17,KONE,7.8,7.8,7.8,7.8,7.8,0
4597427,2011-10-18,KONE,7.1,7.8,7.1,7.1,7.1,100
4597428,2011-10-19,KONE,7.1,7.1,7.1,7.1,7.1,100
4597429,2011-10-20,KONE,7.1,7.1,7.1,7.1,7.1,0
4597430,2011-10-21,KONE,7.2,7.2,7.2,7.2,7.2,0
4597431,2011-10-24,KONE,10.0,10.0,9.9,10.0,10.0,1000
4597432,2011-10-25,KONE,10.0,10.0,8.6,8.6,8.6,400
4597433,2011-10-26,KONE,9.9,10.6,8.5,9.2,9.2,2300
4597434,2011-10-27,KONE,10.0,10.0,8.2,9.6,9.6,1500
4597435,2011-10-28,KONE,8.7,9.0,8.7,8.7,8.7,100
4597436,2011-10-31,KONE,8.9,10.0,8.9,10.0,10.0,2000
4597437,2011-11-01,KONE,9.9,11.4,8.3,11.4,11.4,1500
4597438,2011-11-02,KONE,11.4,11.4,11.4,11.4,11.4,0
4597439,2011-11-03,KONE,11.0,11.0,9.3,9.5,9.5,100
4597440,2011-11-04,KONE,10.6,10.6,10.6,10.6,10.6,0
4597441,2011-11-07,KONE,10.6,10.6,9.1,9.4,9.4,100
4597442,2011-11-08,KONE,10.7,10.7,10.7,10.7,10.7,0
4597443,2011-11-09,KONE,10.7,10.7,8.6,8.9,8.9,100
4597444,2011-11-10,KONE,9.6,9.6,9.2,9.2,9.2,100
4597445,2011-11-11,KONE,10.4,10.4,8.0,9.6,9.6,1000
4597446,2011-11-14,KONE,8.1,8.2,7.9,8.0,8.0,300
4597447,2011-11-15,KONE,8.0,8.0,8.0,8.0,8.0,0
4597448,2011-11-16,KONE,7.6,8.8,7.1,8.7,8.7,400
4597449,2011-11-17,KONE,8.0,8.0,7.9,8.0,8.0,200
4597450,2011-11-18,KONE,7.7,8.1,7.1,8.1,8.1,900
4597451,2011-11-21,KONE,7.1,7.3,6.6,7.3,7.3,900
4597452,2011-11-22,KONE,7.3,7.3,7.3,7.3,7.3,0
4597453,2011-11-23,KONE,7.3,7.3,7.3,7.3,7.3,0
4597454,2011-11-25,KONE,7.3,7.3,7.3,7.3,7.3,0
4597455,2011-11-28,KONE,7.3,7.3,7.3,7.3,7.3,0
4597456,2011-11-29,KONE,6.8,7.3,6.2,6.2,6.2,2200
4597457,2011-11-30,KONE,6.2,9.9,6.2,7.9,7.9,5000
4597458,2011-12-01,KONE,8.0,8.5,8.0,8.0,8.0,300
4597459,2011-12-02,KONE,8.0,8.0,8.0,8.0,8.0,0
4597460,2011-12-05,KONE,8.6,8.7,8.3,8.3,8.3,100
4597461,2011-12-06,KONE,8.3,8.5,8.3,8.3,8.3,100
4597462,2011-12-07,KONE,8.3,8.3,8.3,8.3,8.3,0
4597463,2011-12-08,KONE,9.0,9.0,6.7,6.7,6.7,1400
4597464,2011-12-09,KONE,7.8,9.9,6.7,6.7,6.7,2300
4597465,2011-12-12,KONE,7.6,7.6,7.1,7.3,7.3,200
4597466,2011-12-13,KONE,6.8,6.8,6.6,6.8,6.8,400
4597467,2011-12-14,KONE,6.5,7.7,6.4,7.0,7.0,1100
4597468,2011-12-15,KONE,6.8,6.8,6.2,6.2,6.2,2100
4597469,2011-12-16,KONE,6.1,6.1,5.7,5.7,5.7,800
4597470,2011-12-19,KONE,5.9,5.9,5.6,5.6,5.6,1400
4597471,2011-12-20,KONE,5.4,5.4,3.9,4.7,4.7,7400
4597472,2011-12-21,KONE,4.4,5.3,4.3,4.6,4.6,1600
4597473,2011-12-22,KONE,4.4,5.2,4.4,4.7,4.7,1100
4597474,2011-12-23,KONE,4.6,5.0,4.2,4.2,4.2,2400
4597475,2011-12-27,KONE,3.8,4.2,3.5,4.1,4.1,1300
4597476,2011-12-28,KONE,4.2,4.4,3.6,3.6,3.6,1900
4597477,2011-12-29,KONE,3.5,3.8,3.1,3.4,3.4,3000
4597478,2011-12-30,KONE,3.4,3.4,3.1,3.1,3.1,600
4597479,2012-01-03,KONE,3.1,5.9,3.1,5.7,5.7,7400
4597480,2012-01-04,KONE,5.5,5.8,4.9,5.8,5.8,2700
4597481,2012-01-05,KONE,5.8,5.8,4.1,4.1,4.1,6900
4597482,2012-01-06,KONE,4.2,4.3,4.0,4.1,4.1,800
4597483,2012-01-09,KONE,4.4,5.2,4.3,4.9,4.9,800
4597484,2012-01-10,KONE,4.7,4.7,4.3,4.4,4.4,1000
4597485,2012-01-11,KONE,4.3,4.3,4.1,4.3,4.3,300
4597486,2012-01-12,KONE,4.4,4.9,4.2,4.2,4.2,5300
4597487,2012-01-13,KONE,4.1,4.2,3.7,3.9,3.9,2200
4597488,2012-01-17,KONE,3.9,4.0,3.8,3.9,3.9,400
4597489,2012-01-18,KONE,4.2,4.2,4.1,4.2,4.2,300
4597490,2012-01-19,KONE,4.2,4.7,4.2,4.6,4.6,500
4597491,2012-01-20,KONE,4.8,4.8,4.8,4.8,4.8,1600
4597492,2012-01-23,KONE,4.7,4.7,4.3,4.6,4.6,400
4597493,2012-01-24,KONE,4.3,4.5,4.1,4.4,4.4,200
4597494,2012-01-25,KONE,4.1,4.4,4.1,4.4,4.4,0
4597495,2012-01-26,KONE,4.1,4.1,4.1,4.1,4.1,200
4597496,2012-01-27,KONE,3.9,4.0,3.3,3.9,3.9,2200
4597497,2012-01-30,KONE,3.5,3.7,3.5,3.6,3.6,1400
4597498,2012-01-31,KONE,3.7,4.5,3.7,4.0,4.0,2100
4597499,2012-02-01,KONE,4.2,4.3,4.0,4.0,4.0,600
4597500,2012-02-02,KONE,4.0,5.1,4.0,4.1,4.1,1900
4597501,2012-02-03,KONE,4.2,4.2,4.0,4.2,4.2,1400
4597502,2012-02-06,KONE,4.5,4.5,3.8,3.8,3.8,600
4597503,2012-02-07,KONE,4.0,4.1,3.6,4.1,4.1,1200
4597504,2012-02-08,KONE,4.0,5.0,4.0,4.5,4.5,5100
4597505,2012-02-09,KONE,4.8,5.1,4.2,4.8,4.8,3500
4597506,2012-02-10,KONE,5.0,6.5,5.0,6.4,6.4,7700
4597507,2012-02-13,KONE,6.5,8.4,6.4,6.6,6.6,8000
4597508,2012-02-14,KONE,6.8,8.1,4.8,5.7,5.7,3600
4597509,2012-02-15,KONE,5.7,5.9,4.2,4.7,4.7,12800
4597510,2012-02-16,KONE,4.9,4.9,4.7,4.8,4.8,1300
4597511,2012-02-17,KONE,4.9,5.5,4.7,5.2,5.2,3000
4597512,2012-02-21,KONE,4.8,5.1,4.6,4.9,4.9,1100
4597513,2012-02-22,KONE,4.7,4.9,4.0,4.1,4.1,5100
4597514,2012-02-23,KONE,4.0,4.5,4.0,4.3,4.3,2500
4597515,2012-02-24,KONE,4.2,4.3,4.0,4.0,4.0,500
4597516,2012-02-27,KONE,4.4,4.4,4.0,4.0,4.0,900
4597517,2012-02-28,KONE,4.0,4.2,4.0,4.0,4.0,600
4597518,2012-02-29,KONE,4.0,4.2,3.8,4.2,4.2,1900
4597519,2012-03-01,KONE,4.0,4.1,4.0,4.0,4.0,700
4597520,2012-03-02,KONE,4.1,4.5,4.1,4.3,4.3,1800
4597521,2012-03-05,KONE,4.4,4.5,4.1,4.5,4.5,1200
4597522,2012-03-06,KONE,4.5,4.6,4.5,4.5,4.5,2100
4597523,2012-03-07,KONE,4.6,4.6,4.6,4.6,4.6,100
4597524,2012-03-08,KONE,4.6,4.6,4.6,4.6,4.6,0
4597525,2012-03-09,KONE,4.3,4.7,4.3,4.7,4.7,0
4597526,2012-03-12,KONE,4.7,4.7,4.7,4.7,4.7,0
4597527,2012-03-13,KONE,4.6,4.7,4.6,4.7,4.7,100
4597528,2012-03-14,KONE,4.5,4.5,4.0,4.0,4.0,200
4597529,2012-03-15,KONE,4.5,4.6,4.2,4.3,4.3,2200
4597530,2012-03-16,KONE,4.5,4.7,4.3,4.4,4.4,1400
4597531,2012-03-19,KONE,4.4,5.0,4.4,4.8,4.8,100
4597532,2012-03-20,KONE,4.4,4.9,4.1,4.8,4.8,800
4597533,2012-03-21,KONE,4.8,4.8,4.8,4.8,4.8,0
4597534,2012-03-22,KONE,4.4,4.5,4.4,4.5,4.5,200
4597535,2012-03-23,KONE,4.5,4.5,4.5,4.5,4.5,0
4597536,2012-03-26,KONE,4.2,4.5,4.2,4.5,4.5,600
4597537,2012-03-27,KONE,4.5,4.5,4.5,4.5,4.5,0
4597538,2012-03-28,KONE,4.5,4.8,4.5,4.8,4.8,0
4597539,2012-03-29,KONE,4.3,4.3,4.2,4.2,4.2,300
4597540,2012-03-30,KONE,4.2,4.2,4.2,4.2,4.2,0
4597541,2012-04-02,KONE,4.5,4.9,4.5,4.9,4.9,1000
4597542,2012-04-03,KONE,4.5,4.5,4.5,4.5,4.5,100
4597543,2012-04-04,KONE,4.5,5.4,4.5,4.8,4.8,1000
4597544,2012-04-05,KONE,4.9,5.0,4.4,4.4,4.4,800
4597545,2012-04-09,KONE,4.4,4.9,4.0,4.5,4.5,900
4597546,2012-04-10,KONE,4.5,4.5,4.2,4.5,4.5,1800
4597547,2012-04-11,KONE,4.6,4.6,4.6,4.6,4.6,1000
4597548,2012-04-12,KONE,4.3,5.0,4.0,5.0,5.0,700
4597549,2012-04-13,KONE,4.1,5.4,3.6,5.0,5.0,7700
4597550,2012-04-16,KONE,4.5,4.5,4.0,4.1,4.1,700
4597551,2012-04-17,KONE,4.0,4.9,4.0,4.9,4.9,1000
4597552,2012-04-18,KONE,4.9,5.2,4.0,4.4,4.4,900
4597553,2012-04-19,KONE,4.6,4.6,4.0,4.6,4.6,400
4597554,2012-04-20,KONE,4.1,4.8,4.0,4.1,4.1,1400
4597555,2012-04-23,KONE,4.5,4.5,3.9,4.2,4.2,0
4597556,2012-04-24,KONE,4.0,4.5,4.0,4.5,4.5,1300
4597557,2012-04-25,KONE,4.1,4.3,4.0,4.0,4.0,200
4597558,2012-04-26,KONE,4.1,4.5,4.1,4.1,4.1,100
4597559,2012-04-27,KONE,4.0,4.3,4.0,4.0,4.0,800
4597560,2012-04-30,KONE,4.0,4.0,4.0,4.0,4.0,0
4597561,2012-05-01,KONE,4.2,4.2,4.0,4.0,4.0,0
4597562,2012-05-02,KONE,4.1,4.1,4.1,4.1,4.1,100
4597563,2012-05-03,KONE,4.1,4.5,4.1,4.5,4.5,400
4597564,2012-05-04,KONE,4.5,4.5,4.5,4.5,4.5,0
4597565,2012-05-07,KONE,4.0,4.1,3.5,4.1,4.1,200
4597566,2012-05-08,KONE,4.2,4.2,3.8,4.0,4.0,100
4597567,2012-05-09,KONE,4.0,4.0,3.5,3.5,3.5,500
4597568,2012-05-10,KONE,3.5,4.1,3.5,4.1,4.1,800
4597569,2012-05-11,KONE,4.0,4.0,3.4,3.4,3.4,1800
4597570,2012-05-14,KONE,3.4,3.5,3.4,3.4,3.4,400
4597571,2012-05-15,KONE,3.4,3.4,3.4,3.4,3.4,300
4597572,2012-05-16,KONE,3.4,3.4,3.4,3.4,3.4,0
4597573,2012-05-17,KONE,3.4,4.0,3.4,4.0,4.0,600
4597574,2012-05-18,KONE,4.0,4.0,4.0,4.0,4.0,100
4597575,2012-05-21,KONE,3.3,4.0,3.3,4.0,4.0,100
4597576,2012-05-22,KONE,4.0,4.0,4.0,4.0,4.0,0
4597577,2012-05-23,KONE,4.0,4.0,4.0,4.0,4.0,0
4597578,2012-05-24,KONE,4.0,4.0,4.0,4.0,4.0,0
4597579,2012-05-25,KONE,3.8,3.8,3.8,3.8,3.8,300
4597580,2012-05-29,KONE,3.9,4.0,3.9,4.0,4.0,600
4597581,2012-05-30,KONE,3.7,4.0,3.7,4.0,4.0,300
4597582,2012-05-31,KONE,3.6,3.6,3.5,3.5,3.5,1100
4597583,2012-06-01,KONE,2.8,3.4,2.3,3.1,3.1,2400
4597584,2012-06-04,KONE,3.2,3.8,3.1,3.1,3.1,600
4597585,2012-06-05,KONE,2.6,2.7,2.5,2.7,2.7,1100
4597586,2012-06-06,KONE,3.4,3.4,3.3,3.3,3.3,100
4597587,2012-06-07,KONE,3.3,3.3,2.7,2.8,2.8,800
4597588,2012-06-08,KONE,2.8,3.1,2.8,2.9,2.9,600
4597589,2012-06-11,KONE,2.8,2.8,2.8,2.8,2.8,100
4597590,2012-06-12,KONE,2.8,2.8,2.8,2.8,2.8,0
4597591,2012-06-13,KONE,2.9,3.4,2.4,2.4,2.4,900
4597592,2012-06-14,KONE,2.8,2.8,2.5,2.8,2.8,100
4597593,2012-06-15,KONE,2.9,3.0,2.9,3.0,3.0,800
4597594,2012-06-18,KONE,2.4,2.9,2.4,2.9,2.9,200
4597595,2012-06-19,KONE,3.0,3.0,3.0,3.0,3.0,0
4597596,2012-06-20,KONE,3.0,3.0,3.0,3.0,3.0,0
4597597,2012-06-21,KONE,3.0,3.0,3.0,3.0,3.0,0
4597598,2012-06-22,KONE,2.8,3.7,2.8,3.7,3.7,800
4597599,2012-06-25,KONE,3.7,3.7,3.7,3.7,3.7,100
4597600,2012-06-26,KONE,3.1,3.9,3.1,3.9,3.9,0
4597601,2012-06-27,KONE,3.2,3.2,3.2,3.2,3.2,100
4597602,2012-06-28,KONE,3.2,3.2,3.2,3.2,3.2,0
4597603,2012-06-29,KONE,2.9,2.9,2.8,2.8,2.8,500
4597604,2012-07-02,KONE,2.5,2.8,2.5,2.8,2.8,400
4597605,2012-07-03,KONE,2.4,3.0,2.4,3.0,3.0,0
4597606,2012-07-05,KONE,3.0,3.0,3.0,3.0,3.0,0
4597607,2012-07-06,KONE,2.5,2.5,2.2,2.2,2.2,100
4597608,2012-07-09,KONE,3.0,3.0,2.9,2.9,2.9,0
4597609,2012-07-10,KONE,2.9,2.9,2.2,2.3,2.3,1600
4597610,2012-07-11,KONE,3.0,3.2,2.4,2.8,2.8,400
4597611,2012-07-12,KONE,2.8,3.0,2.5,3.0,3.0,400
4597612,2012-07-13,KONE,2.9,2.9,2.9,2.9,2.9,200
4597613,2012-07-16,KONE,2.9,2.9,2.9,2.9,2.9,0
4597614,2012-07-17,KONE,2.8,2.8,2.4,2.7,2.7,100
4597615,2012-07-18,KONE,2.8,2.8,2.7,2.7,2.7,0
4597616,2012-07-19,KONE,2.8,2.8,2.7,2.7,2.7,1000
4597617,2012-07-20,KONE,3.0,3.0,2.8,2.8,2.8,1100
4597618,2012-07-23,KONE,2.7,2.7,2.7,2.7,2.7,300
4597619,2012-07-24,KONE,2.7,3.0,2.7,3.0,3.0,1000
4597620,2012-07-25,KONE,3.0,3.0,3.0,3.0,3.0,0
4597621,2012-07-26,KONE,2.7,2.7,2.7,2.7,2.7,0
4597622,2012-07-27,KONE,2.7,2.7,2.7,2.7,2.7,0
4597623,2012-07-30,KONE,2.7,2.7,2.7,2.7,2.7,0
4597624,2012-07-31,KONE,2.9,2.9,2.9,2.9,2.9,0
4597625,2012-08-01,KONE,2.9,2.9,2.9,2.9,2.9,0
4597626,2012-08-02,KONE,2.6,2.6,2.6,2.6,2.6,0
4597627,2012-08-03,KONE,2.2,2.2,2.2,2.2,2.2,100
4597628,2012-08-06,KONE,2.2,2.2,2.2,2.2,2.2,0
4597629,2012-08-07,KONE,2.2,2.2,2.2,2.2,2.2,100
4597630,2012-08-08,KONE,2.2,2.2,2.2,2.2,2.2,0
4597631,2012-08-09,KONE,2.2,3.0,1.8,3.0,3.0,2200
4597632,2012-08-10,KONE,2.7,2.7,2.1,2.1,2.1,300
4597633,2012-08-13,KONE,2.5,2.5,2.0,2.0,2.0,0
4597634,2012-08-14,KONE,2.2,2.2,2.2,2.2,2.2,0
4597635,2012-08-15,KONE,2.5,2.9,2.5,2.9,2.9,100
4597636,2012-08-16,KONE,2.9,2.9,2.9,2.9,2.9,0
4597637,2012-08-17,KONE,2.9,2.9,2.9,2.9,2.9,0
4597638,2012-08-20,KONE,2.9,2.9,2.9,2.9,2.9,0
4597639,2012-08-21,KONE,2.9,2.9,2.9,2.9,2.9,0
4597640,2012-08-22,KONE,2.9,2.9,2.9,2.9,2.9,0
4597641,2012-08-23,KONE,2.3,2.4,1.9,2.4,2.4,1600
4597642,2012-08-24,KONE,2.8,2.8,2.2,2.8,2.8,600
4597643,2012-08-27,KONE,2.6,2.6,2.3,2.5,2.5,200
4597644,2012-08-28,KONE,2.4,2.4,2.4,2.4,2.4,0
4597645,2012-08-29,KONE,2.2,2.2,2.2,2.2,2.2,100
4597646,2012-08-30,KONE,2.2,2.2,2.2,2.2,2.2,0
4597647,2012-08-31,KONE,2.2,2.3,2.2,2.3,2.3,100
4597648,2012-09-04,KONE,2.8,3.1,2.8,3.0,3.0,1000
4597649,2012-09-05,KONE,3.2,3.2,3.0,3.0,3.0,900
4597650,2012-09-06,KONE,3.0,3.0,3.0,3.0,3.0,100
4597651,2012-09-07,KONE,2.5,3.0,2.1,2.1,2.1,1000
4597652,2012-09-10,KONE,2.2,2.4,2.2,2.4,2.4,300
4597653,2012-09-11,KONE,2.4,2.4,2.4,2.4,2.4,0
4597654,2012-09-12,KONE,2.4,2.6,2.3,2.6,2.6,300
4597655,2012-09-13,KONE,2.2,2.6,2.1,2.6,2.6,0
4597656,2012-09-14,KONE,2.6,2.6,2.6,2.6,2.6,0
4597657,2012-09-17,KONE,2.1,2.6,2.1,2.6,2.6,200
4597658,2012-09-18,KONE,2.5,2.5,2.5,2.5,2.5,100
4597659,2012-09-19,KONE,2.0,2.5,2.0,2.5,2.5,400
4597660,2012-09-20,KONE,2.1,2.3,2.1,2.3,2.3,500
4597661,2012-09-21,KONE,2.3,2.4,2.1,2.1,2.1,1900
4597662,2012-09-24,KONE,2.1,2.3,1.9,2.2,2.2,800
4597663,2012-09-25,KONE,1.8,2.3,1.8,2.3,2.3,0
4597664,2012-09-26,KONE,1.9,2.3,1.9,2.3,2.3,200
4597665,2012-09-27,KONE,2.3,2.3,2.3,2.3,2.3,0
4597666,2012-09-28,KONE,1.8,2.1,1.8,2.1,2.1,400
4597667,2012-10-01,KONE,2.1,2.1,2.1,2.1,2.1,0
4597668,2012-10-02,KONE,1.8,2.0,1.8,1.8,1.8,300
4597669,2012-10-03,KONE,1.8,2.0,1.8,2.0,2.0,1700
4597670,2012-10-04,KONE,2.6,2.6,2.0,2.4,2.4,400
4597671,2012-10-05,KONE,2.4,2.4,2.4,2.4,2.4,0
4597672,2012-10-08,KONE,1.9,2.2,1.9,2.2,2.2,900
4597673,2012-10-09,KONE,2.7,3.5,2.6,3.4,3.4,14200
4597674,2012-10-10,KONE,3.4,3.4,2.5,2.8,2.8,500
4597675,2012-10-11,KONE,2.8,2.8,2.8,2.8,2.8,200
4597676,2012-10-12,KONE,2.8,2.8,2.8,2.8,2.8,0
4597677,2012-10-15,KONE,2.3,2.8,2.2,2.5,2.5,1700
4597678,2012-10-16,KONE,2.4,2.5,2.0,2.2,2.2,2000
4597679,2012-10-17,KONE,2.2,2.2,2.2,2.2,2.2,0
4597680,2012-10-18,KONE,1.6,2.2,1.5,2.1,2.1,300
4597681,2012-10-19,KONE,2.5,2.8,2.5,2.5,2.5,100
4597682,2012-10-22,KONE,2.8,3.0,2.8,3.0,3.0,1300
4597683,2012-10-23,KONE,3.0,3.0,3.0,3.0,3.0,300
4597684,2012-10-24,KONE,3.0,3.0,2.2,2.5,2.5,300
4597685,2012-10-25,KONE,2.5,2.5,2.5,2.5,2.5,0
4597686,2012-10-26,KONE,2.3,2.9,2.2,2.2,2.2,100
4597687,2012-10-31,KONE,2.7,3.0,2.3,2.7,2.7,1300
4597688,2012-11-01,KONE,2.7,2.7,2.7,2.7,2.7,0
4597689,2012-11-02,KONE,2.8,3.0,2.8,3.0,3.0,500
4597690,2012-11-05,KONE,2.4,2.8,2.4,2.8,2.8,500
4597691,2012-11-06,KONE,2.05,3.07,2.05,2.94,2.94,5500
4597692,2012-11-07,KONE,2.94,2.94,2.94,2.94,2.94,0
4597693,2012-11-08,KONE,2.51,2.8,2.11,2.47,2.47,2700
4597694,2012-11-09,KONE,2.11,2.17,2.11,2.17,2.17,3400
4597695,2012-11-12,KONE,2.17,2.17,2.17,2.17,2.17,0
4597696,2012-11-13,KONE,2.17,2.17,2.17,2.17,2.17,0
4597697,2012-11-14,KONE,2.17,2.17,2.17,2.17,2.17,0
4597698,2012-11-15,KONE,2.17,2.17,2.17,2.17,2.17,0
4597699,2012-11-16,KONE,2.1,2.15,2.1,2.15,2.15,700
4597700,2012-11-19,KONE,2.03,2.04,1.88,1.88,1.88,5000
4597701,2012-11-20,KONE,1.88,1.88,1.88,1.88,1.88,0
4597702,2012-11-21,KONE,1.57,1.6,1.56,1.6,1.6,1900
4597703,2012-11-23,KONE,1.6,1.6,1.6,1.6,1.6,0
4597704,2012-11-26,KONE,1.6,1.65,1.6,1.65,1.65,5500
4597705,2012-11-27,KONE,1.85,2.5,1.85,2.32,2.32,12900
4597706,2012-11-28,KONE,2.79,2.85,2.04,2.72,2.72,1400
4597707,2012-11-29,KONE,2.34,2.79,2.03,2.4,2.4,19100
4597708,2012-11-30,KONE,2.71,2.71,2.31,2.71,2.71,700
4597709,2012-12-03,KONE,2.71,2.71,2.5,2.5,2.5,4900
4597710,2012-12-04,KONE,2.5,2.5,2.2,2.2,2.2,300
4597711,2012-12-05,KONE,2.38,2.5,2.22,2.22,2.22,2800
4597712,2012-12-06,KONE,2.66,2.9,2.37,2.75,2.75,11200
4597713,2012-12-07,KONE,2.94,3.41,2.94,3.4,3.4,6100
4597714,2012-12-10,KONE,3.7,3.7,3.6,3.7,3.7,8800
4597715,2012-12-11,KONE,3.93,5.05,3.38,3.73,3.73,38300
4597716,2012-12-12,KONE,3.68,4.0,3.68,3.8,3.8,2200
4597717,2012-12-13,KONE,3.56,3.56,3.11,3.11,3.11,1600
4597718,2012-12-14,KONE,3.19,3.19,2.8,2.85,2.85,7900
4597719,2012-12-17,KONE,2.85,2.94,2.72,2.94,2.94,7600
4597720,2012-12-18,KONE,2.94,2.94,2.89,2.89,2.89,3600
4597721,2012-12-19,KONE,2.89,2.89,2.89,2.89,2.89,1900
4597722,2012-12-20,KONE,2.89,2.89,2.67,2.7,2.7,1600
4597723,2012-12-21,KONE,2.7,3.14,2.57,3.1,3.1,3200
4597724,2012-12-24,KONE,3.1,3.1,3.1,3.1,3.1,0
4597725,2012-12-26,KONE,3.2,3.2,2.77,3.05,3.05,1900
4597726,2012-12-27,KONE,3.05,3.05,3.05,3.05,3.05,0
4597727,2012-12-28,KONE,3.1,3.1,3.07,3.07,3.07,900
4597728,2012-12-31,KONE,3.07,3.07,3.05,3.05,3.05,600
4597729,2013-01-02,KONE,2.97,2.97,2.96,2.97,2.97,700
4597730,2013-01-03,KONE,2.77,2.77,2.77,2.77,2.77,500
4597731,2013-01-04,KONE,2.56,2.66,2.56,2.66,2.66,800
4597732,2013-01-07,KONE,2.25,3.18,2.25,3.18,3.18,1000
4597733,2013-01-08,KONE,3.11,3.11,3.11,3.11,3.11,300
4597734,2013-01-09,KONE,3.07,3.07,3.06,3.06,3.06,200
4597735,2013-01-10,KONE,2.94,3.01,2.61,3.0,3.0,1400
4597736,2013-01-11,KONE,3.1,3.58,3.07,3.12,3.12,6900
4597737,2013-01-14,KONE,3.12,3.12,3.12,3.12,3.12,0
4597738,2013-01-15,KONE,3.37,3.37,2.46,3.05,3.05,3100
4597739,2013-01-16,KONE,3.05,3.05,3.05,3.05,3.05,0
4597740,2013-01-17,KONE,2.9,3.36,2.9,3.31,3.31,2200
4597741,2013-01-18,KONE,3.35,3.35,2.86,3.15,3.15,9800
4597742,2013-01-22,KONE,3.19,3.19,3.19,3.19,3.19,400
4597743,2013-01-23,KONE,3.15,3.16,3.15,3.16,3.16,400
4597744,2013-01-24,KONE,3.17,3.27,3.17,3.2,3.2,3600
4597745,2013-01-25,KONE,3.3,3.36,3.18,3.36,3.36,7800
4597746,2013-01-28,KONE,3.36,3.36,3.36,3.36,3.36,0
4597747,2013-01-29,KONE,3.18,3.18,3.18,3.18,3.18,200
4597748,2013-01-30,KONE,3.18,3.2,3.18,3.2,3.2,200
4597749,2013-01-31,KONE,3.16,3.66,3.16,3.65,3.65,3400
4597750,2013-02-01,KONE,4.01,4.01,3.8,3.86,3.86,1300
4597751,2013-02-04,KONE,3.86,3.86,3.86,3.86,3.86,0
4597752,2013-02-05,KONE,4.15,4.15,3.8,4.0,4.0,1500
4597753,2013-02-06,KONE,4.0,4.0,4.0,4.0,4.0,0
4597754,2013-02-07,KONE,4.0,4.0,4.0,4.0,4.0,0
4597755,2013-02-08,KONE,4.0,4.0,4.0,4.0,4.0,0
4597756,2013-02-11,KONE,4.05,4.17,4.05,4.16,4.16,1300
4597757,2013-02-12,KONE,3.75,4.41,3.75,4.01,4.01,3500
4597758,2013-02-13,KONE,4.18,4.18,3.7,3.98,3.98,1900
4597759,2013-02-14,KONE,3.98,3.98,3.98,3.98,3.98,0
4597760,2013-02-15,KONE,3.98,3.98,3.98,3.98,3.98,0
4597761,2013-02-19,KONE,3.27,3.5,3.27,3.5,3.5,1500
4597762,2013-02-20,KONE,3.5,3.5,3.5,3.5,3.5,0
4597763,2013-02-21,KONE,3.38,3.89,3.29,3.89,3.89,400
4597764,2013-02-22,KONE,3.94,3.94,3.41,3.41,3.41,1700
4597765,2013-02-25,KONE,3.41,3.41,3.41,3.41,3.41,0
4597766,2013-02-26,KONE,3.41,3.41,3.41,3.41,3.41,0
4597767,2013-02-27,KONE,3.87,3.87,3.2,3.2,3.2,1600
4597768,2013-02-28,KONE,3.37,3.37,3.21,3.23,3.23,600
4597769,2013-03-01,KONE,3.23,3.23,3.23,3.23,3.23,0
4597770,2013-03-04,KONE,3.23,3.23,3.23,3.23,3.23,0
4597771,2013-03-05,KONE,3.23,3.23,3.23,3.23,3.23,0
4597772,2013-03-06,KONE,3.23,3.23,3.23,3.23,3.23,0
4597773,2013-03-07,KONE,3.23,3.23,3.23,3.23,3.23,0
4597774,2013-03-08,KONE,3.23,3.23,3.23,3.23,3.23,0
4597775,2013-03-11,KONE,3.23,3.23,3.23,3.23,3.23,0
4597776,2013-03-12,KONE,3.47,3.5,3.47,3.5,3.5,500
4597777,2013-03-13,KONE,3.5,3.5,3.5,3.5,3.5,0
4597778,2013-03-14,KONE,3.5,3.5,3.5,3.5,3.5,0
4597779,2013-03-15,KONE,3.5,3.5,3.5,3.5,3.5,0
4597780,2013-03-18,KONE,3.5,3.5,3.5,3.5,3.5,0
4597781,2013-03-19,KONE,3.5,3.5,3.5,3.5,3.5,0
4597782,2013-03-20,KONE,3.5,3.5,3.5,3.5,3.5,0
4597783,2013-03-21,KONE,3.21,3.21,2.7,3.0,3.0,1400
4597784,2013-03-22,KONE,2.87,2.88,2.87,2.88,2.88,400
4597785,2013-03-25,KONE,3.08,3.08,3.08,3.08,3.08,200
4597786,2013-03-26,KONE,3.08,3.08,3.08,3.08,3.08,0
4597787,2013-03-27,KONE,3.08,3.08,3.08,3.08,3.08,0
4597788,2013-03-28,KONE,3.08,3.08,3.08,3.08,3.08,0
4597789,2013-04-01,KONE,3.08,3.08,3.08,3.08,3.08,0
4597790,2013-04-02,KONE,2.92,2.92,2.92,2.92,2.92,200
4597791,2013-04-03,KONE,2.72,2.72,2.72,2.72,2.72,500
4597792,2013-04-04,KONE,2.72,2.72,2.72,2.72,2.72,0
4597793,2013-04-05,KONE,2.72,2.72,2.72,2.72,2.72,0
4597794,2013-04-08,KONE,3.09,3.09,2.71,2.71,2.71,300
4597795,2013-04-09,KONE,2.72,2.72,2.72,2.72,2.72,100
4597796,2013-04-10,KONE,2.72,2.72,2.72,2.72,2.72,0
4597797,2013-04-11,KONE,2.99,3.01,2.98,2.98,2.98,1400
4597798,2013-04-12,KONE,2.96,2.96,2.96,2.96,2.96,200
4597799,2013-04-15,KONE,2.96,2.96,2.96,2.96,2.96,0
4597800,2013-04-16,KONE,2.96,2.96,2.96,2.96,2.96,0
4597801,2013-04-17,KONE,2.75,2.75,2.14,2.18,2.18,4000
4597802,2013-04-18,KONE,1.98,1.98,1.98,1.98,1.98,100
4597803,2013-04-19,KONE,1.98,1.98,1.98,1.98,1.98,0
4597804,2013-04-22,KONE,2.15,2.19,2.15,2.19,2.19,300
4597805,2013-04-23,KONE,2.22,2.26,2.22,2.23,2.23,800
4597806,2013-04-24,KONE,2.23,2.23,2.23,2.23,2.23,0
4597807,2013-04-25,KONE,2.38,2.38,2.15,2.23,2.23,300
4597808,2013-04-26,KONE,2.23,2.23,2.23,2.23,2.23,0
4597809,2013-04-29,KONE,2.23,2.23,2.23,2.23,2.23,0
4597810,2013-04-30,KONE,0.99,1.99,0.99,1.95,1.95,4300
4597811,2013-05-01,KONE,2.26,3.08,2.26,2.4,2.4,4400
4597812,2013-05-02,KONE,2.5,4.4,1.7,3.2,3.2,27900
4597813,2013-05-03,KONE,3.31,3.31,2.65,2.65,2.65,2900
4597814,2013-05-06,KONE,2.63,2.63,2.63,2.63,2.63,200
4597815,2013-05-07,KONE,2.93,2.93,2.55,2.6,2.6,3800
4597816,2013-05-08,KONE,2.6,2.6,2.6,2.6,2.6,0
4597817,2013-05-09,KONE,2.6,2.6,2.6,2.6,2.6,0
4597818,2013-05-10,KONE,2.57,2.57,2.55,2.55,2.55,500
4597819,2013-05-13,KONE,2.55,2.55,2.55,2.55,2.55,0
4597820,2013-05-14,KONE,2.55,2.55,2.55,2.55,2.55,500
4597821,2013-05-15,KONE,2.55,2.55,2.55,2.55,2.55,500
4597822,2013-05-16,KONE,2.55,2.55,2.55,2.55,2.55,300
4597823,2013-05-17,KONE,2.55,2.55,2.55,2.55,2.55,0
4597824,2013-05-20,KONE,2.56,2.59,2.56,2.59,2.59,300
4597825,2013-05-21,KONE,2.57,2.57,2.57,2.57,2.57,2500
4597826,2013-05-22,KONE,2.64,2.97,2.64,2.97,2.97,200
4597827,2013-05-23,KONE,2.75,2.75,2.75,2.75,2.75,200
4597828,2013-05-24,KONE,2.75,2.76,2.75,2.76,2.76,300
4597829,2013-05-28,KONE,2.59,2.76,2.55,2.65,2.65,800
4597830,2013-05-29,KONE,2.65,2.65,2.65,2.65,2.65,0
4597831,2013-05-30,KONE,2.55,2.55,2.16,2.21,2.21,1900
4597832,2013-05-31,KONE,2.25,2.32,2.25,2.25,2.25,400
4597833,2013-06-03,KONE,2.25,2.25,2.25,2.25,2.25,0
4597834,2013-06-04,KONE,2.26,2.35,2.26,2.35,2.35,400
4597835,2013-06-05,KONE,2.36,2.36,2.36,2.36,2.36,200
4597836,2013-06-06,KONE,2.41,2.68,2.41,2.58,2.58,1900
4597837,2013-06-07,KONE,2.59,2.79,2.53,2.53,2.53,900
4597838,2013-06-10,KONE,2.54,2.95,2.07,2.95,2.95,1500
4597839,2013-06-11,KONE,2.95,2.95,2.95,2.95,2.95,0
4597840,2013-06-12,KONE,2.71,2.71,2.71,2.71,2.71,100
4597841,2013-06-13,KONE,2.3,2.3,2.3,2.3,2.3,200
4597842,2013-06-14,KONE,2.3,2.35,2.3,2.35,2.35,1600
4597843,2013-06-17,KONE,2.3,2.55,1.73,2.53,2.53,1900
4597844,2013-06-18,KONE,2.53,2.53,2.53,2.53,2.53,0
4597845,2013-06-19,KONE,2.09,2.5,2.09,2.34,2.34,4100
4597846,2013-06-20,KONE,2.27,2.47,2.17,2.17,2.17,2100
4597847,2013-06-21,KONE,2.22,2.22,2.1,2.1,2.1,800
4597848,2013-06-24,KONE,2.1,2.1,2.1,2.1,2.1,0
4597849,2013-06-25,KONE,2.1,2.1,2.1,2.1,2.1,0
4597850,2013-06-26,KONE,2.1,2.1,2.1,2.1,2.1,0
4597851,2013-06-27,KONE,2.15,2.15,2.15,2.15,2.15,400
4597852,2013-06-28,KONE,2.15,2.15,2.15,2.15,2.15,0
4597853,2013-07-01,KONE,2.15,2.15,2.15,2.15,2.15,0
4597854,2013-07-02,KONE,2.15,2.15,2.15,2.15,2.15,0
4597855,2013-07-03,KONE,2.15,2.15,2.15,2.15,2.15,0
4597856,2013-07-05,KONE,1.77,2.52,1.77,2.45,2.45,1500
4597857,2013-07-08,KONE,2.51,2.51,2.51,2.51,2.51,500
4597858,2013-07-09,KONE,2.51,2.51,2.51,2.51,2.51,0
4597859,2013-07-10,KONE,2.51,2.51,2.51,2.51,2.51,0
4597860,2013-07-11,KONE,2.12,2.44,2.12,2.44,2.44,400
4597861,2013-07-12,KONE,2.44,2.44,2.44,2.44,2.44,0
4597862,2013-07-15,KONE,2.44,2.44,2.44,2.44,2.44,0
4597863,2013-07-16,KONE,2.44,2.44,2.44,2.44,2.44,0
4597864,2013-07-17,KONE,2.44,2.44,2.44,2.44,2.44,0
4597865,2013-07-18,KONE,2.44,2.44,2.44,2.44,2.44,0
4597866,2013-07-19,KONE,2.44,2.44,2.44,2.44,2.44,0
4597867,2013-07-22,KONE,2.44,2.44,2.44,2.44,2.44,0
4597868,2013-07-23,KONE,2.44,2.44,2.44,2.44,2.44,0
4597869,2013-07-24,KONE,2.0,2.38,1.94,2.38,2.38,1700
4597870,2013-07-25,KONE,2.05,2.11,1.99,2.1,2.1,4400
4597871,2013-07-26,KONE,1.97,1.97,1.97,1.97,1.97,800
4597872,2013-07-29,KONE,2.13,2.13,2.13,2.13,2.13,100
4597873,2013-07-30,KONE,1.94,2.13,1.94,2.13,2.13,200
4597874,2013-07-31,KONE,2.14,2.14,2.0,2.01,2.01,1500
4597875,2013-08-01,KONE,1.85,3.01,1.85,3.01,3.01,10000
4597876,2013-08-02,KONE,3.0,5.44,2.95,4.88,4.88,96200
4597877,2013-08-05,KONE,4.88,5.1,3.55,3.7,3.7,46100
4597878,2013-08-06,KONE,3.7,3.7,3.15,3.18,3.18,12900
4597879,2013-08-07,KONE,3.12,3.49,2.8,3.45,3.45,15200
4597880,2013-08-08,KONE,3.45,3.45,3.12,3.19,3.19,600
4597881,2013-08-09,KONE,3.4,3.45,2.85,3.43,3.43,1600
4597882,2013-08-12,KONE,3.14,3.42,2.9,2.97,2.97,10000
4597883,2013-08-13,KONE,3.48,3.48,3.0,3.05,3.05,4200
4597884,2013-08-14,KONE,3.0,3.18,3.0,3.18,3.18,1000
4597885,2013-08-15,KONE,3.18,3.18,3.18,3.18,3.18,0
4597886,2013-08-16,KONE,3.25,3.25,3.02,3.06,3.06,2000
4597887,2013-08-19,KONE,3.09,3.09,3.0,3.0,3.0,400
4597888,2013-08-20,KONE,2.75,3.1,2.75,2.97,2.97,2200
4597889,2013-08-21,KONE,2.85,2.86,2.85,2.86,2.86,300
4597890,2013-08-22,KONE,2.86,2.86,2.86,2.86,2.86,200
4597891,2013-08-23,KONE,2.86,2.86,2.86,2.86,2.86,0
4597892,2013-08-26,KONE,2.86,2.86,2.86,2.86,2.86,0
4597893,2013-08-27,KONE,2.8,2.85,2.8,2.85,2.85,2900
4597894,2013-08-28,KONE,2.75,2.75,2.75,2.75,2.75,400
4597895,2013-08-29,KONE,2.75,2.75,2.08,2.65,2.65,1400
4597896,2013-08-30,KONE,2.65,2.65,2.65,2.65,2.65,0
4597897,2013-09-03,KONE,2.5,2.94,2.1,2.34,2.34,3300
4597898,2013-09-04,KONE,2.48,2.48,2.24,2.24,2.24,500
4597899,2013-09-05,KONE,2.63,2.8,2.52,2.72,2.72,14700
4597900,2013-09-06,KONE,2.89,2.9,2.75,2.75,2.75,3700
4597901,2013-09-09,KONE,2.88,2.88,2.61,2.65,2.65,8800
4597902,2013-09-10,KONE,2.45,2.88,2.45,2.88,2.88,700
4597903,2013-09-11,KONE,2.8,2.8,2.8,2.8,2.8,500
4597904,2013-09-12,KONE,2.71,2.71,2.71,2.71,2.71,100
4597905,2013-09-13,KONE,2.4,2.8,2.4,2.8,2.8,1000
4597906,2013-09-16,KONE,2.58,2.8,2.5,2.6,2.6,1600
4597907,2013-09-17,KONE,2.6,2.6,2.6,2.6,2.6,0
4597908,2013-09-18,KONE,2.6,2.6,2.6,2.6,2.6,0
4597909,2013-09-19,KONE,2.62,2.62,2.62,2.62,2.62,100
4597910,2013-09-20,KONE,2.79,2.99,2.76,2.76,2.76,5400
4597911,2013-09-23,KONE,2.76,2.76,2.76,2.76,2.76,0
4597912,2013-09-24,KONE,2.76,2.76,2.76,2.76,2.76,0
4597913,2013-09-25,KONE,2.76,2.76,2.76,2.76,2.76,0
4597914,2013-09-26,KONE,2.63,2.65,2.51,2.6,2.6,6600
4597915,2013-09-27,KONE,2.52,2.98,2.52,2.98,2.98,1000
4597916,2013-09-30,KONE,2.6,2.98,2.6,2.74,2.74,4300
4597917,2013-10-01,KONE,2.98,2.98,2.6,2.61,2.61,2200
4597918,2013-10-02,KONE,2.64,2.98,2.64,2.7,2.7,1300
4597919,2013-10-03,KONE,2.61,2.9,2.61,2.89,2.89,2000
4597920,2013-10-04,KONE,2.97,2.97,2.66,2.7,2.7,600
4597921,2013-10-07,KONE,2.75,2.75,2.75,2.75,2.75,800
4597922,2013-10-08,KONE,2.96,3.46,2.75,3.15,3.15,10700
4597923,2013-10-09,KONE,3.08,3.15,3.01,3.01,3.01,1900
4597924,2013-10-10,KONE,3.02,3.02,3.0,3.01,3.01,2300
4597925,2013-10-11,KONE,3.01,3.01,3.01,3.01,3.01,0
4597926,2013-10-14,KONE,2.81,2.92,2.81,2.9,2.9,2100
4597927,2013-10-15,KONE,3.2,3.2,3.19,3.2,3.2,400
4597928,2013-10-16,KONE,3.25,3.25,3.23,3.25,3.25,1700
4597929,2013-10-17,KONE,2.96,3.12,2.96,3.11,3.11,400
4597930,2013-10-18,KONE,3.02,3.02,3.01,3.01,3.01,700
4597931,2013-10-21,KONE,3.01,3.01,3.01,3.01,3.01,500
4597932,2013-10-22,KONE,3.01,3.01,3.01,3.01,3.01,0
4597933,2013-10-23,KONE,2.88,2.88,2.88,2.88,2.88,300
4597934,2013-10-24,KONE,2.88,2.88,2.88,2.88,2.88,0
4597935,2013-10-25,KONE,2.88,2.88,2.88,2.88,2.88,0
4597936,2013-10-28,KONE,2.88,2.88,2.88,2.88,2.88,0
4597937,2013-10-29,KONE,2.88,2.88,2.88,2.88,2.88,0
4597938,2013-10-30,KONE,2.75,2.78,2.61,2.64,2.64,3300
4597939,2013-10-31,KONE,2.67,2.76,2.65,2.65,2.65,3600
4597940,2013-11-01,KONE,2.67,2.9,2.48,2.65,2.65,4200
4597941,2013-11-04,KONE,2.6,2.75,2.6,2.75,2.75,2300
4597942,2013-11-05,KONE,2.7,2.7,2.61,2.63,2.63,900
4597943,2013-11-06,KONE,2.63,2.63,2.63,2.63,2.63,0
4597944,2013-11-07,KONE,2.61,2.61,2.6,2.6,2.6,700
4597945,2013-11-08,KONE,2.44,2.49,1.99,2.48,2.48,9200
4597946,2013-11-11,KONE,2.32,2.52,2.32,2.52,2.52,5200
4597947,2013-11-12,KONE,2.55,2.55,2.26,2.27,2.27,300
4597948,2013-11-13,KONE,2.31,2.31,1.95,2.09,2.09,5800
4597949,2013-11-14,KONE,2.09,2.09,2.09,2.09,2.09,0
4597950,2013-11-15,KONE,2.1,2.37,2.07,2.37,2.37,2300
4597951,2013-11-18,KONE,2.36,2.36,2.36,2.36,2.36,100
4597952,2013-11-19,KONE,2.38,2.38,2.38,2.38,2.38,300
4597953,2013-11-20,KONE,2.21,2.21,2.21,2.21,2.21,600
4597954,2013-11-21,KONE,2.21,2.21,2.21,2.21,2.21,0
4597955,2013-11-22,KONE,2.21,2.21,2.21,2.21,2.21,0
4597956,2013-11-25,KONE,2.3,2.5,2.3,2.5,2.5,2900
4597957,2013-11-26,KONE,2.34,2.35,2.23,2.35,2.35,1400
4597958,2013-11-27,KONE,2.45,2.62,2.38,2.5,2.5,4100
4597959,2013-11-29,KONE,2.45,2.45,2.45,2.45,2.45,300
4597960,2013-12-02,KONE,2.45,2.45,2.45,2.45,2.45,0
4597961,2013-12-03,KONE,2.09,2.58,2.09,2.58,2.58,600
4597962,2013-12-04,KONE,2.55,2.55,2.55,2.55,2.55,200
4597963,2013-12-05,KONE,2.35,2.6,2.35,2.6,2.6,8800
4597964,2013-12-06,KONE,2.6,2.6,2.6,2.6,2.6,0
4597965,2013-12-09,KONE,2.08,2.08,2.08,2.08,2.08,200
4597966,2013-12-10,KONE,2.46,3.34,2.45,2.9,2.9,51500
4597967,2013-12-11,KONE,3.0,3.35,2.8,2.86,2.86,17000
4597968,2013-12-12,KONE,2.99,3.3,2.99,3.3,3.3,7900
4597969,2013-12-13,KONE,3.0,3.29,2.99,3.05,3.05,8000
4597970,2013-12-16,KONE,3.14,3.3,2.95,3.3,3.3,14300
4597971,2013-12-17,KONE,3.23,3.36,2.66,2.99,2.99,32100
4597972,2013-12-18,KONE,2.94,3.03,2.94,2.96,2.96,1000
4597973,2013-12-19,KONE,2.9,2.95,2.9,2.95,2.95,2400
4597974,2013-12-20,KONE,2.93,2.95,2.8,2.84,2.84,5500
4597975,2013-12-23,KONE,2.9,2.9,2.8,2.8,2.8,1300
4597976,2013-12-24,KONE,2.8,2.8,2.8,2.8,2.8,0
4597977,2013-12-26,KONE,2.75,2.75,2.75,2.75,2.75,300
4597978,2013-12-27,KONE,2.76,3.21,2.75,3.07,3.07,36400
4597979,2013-12-30,KONE,3.11,3.4,3.0,3.0,3.0,4000
4597980,2013-12-31,KONE,3.07,3.07,2.82,2.82,2.82,3500
4597981,2014-01-02,KONE,2.98,3.02,2.89,2.96,2.96,4900
4597982,2014-01-03,KONE,3.05,3.11,3.04,3.11,3.11,4700
4597983,2014-01-06,KONE,3.12,3.25,3.12,3.18,3.18,1700
4597984,2014-01-07,KONE,3.36,3.36,3.0,3.19,3.19,7300
4597985,2014-01-08,KONE,3.13,3.4,3.05,3.15,3.15,16800
4597986,2014-01-09,KONE,3.15,3.15,3.15,3.15,3.15,0
4597987,2014-01-10,KONE,3.38,3.99,3.23,3.88,3.88,20300
4597988,2014-01-13,KONE,3.72,5.4,3.51,4.72,4.72,102800
4597989,2014-01-14,KONE,5.5,6.0,5.35,5.37,5.37,75100
4597990,2014-01-15,KONE,5.6,5.6,4.36,5.1,5.1,42100
4597991,2014-01-16,KONE,5.0,5.07,4.27,4.95,4.95,16400
4597992,2014-01-17,KONE,7.13,16.74,6.76,12.3,12.3,1423100
4597993,2014-01-21,KONE,10.6,13.48,10.0,10.56,10.56,352600
4597994,2014-01-22,KONE,10.4,11.2,9.55,10.05,10.05,123200
4597995,2014-01-23,KONE,9.85,11.2,9.51,9.6,9.6,150400
4597996,2014-01-24,KONE,9.74,13.7,9.54,10.99,10.99,300100
4597997,2014-01-27,KONE,10.55,11.38,9.82,9.82,9.82,53400
4597998,2014-01-28,KONE,9.71,11.25,9.7,10.71,10.71,30100
4597999,2014-01-29,KONE,10.7,10.97,9.7,10.16,10.16,30200
4598000,2014-01-30,KONE,10.2,10.97,10.15,10.44,10.44,16700
4598001,2014-01-31,KONE,10.25,10.6,9.77,10.06,10.06,15000
4598002,2014-02-03,KONE,10.01,10.28,9.83,10.02,10.02,7300
4598003,2014-02-04,KONE,9.97,9.97,8.01,8.11,8.11,55600
4598004,2014-02-05,KONE,8.29,8.29,7.05,7.15,7.15,40600
4598005,2014-02-06,KONE,7.06,7.88,6.94,7.4,7.4,26700
4598006,2014-02-07,KONE,7.89,7.96,7.14,7.34,7.34,8200
4598007,2014-02-10,KONE,7.38,7.48,6.5,7.38,7.38,31400
4598008,2014-02-11,KONE,7.01,7.41,7.01,7.18,7.18,14600
4598009,2014-02-12,KONE,7.11,8.43,6.91,8.15,8.15,78300
4598010,2014-02-13,KONE,8.2,8.38,7.75,7.8,7.8,14200
4598011,2014-02-14,KONE,7.68,8.0,7.25,7.63,7.63,19500
4598012,2014-02-18,KONE,7.55,7.8,7.42,7.6,7.6,4700
4598013,2014-02-19,KONE,7.6,7.65,7.26,7.27,7.27,9200
4598014,2014-02-20,KONE,7.74,7.74,7.26,7.7,7.7,1700
4598015,2014-02-21,KONE,7.4,7.6,7.27,7.28,7.28,9800
4598016,2014-02-24,KONE,7.25,8.3,7.25,7.65,7.65,34600
4598017,2014-02-25,KONE,7.41,7.98,7.41,7.46,7.46,10100
4598018,2014-02-26,KONE,7.3,7.9,7.29,7.35,7.35,4300
4598019,2014-02-27,KONE,7.5,7.5,7.24,7.41,7.41,3500
4598020,2014-02-28,KONE,7.97,7.97,7.27,7.27,7.27,8000
4598021,2014-03-03,KONE,7.36,7.36,7.0,7.01,7.01,9100
4598022,2014-03-04,KONE,7.0,7.05,6.51,7.05,7.05,7300
4598023,2014-03-05,KONE,6.92,7.19,6.85,7.01,7.01,11000
4598024,2014-03-06,KONE,7.06,8.12,7.06,7.8,7.8,18900
4598025,2014-03-07,KONE,8.0,8.48,8.0,8.02,8.02,28400
4598026,2014-03-10,KONE,8.03,8.09,7.26,7.64,7.64,8900
4598027,2014-03-11,KONE,7.94,7.94,7.03,7.3,7.3,7300
4598028,2014-03-12,KONE,7.04,7.05,7.02,7.02,7.02,1800
4598029,2014-03-13,KONE,7.3,7.3,6.86,7.12,7.12,2400
4598030,2014-03-14,KONE,7.24,7.24,6.04,6.43,6.43,11700
4598031,2014-03-17,KONE,6.37,6.37,6.01,6.21,6.21,5600
4598032,2014-03-18,KONE,6.21,6.23,6.01,6.19,6.19,5600
4598033,2014-03-19,KONE,6.37,6.38,6.15,6.23,6.23,4800
4598034,2014-03-20,KONE,6.25,6.25,5.81,6.09,6.09,3300
4598035,2014-03-21,KONE,6.2,6.24,6.16,6.2,6.2,2000
4598036,2014-03-24,KONE,6.47,6.5,6.05,6.46,6.46,7600
4598037,2014-03-25,KONE,6.56,6.62,6.15,6.15,6.15,2200
4598038,2014-03-26,KONE,6.28,6.28,6.28,6.28,6.28,200
4598039,2014-03-27,KONE,6.15,6.75,6.15,6.53,6.53,8800
4598040,2014-03-28,KONE,6.61,6.9,6.61,6.9,6.9,1000
4598041,2014-03-31,KONE,6.64,6.89,6.6,6.88,6.88,2300
4598042,2014-04-01,KONE,6.83,6.88,6.83,6.88,6.88,800
4598043,2014-04-02,KONE,6.37,6.37,6.37,6.37,6.37,100
4598044,2014-04-03,KONE,6.35,6.35,6.31,6.32,6.32,1800
4598045,2014-04-04,KONE,6.34,6.48,6.32,6.4,6.4,9900
4598046,2014-04-07,KONE,6.46,6.78,6.31,6.33,6.33,13600
4598047,2014-04-08,KONE,6.36,6.36,6.33,6.35,6.35,1500
4598048,2014-04-09,KONE,6.56,6.56,6.54,6.54,6.54,1200
4598049,2014-04-10,KONE,6.4,6.45,6.4,6.45,6.45,400
4598050,2014-04-11,KONE,6.41,6.41,5.48,5.55,5.55,15600
4598051,2014-04-14,KONE,5.54,5.54,4.75,4.82,4.82,9100
4598052,2014-04-15,KONE,4.74,4.74,4.26,4.53,4.53,7000
4598053,2014-04-16,KONE,4.55,4.69,4.45,4.69,4.69,1800
4598054,2014-04-17,KONE,4.7,4.7,4.6,4.7,4.7,1100
4598055,2014-04-21,KONE,4.66,4.66,4.0,4.08,4.08,2000
4598056,2014-04-22,KONE,4.01,4.08,3.81,3.97,3.97,14500
4598057,2014-04-23,KONE,3.99,4.15,3.99,4.11,4.11,6300
4598058,2014-04-24,KONE,4.18,4.18,4.18,4.18,4.18,500
4598059,2014-04-25,KONE,3.99,4.05,3.91,3.91,3.91,2500
4598060,2014-04-28,KONE,3.93,4.2,3.93,4.13,4.13,1300
4598061,2014-04-29,KONE,4.15,4.15,4.05,4.05,4.05,1800
4598062,2014-04-30,KONE,3.92,4.0,3.91,3.99,3.99,1800
4598063,2014-05-01,KONE,3.91,3.91,3.91,3.91,3.91,1100
4598064,2014-05-02,KONE,3.99,3.99,3.83,3.89,3.89,6000
4598065,2014-05-05,KONE,3.77,3.89,3.77,3.89,3.89,1500
4598066,2014-05-06,KONE,3.78,3.88,3.78,3.87,3.87,1000
4598067,2014-05-07,KONE,3.8,3.8,3.62,3.7,3.7,2800
4598068,2014-05-08,KONE,3.7,3.7,3.7,3.7,3.7,0
4598069,2014-05-09,KONE,3.51,3.51,2.66,2.66,2.66,1200
4598070,2014-05-12,KONE,2.9,3.5,2.86,3.41,3.41,20700
4598071,2014-05-13,KONE,3.41,4.96,3.21,4.42,4.42,39300
4598072,2014-05-14,KONE,4.68,5.22,4.12,4.25,4.25,40700
4598073,2014-05-15,KONE,4.24,4.63,4.05,4.5,4.5,6400
4598074,2014-05-16,KONE,4.49,4.49,4.31,4.36,4.36,700
4598075,2014-05-19,KONE,4.31,4.38,4.3,4.31,4.31,2200
4598076,2014-05-20,KONE,4.28,4.28,4.24,4.27,4.27,1600
4598077,2014-05-21,KONE,4.27,5.0,4.27,4.68,4.68,25700
4598078,2014-05-22,KONE,5.17,5.17,4.92,4.92,4.92,2500
4598079,2014-05-23,KONE,4.74,5.0,4.7,4.76,4.76,1900
4598080,2014-05-27,KONE,4.95,5.06,4.6,5.06,5.06,3400
4598081,2014-05-28,KONE,4.58,4.95,4.58,4.95,4.95,1000
4598082,2014-05-29,KONE,4.63,5.0,4.37,4.8,4.8,2400
4598083,2014-05-30,KONE,6.45,6.59,5.33,5.4,5.4,20900
4598084,2014-06-02,KONE,5.69,5.75,5.03,5.16,5.16,7100
4598085,2014-06-03,KONE,5.29,5.47,5.17,5.35,5.35,4500
4598086,2014-06-04,KONE,5.1,6.16,5.1,5.65,5.65,4200
4598087,2014-06-05,KONE,5.65,5.96,5.42,5.59,5.59,2600
4598088,2014-06-06,KONE,5.44,5.75,5.17,5.17,5.17,3100
4598089,2014-06-09,KONE,5.0,5.65,5.0,5.09,5.09,9600
4598090,2014-06-10,KONE,5.35,5.93,5.1,5.3,5.3,6900
4598091,2014-06-11,KONE,5.33,5.37,5.3,5.3,5.3,3200
4598092,2014-06-12,KONE,5.3,5.55,5.3,5.31,5.31,1200
4598093,2014-06-13,KONE,5.31,5.31,5.31,5.31,5.31,100
4598094,2014-06-16,KONE,5.21,5.25,5.21,5.25,5.25,900
4598095,2014-06-17,KONE,5.25,5.47,5.08,5.2,5.2,1400
4598096,2014-06-18,KONE,5.05,5.21,5.05,5.21,5.21,400
4598097,2014-06-19,KONE,5.17,5.17,5.17,5.17,5.17,300
4598098,2014-06-20,KONE,5.05,5.09,4.5,4.84,4.84,6100
4598099,2014-06-23,KONE,5.0,5.0,4.46,4.69,4.69,6300
4598100,2014-06-24,KONE,4.69,7.61,4.69,6.79,6.79,219800
4598101,2014-06-25,KONE,6.7,6.88,6.0,6.4,6.4,37400
4598102,2014-06-26,KONE,5.16,5.98,4.52,5.5,5.5,60000
4598103,2014-06-27,KONE,5.44,5.56,4.86,5.26,5.26,25100
4598104,2014-06-30,KONE,5.26,7.1,5.01,5.84,5.84,40400
4598105,2014-07-01,KONE,5.56,6.93,5.55,6.56,6.56,22200
4598106,2014-07-02,KONE,6.82,6.83,6.16,6.37,6.37,11000
4598107,2014-07-03,KONE,6.45,9.5,5.66,7.26,7.26,83300
4598108,2014-07-07,KONE,7.78,7.78,5.96,6.47,6.47,70700
4598109,2014-07-08,KONE,6.45,6.6,5.88,5.91,5.91,11300
4598110,2014-07-09,KONE,5.97,6.85,5.97,6.25,6.25,9900
4598111,2014-07-10,KONE,6.04,6.24,6.0,6.16,6.16,2600
4598112,2014-07-11,KONE,6.02,6.25,6.01,6.05,6.05,2100
4598113,2014-07-14,KONE,6.08,6.08,5.95,5.95,5.95,500
4598114,2014-07-15,KONE,6.44,6.44,6.01,6.38,6.38,6000
4598115,2014-07-16,KONE,6.34,6.34,6.0,6.29,6.29,1000
4598116,2014-07-17,KONE,6.33,6.71,6.04,6.31,6.31,8100
4598117,2014-07-18,KONE,6.0,6.41,6.0,6.41,6.41,3100
4598118,2014-07-21,KONE,6.24,6.42,6.05,6.24,6.24,3200
4598119,2014-07-22,KONE,5.98,6.55,5.98,6.55,6.55,600
4598120,2014-07-23,KONE,6.43,6.48,6.05,6.15,6.15,5300
4598121,2014-07-24,KONE,6.19,6.67,5.95,5.98,5.98,8700
4598122,2014-07-25,KONE,6.7,6.7,5.62,5.76,5.76,19000
4598123,2014-07-28,KONE,5.9,5.9,5.62,5.62,5.62,1900
4598124,2014-07-29,KONE,5.7,5.8,5.19,5.44,5.44,3100
4598125,2014-07-30,KONE,5.55,5.61,5.55,5.61,5.61,1000
4598126,2014-07-31,KONE,5.54,5.54,5.54,5.54,5.54,100
4598127,2014-08-01,KONE,5.44,5.44,5.07,5.2,5.2,1400
4598128,2014-08-04,KONE,5.57,5.57,5.08,5.32,5.32,13500
4598129,2014-08-05,KONE,5.3,5.51,5.06,5.06,5.06,3000
4598130,2014-08-06,KONE,5.01,5.68,4.59,4.95,4.95,5400
4598131,2014-08-07,KONE,4.82,4.82,4.79,4.81,4.81,3000
4598132,2014-08-08,KONE,4.4,4.75,4.01,4.75,4.75,4900
4598133,2014-08-11,KONE,5.0,5.0,4.89,4.95,4.95,3500
4598134,2014-08-12,KONE,4.95,4.95,4.95,4.95,4.95,0
4598135,2014-08-13,KONE,5.06,5.13,5.0,5.0,5.0,900
4598136,2014-08-14,KONE,4.5,4.5,4.26,4.28,4.28,2400
4598137,2014-08-15,KONE,4.48,4.48,4.43,4.48,4.48,300
4598138,2014-08-18,KONE,4.31,4.5,4.11,4.46,4.46,5100
4598139,2014-08-19,KONE,4.5,4.74,4.4,4.42,4.42,2100
4598140,2014-08-20,KONE,4.34,4.5,4.16,4.33,4.33,1500
4598141,2014-08-21,KONE,4.58,4.9,4.31,4.6,4.6,6300
4598142,2014-08-22,KONE,4.3,4.85,4.3,4.85,4.85,1900
4598143,2014-08-25,KONE,4.42,5.23,4.42,5.0,5.0,2300
4598144,2014-08-26,KONE,5.0,5.0,4.91,4.99,4.99,1000
4598145,2014-08-27,KONE,4.92,4.92,4.92,4.92,4.92,100
4598146,2014-08-28,KONE,4.84,4.84,4.84,4.84,4.84,100
4598147,2014-08-29,KONE,5.0,5.0,4.88,4.91,4.91,400
4598148,2014-09-02,KONE,5.51,5.51,5.0,5.0,5.0,800
4598149,2014-09-03,KONE,4.7,5.12,4.5,4.5,4.5,9000
4598150,2014-09-04,KONE,4.5,4.5,4.5,4.5,4.5,300
4598151,2014-09-05,KONE,4.39,4.49,4.39,4.49,4.49,500
4598152,2014-09-08,KONE,4.43,4.43,4.43,4.43,4.43,200
4598153,2014-09-09,KONE,4.63,4.63,4.4,4.4,4.4,300
4598154,2014-09-10,KONE,4.2,4.23,4.2,4.23,4.23,500
4598155,2014-09-11,KONE,4.29,4.43,4.29,4.41,4.41,1600
4598156,2014-09-12,KONE,4.16,4.19,4.15,4.19,4.19,700
4598157,2014-09-15,KONE,4.15,4.15,4.15,4.15,4.15,300
4598158,2014-09-16,KONE,4.1,4.42,4.04,4.16,4.16,16200
4598159,2014-09-17,KONE,4.15,4.15,4.15,4.15,4.15,900
4598160,2014-09-18,KONE,4.0,4.0,4.0,4.0,4.0,1300
4598161,2014-09-19,KONE,4.0,4.0,3.22,3.49,3.49,22000
4598162,2014-09-22,KONE,3.34,3.34,3.34,3.34,3.34,2000
4598163,2014-09-23,KONE,3.2,3.48,3.15,3.16,3.16,4500
4598164,2014-09-24,KONE,3.16,3.16,3.16,3.16,3.16,0
4598165,2014-09-25,KONE,2.94,3.05,2.57,3.05,3.05,23200
4598166,2014-09-26,KONE,3.05,3.05,3.05,3.05,3.05,0
4598167,2014-09-29,KONE,2.86,3.05,2.67,3.05,3.05,600
4598168,2014-09-30,KONE,3.05,3.05,3.05,3.05,3.05,0
4598169,2014-10-01,KONE,3.05,3.05,2.74,2.95,2.95,2500
4598170,2014-10-02,KONE,2.72,3.2,2.7,2.95,2.95,2100
4598171,2014-10-03,KONE,2.9,2.9,2.84,2.85,2.85,900
4598172,2014-10-06,KONE,2.85,2.85,2.85,2.85,2.85,0
4598173,2014-10-07,KONE,2.85,2.85,2.85,2.85,2.85,0
4598174,2014-10-08,KONE,2.85,2.85,2.85,2.85,2.85,0
4598175,2014-10-09,KONE,2.85,2.85,2.85,2.85,2.85,0
4598176,2014-10-10,KONE,2.74,2.74,2.27,2.45,2.45,5900
4598177,2014-10-13,KONE,2.45,2.6,2.4,2.56,2.56,11600
4598178,2014-10-14,KONE,2.37,2.68,2.37,2.42,2.42,6300
4598179,2014-10-15,KONE,2.39,2.59,2.38,2.53,2.53,7500
4598180,2014-10-16,KONE,2.5,2.74,2.4,2.62,2.62,6700
4598181,2014-10-17,KONE,2.4,2.71,2.4,2.67,2.67,6000
4598182,2014-10-20,KONE,2.67,2.82,2.67,2.82,2.82,2200
4598183,2014-10-21,KONE,2.86,2.86,2.84,2.84,2.84,500
4598184,2014-10-22,KONE,3.09,3.09,3.06,3.06,3.06,400
4598185,2014-10-23,KONE,3.0,3.05,2.84,3.05,3.05,1100
4598186,2014-10-24,KONE,2.82,2.99,2.82,2.99,2.99,400
4598187,2014-10-27,KONE,2.96,2.98,2.96,2.98,2.98,1100
4598188,2014-10-28,KONE,2.98,2.98,2.98,2.98,2.98,0
4598189,2014-10-29,KONE,2.8,2.98,2.8,2.98,2.98,500
4598190,2014-10-30,KONE,2.97,2.97,2.97,2.97,2.97,1000
4598191,2014-10-31,KONE,2.79,2.79,2.79,2.79,2.79,500
4598192,2014-11-03,KONE,2.77,2.99,2.75,2.96,2.96,3300
4598193,2014-11-04,KONE,3.0,3.1,2.61,2.84,2.84,12600
4598194,2014-11-05,KONE,2.99,3.01,2.66,2.85,2.85,8200
4598195,2014-11-06,KONE,2.87,2.89,2.87,2.89,2.89,1100
4598196,2014-11-07,KONE,2.88,2.89,2.88,2.89,2.89,1200
4598197,2014-11-10,KONE,2.78,2.88,2.78,2.8,2.8,800
4598198,2014-11-11,KONE,2.54,2.89,2.54,2.89,2.89,300
4598199,2014-11-12,KONE,2.65,2.78,2.65,2.75,2.75,1300
4598200,2014-11-13,KONE,2.8,2.85,2.8,2.85,2.85,800
4598201,2014-11-14,KONE,2.9,2.9,2.9,2.9,2.9,600
4598202,2014-11-17,KONE,2.9,2.9,2.9,2.9,2.9,0
4598203,2014-11-18,KONE,2.76,2.85,2.74,2.85,2.85,1200
4598204,2014-11-19,KONE,2.74,2.83,2.65,2.8,2.8,2400
4598205,2014-11-20,KONE,2.73,2.87,2.63,2.87,2.87,1500
4598206,2014-11-21,KONE,2.87,2.87,2.87,2.87,2.87,0
4598207,2014-11-24,KONE,2.87,2.87,2.87,2.87,2.87,0
4598208,2014-11-25,KONE,2.84,2.87,2.84,2.85,2.85,1500
4598209,2014-11-26,KONE,2.85,2.85,2.85,2.85,2.85,0
4598210,2014-11-28,KONE,2.85,2.85,2.85,2.85,2.85,0
4598211,2014-12-01,KONE,2.67,2.85,2.45,2.72,2.72,2600
4598212,2014-12-02,KONE,3.08,3.08,3.08,3.08,3.08,100
4598213,2014-12-03,KONE,3.0,3.0,3.0,3.0,3.0,100
4598214,2014-12-04,KONE,3.0,3.0,3.0,3.0,3.0,0
4598215,2014-12-05,KONE,2.77,2.9,2.77,2.9,2.9,1500
4598216,2014-12-08,KONE,2.9,2.9,2.9,2.9,2.9,0
4598217,2014-12-09,KONE,2.47,2.98,2.02,2.47,2.47,6500
4598218,2014-12-10,KONE,2.64,2.64,2.64,2.64,2.64,300
4598219,2014-12-11,KONE,2.28,2.7,2.28,2.7,2.7,600
4598220,2014-12-12,KONE,2.7,2.7,2.7,2.7,2.7,0
4598221,2014-12-15,KONE,2.7,2.7,2.7,2.7,2.7,0
4598222,2014-12-16,KONE,2.4,3.0,2.4,3.0,3.0,1300
4598223,2014-12-17,KONE,2.66,2.94,2.65,2.94,2.94,1800
4598224,2014-12-18,KONE,2.94,2.94,2.94,2.94,2.94,0
4598225,2014-12-19,KONE,2.94,2.94,2.94,2.94,2.94,0
4598226,2014-12-22,KONE,2.5,2.93,2.45,2.93,2.93,400
4598227,2014-12-23,KONE,2.89,3.19,2.48,3.19,3.19,30200
4598228,2014-12-24,KONE,2.81,3.05,2.5,2.81,2.81,24500
4598229,2014-12-26,KONE,2.82,3.02,2.58,2.58,2.58,23700
4598230,2014-12-29,KONE,2.69,2.7,2.6,2.6,2.6,2600
4598231,2014-12-30,KONE,2.5,2.62,2.4,2.62,2.62,2700
4598232,2014-12-31,KONE,2.4,2.62,2.4,2.46,2.46,4800
4598233,2015-01-02,KONE,2.62,2.62,2.58,2.59,2.59,3200
4598234,2015-01-05,KONE,2.58,2.61,2.4,2.42,2.42,3600
4598235,2015-01-06,KONE,2.42,2.42,2.42,2.42,2.42,200
4598236,2015-01-07,KONE,2.42,2.61,2.42,2.61,2.61,1700
4598237,2015-01-08,KONE,2.46,2.46,2.46,2.46,2.46,500
4598238,2015-01-09,KONE,2.46,2.46,2.46,2.46,2.46,0
4598239,2015-01-12,KONE,2.58,2.62,2.58,2.62,2.62,1200
4598240,2015-01-13,KONE,2.62,2.62,2.62,2.62,2.62,0
4598241,2015-01-14,KONE,2.65,3.9,2.65,3.22,3.22,41200
4598242,2015-01-15,KONE,3.41,5.9,3.41,4.12,4.12,402300
4598243,2015-01-16,KONE,4.0,4.17,3.12,3.35,3.35,66900
4598244,2015-01-20,KONE,3.77,3.98,3.33,3.33,3.33,11600
4598245,2015-01-21,KONE,3.44,3.49,3.05,3.16,3.16,18900
4598246,2015-01-22,KONE,3.16,3.24,3.15,3.15,3.15,8700
4598247,2015-01-23,KONE,3.05,3.22,3.0,3.14,3.14,5100
4598248,2015-01-26,KONE,3.36,5.5,3.15,4.85,4.85,193600
4598249,2015-01-27,KONE,4.86,4.93,4.2,4.43,4.43,38300
4598250,2015-01-28,KONE,4.4,4.6,4.15,4.33,4.33,8200
4598251,2015-01-29,KONE,4.55,4.55,4.33,4.43,4.43,10200
4598252,2015-01-30,KONE,4.4,5.25,4.07,4.6,4.6,30800
4598253,2015-02-02,KONE,5.0,5.0,4.21,4.23,4.23,13300
4598254,2015-02-03,KONE,4.21,4.51,3.75,4.24,4.24,17700
4598255,2015-02-04,KONE,4.19,4.7,4.15,4.33,4.33,4700
4598256,2015-02-05,KONE,4.17,4.25,4.15,4.16,4.16,6100
4598257,2015-02-06,KONE,4.19,4.3,4.1,4.1,4.1,18600
4598258,2015-02-09,KONE,4.1,4.15,4.0,4.07,4.07,2400
4598259,2015-02-10,KONE,4.1,4.37,4.1,4.2,4.2,2200
4598260,2015-02-11,KONE,4.2,4.2,4.2,4.2,4.2,200
4598261,2015-02-12,KONE,4.21,4.34,4.11,4.17,4.17,3700
4598262,2015-02-13,KONE,4.05,4.2,4.05,4.2,4.2,2800
4598263,2015-02-17,KONE,4.01,4.01,4.01,4.01,4.01,100
4598264,2015-02-18,KONE,4.17,4.17,4.05,4.05,4.05,300
4598265,2015-02-19,KONE,4.01,4.05,3.72,3.72,3.72,10200
4598266,2015-02-20,KONE,3.51,3.55,3.35,3.38,3.38,16500
4598267,2015-02-23,KONE,3.37,3.65,3.36,3.54,3.54,3600
4598268,2015-02-24,KONE,3.54,3.55,3.54,3.55,3.55,5100
4598269,2015-02-25,KONE,3.37,3.37,2.97,3.37,3.37,14000
4598270,2015-02-26,KONE,3.12,3.4,3.12,3.3,3.3,4200
4598271,2015-02-27,KONE,3.31,3.31,3.12,3.18,3.18,300
4598272,2015-03-02,KONE,3.18,3.18,3.18,3.18,3.18,0
4598273,2015-03-03,KONE,3.03,3.04,3.02,3.03,3.03,3000
4598274,2015-03-04,KONE,3.05,3.05,3.0,3.04,3.04,2400
4598275,2015-03-05,KONE,3.0,3.15,3.0,3.15,3.15,2600
4598276,2015-03-06,KONE,3.25,3.25,3.0,3.02,3.02,800
4598277,2015-03-09,KONE,3.0,3.0,2.67,2.79,2.79,2800
4598278,2015-03-10,KONE,2.78,2.78,2.7,2.76,2.76,6800
4598279,2015-03-11,KONE,2.7,2.79,2.4,2.61,2.61,6400
4598280,2015-03-12,KONE,2.6,2.6,2.55,2.55,2.55,700
4598281,2015-03-13,KONE,2.55,2.57,2.5,2.51,2.51,2200
4598282,2015-03-16,KONE,2.45,2.61,2.45,2.61,2.61,1400
4598283,2015-03-17,KONE,2.65,2.8,2.61,2.79,2.79,11300
4598284,2015-03-18,KONE,2.81,3.1,2.79,3.09,3.09,10000
4598285,2015-03-19,KONE,3.09,3.17,3.08,3.17,3.17,1800
4598286,2015-03-20,KONE,3.17,3.4,3.09,3.09,3.09,4100
4598287,2015-03-23,KONE,3.09,3.4,3.09,3.4,3.4,900
4598288,2015-03-24,KONE,3.4,3.4,3.4,3.4,3.4,0
4598289,2015-03-25,KONE,2.99,2.99,2.99,2.99,2.99,100
4598290,2015-03-26,KONE,2.77,2.83,2.77,2.81,2.81,700
4598291,2015-03-27,KONE,2.76,2.76,2.76,2.76,2.76,200
4598292,2015-03-30,KONE,2.76,2.76,2.76,2.76,2.76,0
4598293,2015-03-31,KONE,2.84,3.0,2.84,3.0,3.0,4000
4598294,2015-04-01,KONE,3.0,3.19,3.0,3.12,3.12,1500
4598295,2015-04-02,KONE,3.4,3.65,3.3,3.3,3.3,300
4598296,2015-04-06,KONE,3.6,3.6,3.13,3.13,3.13,1400
4598297,2015-04-07,KONE,3.29,3.29,3.12,3.12,3.12,500
4598298,2015-04-08,KONE,4.15,7.88,4.15,6.19,6.19,571600
4598299,2015-04-09,KONE,5.69,6.01,5.1,5.37,5.37,108600
4598300,2015-04-10,KONE,5.35,6.1,5.21,5.69,5.69,75100
4598301,2015-04-13,KONE,5.74,7.39,5.6,5.66,5.66,231400
4598302,2015-04-14,KONE,5.65,6.46,5.4,6.26,6.26,89700
4598303,2015-04-15,KONE,6.12,6.41,5.61,5.87,5.87,13900
4598304,2015-04-16,KONE,6.41,6.41,5.73,5.89,5.89,7500
4598305,2015-04-17,KONE,5.53,5.72,5.16,5.55,5.55,11200
4598306,2015-04-20,KONE,5.06,5.97,5.06,5.2,5.2,29200
4598307,2015-04-21,KONE,5.25,5.25,5.05,5.07,5.07,15700
4598308,2015-04-22,KONE,5.06,5.06,4.66,4.78,4.78,4700
4598309,2015-04-23,KONE,4.72,4.87,4.57,4.63,4.63,7400
4598310,2015-04-24,KONE,4.57,5.74,4.57,5.49,5.49,31600
4598311,2015-04-27,KONE,5.52,5.73,4.82,5.46,5.46,16500
4598312,2015-04-28,KONE,5.28,5.36,4.83,4.99,4.99,10400
4598313,2015-04-29,KONE,4.86,5.18,4.63,4.97,4.97,6600
4598314,2015-04-30,KONE,4.85,4.97,4.7,4.7,4.7,1800
4598315,2015-05-01,KONE,4.61,4.97,4.61,4.97,4.97,300
4598316,2015-05-04,KONE,4.97,4.97,4.56,4.71,4.71,1800
4598317,2015-05-05,KONE,4.75,4.75,4.53,4.54,4.54,3500
4598318,2015-05-06,KONE,4.52,4.52,4.09,4.2,4.2,14500
4598319,2015-05-07,KONE,4.29,4.4,4.13,4.22,4.22,7400
4598320,2015-05-08,KONE,4.35,4.4,3.86,3.93,3.93,4400
4598321,2015-05-11,KONE,3.98,4.2,3.98,4.2,4.2,600
4598322,2015-05-12,KONE,4.16,4.27,4.08,4.25,4.25,10600
4598323,2015-05-13,KONE,4.25,4.34,4.17,4.34,4.34,2000
4598324,2015-05-14,KONE,4.34,4.34,4.34,4.34,4.34,0
4598325,2015-05-15,KONE,4.52,4.52,4.52,4.52,4.52,100
4598326,2015-05-18,KONE,4.6,4.95,4.26,4.26,4.26,9000
4598327,2015-05-19,KONE,4.38,4.38,4.0,4.05,4.05,8000
4598328,2015-05-20,KONE,4.08,4.08,3.25,3.73,3.73,29700
4598329,2015-05-21,KONE,3.62,3.68,3.5,3.68,3.68,6700
4598330,2015-05-22,KONE,3.77,3.84,3.67,3.84,3.84,18300
4598331,2015-05-26,KONE,3.7,4.1,3.55,4.0,4.0,8300
4598332,2015-05-27,KONE,3.92,3.99,3.7,3.88,3.88,14400
4598333,2015-05-28,KONE,3.85,3.85,3.81,3.84,3.84,1400
4598334,2015-05-29,KONE,3.91,4.7,3.66,4.42,4.42,35500
4598335,2015-06-01,KONE,4.5,4.5,4.09,4.2,4.2,2200
4598336,2015-06-02,KONE,4.2,4.2,4.2,4.2,4.2,0
4598337,2015-06-03,KONE,4.3,4.3,4.3,4.3,4.3,200
4598338,2015-06-04,KONE,4.05,4.05,4.01,4.01,4.01,3800
4598339,2015-06-05,KONE,4.0,4.02,3.98,3.98,3.98,4600
4598340,2015-06-08,KONE,3.95,4.1,3.89,4.06,4.06,5400
4598341,2015-06-09,KONE,3.95,4.16,3.83,4.0,4.0,6900
4598342,2015-06-10,KONE,4.15,4.15,4.09,4.09,4.09,400
4598343,2015-06-11,KONE,4.19,4.38,4.12,4.2,4.2,4400
4598344,2015-06-12,KONE,4.3,5.06,4.2,4.68,4.68,34200
4598345,2015-06-15,KONE,4.65,5.75,4.62,5.25,5.25,47500
4598346,2015-06-16,KONE,5.42,5.8,5.29,5.46,5.46,19400
4598347,2015-06-17,KONE,5.3,6.6,4.81,6.3,6.3,44300
4598348,2015-06-18,KONE,6.4,6.4,5.89,5.94,5.94,14500
4598349,2015-06-19,KONE,5.81,6.04,5.51,5.51,5.51,7000
4598350,2015-06-22,KONE,5.49,5.49,5.0,5.0,5.0,3600
4598351,2015-06-23,KONE,4.88,5.06,4.68,5.03,5.03,10500
4598352,2015-06-24,KONE,4.84,5.16,4.61,5.16,5.16,9800
4598353,2015-06-25,KONE,4.84,5.22,4.62,4.95,4.95,14100
4598354,2015-06-26,KONE,4.71,4.76,4.62,4.76,4.76,900
4598355,2015-06-29,KONE,4.62,4.75,4.27,4.57,4.57,7500
4598356,2015-06-30,KONE,4.58,4.86,4.34,4.62,4.62,6100
4598357,2015-07-01,KONE,4.49,4.73,4.37,4.5,4.5,9100
4598358,2015-07-02,KONE,4.9,4.96,4.63,4.63,4.63,6400
4598359,2015-07-06,KONE,4.37,4.79,4.26,4.26,4.26,11000
4598360,2015-07-07,KONE,4.7,4.7,3.5,3.78,3.78,16200
4598361,2015-07-08,KONE,3.54,3.69,3.35,3.39,3.39,17000
4598362,2015-07-09,KONE,3.79,4.87,3.46,4.52,4.52,134900
4598363,2015-07-10,KONE,7.12,7.7,5.49,5.8,5.8,2796400
4598364,2015-07-13,KONE,5.37,5.64,5.01,5.04,5.04,156300
4598365,2015-07-14,KONE,4.91,5.03,4.75,4.82,4.82,18400
4598366,2015-07-15,KONE,4.8,4.92,4.68,4.85,4.85,17900
4598367,2015-07-16,KONE,5.09,5.67,5.08,5.61,5.61,23500
4598368,2015-07-17,KONE,5.61,5.79,5.2,5.77,5.77,42900
4598369,2015-07-20,KONE,5.94,5.94,5.4,5.65,5.65,24000
4598370,2015-07-21,KONE,5.53,6.61,5.53,6.04,6.04,104200
4598371,2015-07-22,KONE,6.02,6.14,5.76,5.86,5.86,25700
4598372,2015-07-23,KONE,5.83,6.2,5.78,5.85,5.85,10100
4598373,2015-07-24,KONE,5.71,5.83,5.71,5.71,5.71,4300
4598374,2015-07-27,KONE,5.56,5.56,5.25,5.34,5.34,9700
4598375,2015-07-28,KONE,5.63,5.73,5.31,5.33,5.33,4700
4598376,2015-07-29,KONE,5.57,5.58,5.41,5.47,5.47,2800
4598377,2015-07-30,KONE,6.12,6.12,5.38,5.85,5.85,8200
4598378,2015-07-31,KONE,5.56,5.86,5.56,5.62,5.62,1700
4598379,2015-08-03,KONE,5.33,5.61,5.0,5.0,5.0,17600
4598380,2015-08-04,KONE,5.17,5.17,4.65,4.65,4.65,5400
4598381,2015-08-05,KONE,4.71,5.15,4.6,4.66,4.66,23500
4598382,2015-08-06,KONE,4.58,4.95,4.58,4.72,4.72,52600
4598383,2015-08-07,KONE,4.76,4.76,4.72,4.72,4.72,2600
4598384,2015-08-10,KONE,4.73,4.9,4.59,4.68,4.68,4500
4598385,2015-08-11,KONE,4.58,4.59,4.21,4.4,4.4,11800
4598386,2015-08-12,KONE,4.28,4.54,3.88,3.94,3.94,12400
4598387,2015-08-13,KONE,4.33,4.35,4.0,4.24,4.24,42900
4598388,2015-08-14,KONE,4.23,4.32,4.07,4.07,4.07,15100
4598389,2015-08-17,KONE,4.18,4.3,4.06,4.3,4.3,6100
4598390,2015-08-18,KONE,4.48,4.59,4.12,4.22,4.22,7600
4598391,2015-08-19,KONE,4.29,4.3,4.13,4.14,4.14,1300
4598392,2015-08-20,KONE,4.14,4.3,4.14,4.14,4.14,3700
4598393,2015-08-21,KONE,4.1,4.45,3.4,4.06,4.06,23200
4598394,2015-08-24,KONE,3.92,4.05,3.92,4.05,4.05,19600
4598395,2015-08-25,KONE,3.95,4.05,3.66,4.05,4.05,5400
4598396,2015-08-26,KONE,4.05,4.05,4.05,4.05,4.05,0
4598397,2015-08-27,KONE,3.88,3.9,3.75,3.82,3.82,1200
4598398,2015-08-28,KONE,3.74,4.15,3.74,3.92,3.92,3400
4598399,2015-08-31,KONE,3.92,3.92,3.92,3.92,3.92,0
4598400,2015-09-01,KONE,4.19,4.19,3.51,3.54,3.54,3500
4598401,2015-09-02,KONE,3.54,3.54,3.54,3.54,3.54,0
4598402,2015-09-03,KONE,3.65,3.98,3.53,3.72,3.72,11300
4598403,2015-09-04,KONE,3.8,4.19,3.8,4.12,4.12,13200
4598404,2015-09-08,KONE,4.2,4.2,3.85,4.1,4.1,2400
4598405,2015-09-09,KONE,4.08,4.08,4.08,4.08,4.08,800
4598406,2015-09-10,KONE,3.96,4.19,3.96,4.0,4.0,1900
4598407,2015-09-11,KONE,4.08,4.08,4.0,4.03,4.03,4800
4598408,2015-09-14,KONE,4.05,4.15,3.95,4.15,4.15,2700
4598409,2015-09-15,KONE,4.18,4.19,4.16,4.19,4.19,2400
4598410,2015-09-16,KONE,4.07,4.12,3.96,4.09,4.09,2200
4598411,2015-09-17,KONE,4.01,4.16,3.98,4.09,4.09,2200
4598412,2015-09-18,KONE,4.16,4.16,3.99,4.0,4.0,2500
4598413,2015-09-21,KONE,4.15,4.15,4.13,4.13,4.13,300
4598414,2015-09-22,KONE,4.0,4.0,4.0,4.0,4.0,600
4598415,2015-09-23,KONE,4.01,4.01,3.94,3.94,3.94,400
4598416,2015-09-24,KONE,3.94,3.94,3.94,3.94,3.94,0
4598417,2015-09-25,KONE,3.94,3.94,3.94,3.94,3.94,300
4598418,2015-09-28,KONE,3.93,3.93,3.93,3.93,3.93,200
4598419,2015-09-29,KONE,3.93,3.99,3.7,3.85,3.85,3200
4598420,2015-09-30,KONE,3.72,3.8,3.65,3.72,3.72,6000
4598421,2015-10-01,KONE,3.72,3.72,3.72,3.72,3.72,0
4598422,2015-10-02,KONE,3.76,3.94,3.74,3.94,3.94,1400
4598423,2015-10-05,KONE,3.82,3.82,3.69,3.69,3.69,1700
4598424,2015-10-06,KONE,3.7,3.8,3.66,3.71,3.71,7000
4598425,2015-10-07,KONE,3.5,3.96,3.5,3.96,3.96,6800
4598426,2015-10-08,KONE,3.95,4.15,3.77,4.05,4.05,10600
4598427,2015-10-09,KONE,3.99,4.14,3.98,4.13,4.13,11500
4598428,2015-10-12,KONE,4.01,4.4,3.9,4.13,4.13,32000
4598429,2015-10-13,KONE,3.96,4.1,3.74,3.9,3.9,13700
4598430,2015-10-14,KONE,3.95,3.95,3.84,3.86,3.86,1100
4598431,2015-10-15,KONE,3.82,4.11,3.82,3.99,3.99,3700
4598432,2015-10-16,KONE,4.06,4.06,3.77,3.89,3.89,5900
4598433,2015-10-19,KONE,3.8,3.8,3.5,3.6,3.6,14000
4598434,2015-10-20,KONE,3.68,3.68,3.6,3.6,3.6,800
4598435,2015-10-21,KONE,3.55,3.55,3.4,3.45,3.45,4400
4598436,2015-10-22,KONE,3.41,3.42,3.36,3.36,3.36,3400
4598437,2015-10-23,KONE,3.59,3.7,3.59,3.7,3.7,2000
4598438,2015-10-26,KONE,3.75,3.75,3.75,3.75,3.75,400
4598439,2015-10-27,KONE,3.51,3.6,3.46,3.46,3.46,13700
4598440,2015-10-28,KONE,3.53,3.8,3.46,3.51,3.51,9600
4598441,2015-10-29,KONE,3.55,3.59,3.51,3.51,3.51,2400
4598442,2015-10-30,KONE,3.69,3.69,3.51,3.51,3.51,300
4598443,2015-11-02,KONE,3.61,3.61,3.41,3.49,3.49,2500
4598444,2015-11-03,KONE,3.5,3.57,3.47,3.57,3.57,4400
4598445,2015-11-04,KONE,3.57,3.57,3.4,3.57,3.57,2400
4598446,2015-11-05,KONE,3.5,3.5,3.39,3.39,3.39,3900
4598447,2015-11-06,KONE,3.4,3.4,3.38,3.38,3.38,2100
4598448,2015-11-09,KONE,3.49,3.49,3.36,3.36,3.36,2200
4598449,2015-11-10,KONE,3.23,3.27,3.2,3.2,3.2,2100
4598450,2015-11-11,KONE,3.21,3.24,3.21,3.23,3.23,900
4598451,2015-11-12,KONE,3.33,3.48,3.33,3.39,3.39,1100
4598452,2015-11-13,KONE,3.43,3.43,3.28,3.28,3.28,1800
4598453,2015-11-16,KONE,3.26,3.29,3.21,3.21,3.21,1200
4598454,2015-11-17,KONE,3.32,3.32,3.24,3.24,3.24,300
4598455,2015-11-18,KONE,3.24,3.24,3.01,3.02,3.02,9100
4598456,2015-11-19,KONE,3.13,3.13,3.01,3.01,3.01,900
4598457,2015-11-20,KONE,3.19,3.36,3.15,3.17,3.17,8200
4598458,2015-11-23,KONE,3.12,3.12,2.93,3.04,3.04,7100
4598459,2015-11-24,KONE,2.97,2.97,2.73,2.94,2.94,9500
4598460,2015-11-25,KONE,2.94,3.67,2.94,3.38,3.38,47300
4598461,2015-11-27,KONE,3.5,3.5,2.94,3.09,3.09,85600
4598462,2015-11-30,KONE,3.0,3.04,2.91,2.99,2.99,12700
4598463,2015-12-01,KONE,3.02,4.85,3.02,4.38,4.38,148700
4598464,2015-12-02,KONE,4.54,4.54,3.5,3.5,3.5,57800
4598465,2015-12-03,KONE,3.98,3.98,3.44,3.47,3.47,11800
4598466,2015-12-04,KONE,3.32,3.48,3.3,3.48,3.48,15200
4598467,2015-12-07,KONE,3.43,3.48,3.32,3.39,3.39,11100
4598468,2015-12-08,KONE,3.36,3.64,3.31,3.59,3.59,5500
4598469,2015-12-09,KONE,3.44,3.68,3.44,3.51,3.51,9000
4598470,2015-12-10,KONE,3.33,3.4,3.19,3.38,3.38,24800
4598471,2015-12-11,KONE,3.42,3.42,3.16,3.16,3.16,3800
4598472,2015-12-14,KONE,3.03,3.2,3.02,3.08,3.08,19600
4598473,2015-12-15,KONE,3.01,3.12,2.87,3.11,3.11,27200
4598474,2015-12-16,KONE,3.12,3.18,2.99,3.0,3.0,14900
4598475,2015-12-17,KONE,3.0,3.03,2.91,3.03,3.03,16400
4598476,2015-12-18,KONE,3.0,3.09,3.0,3.06,3.06,3600
4598477,2015-12-21,KONE,3.15,3.23,3.02,3.02,3.02,6300
4598478,2015-12-22,KONE,3.05,3.05,3.02,3.05,3.05,1500
4598479,2015-12-23,KONE,2.92,3.39,2.92,3.39,3.39,7600
4598480,2015-12-24,KONE,3.33,3.33,3.33,3.33,3.33,800
4598481,2015-12-28,KONE,3.53,3.76,3.24,3.4,3.4,5800
4598482,2015-12-29,KONE,3.39,3.41,3.33,3.38,3.38,4100
4598483,2015-12-30,KONE,3.36,3.53,3.26,3.3,3.3,9100
4598484,2015-12-31,KONE,3.25,3.38,3.25,3.38,3.38,800
4598485,2016-01-04,KONE,3.35,3.35,3.26,3.26,3.26,1800
4598486,2016-01-05,KONE,3.48,3.5,3.3,3.37,3.37,5500
4598487,2016-01-06,KONE,3.34,3.34,3.34,3.34,3.34,300
4598488,2016-01-07,KONE,3.45,3.45,3.21,3.21,3.21,5900
4598489,2016-01-08,KONE,3.1,3.39,3.1,3.21,3.21,5600
4598490,2016-01-11,KONE,3.39,3.39,3.2,3.2,3.2,4000
4598491,2016-01-12,KONE,3.3,3.38,3.21,3.27,3.27,12800
4598492,2016-01-13,KONE,3.2,3.36,3.2,3.2,3.2,12800
4598493,2016-01-14,KONE,3.22,3.38,3.2,3.29,3.29,4900
4598494,2016-01-15,KONE,3.2,3.2,3.06,3.07,3.07,9800
4598495,2016-01-19,KONE,3.25,3.35,3.0,3.0,3.0,21600
4598496,2016-01-20,KONE,4.36,5.7,3.5,3.6,3.6,1505400
4598497,2016-01-21,KONE,3.3,3.6,2.94,3.19,3.19,147500
4598498,2016-01-22,KONE,3.17,3.31,3.12,3.19,3.19,15700
4598499,2016-01-25,KONE,3.12,3.18,2.9,2.9,2.9,13700
4598500,2016-01-26,KONE,2.9,2.9,2.67,2.77,2.77,20900
4598501,2016-01-27,KONE,2.83,3.18,2.67,2.77,2.77,10600
4598502,2016-01-28,KONE,2.7,2.81,2.6,2.62,2.62,22100
4598503,2016-01-29,KONE,2.6,2.73,2.59,2.69,2.69,13800
4598504,2016-02-01,KONE,2.61,2.96,2.61,2.76,2.76,25600
4598505,2016-02-02,KONE,2.77,2.77,2.61,2.61,2.61,23400
4598506,2016-02-03,KONE,2.84,2.91,2.05,2.2,2.2,77300
4598507,2016-02-04,KONE,2.27,2.3,2.25,2.29,2.29,5600
4598508,2016-02-05,KONE,2.26,2.26,2.12,2.12,2.12,7800
4598509,2016-02-08,KONE,2.3,2.32,2.13,2.13,2.13,7100
4598510,2016-02-09,KONE,2.13,2.26,2.1,2.25,2.25,4000
4598511,2016-02-10,KONE,2.16,2.28,2.15,2.16,2.16,4900
4598512,2016-02-11,KONE,2.28,2.41,2.11,2.23,2.23,17900
4598513,2016-02-12,KONE,2.32,2.35,2.09,2.19,2.19,15400
4598514,2016-02-16,KONE,2.2,2.31,2.2,2.31,2.31,1400
4598515,2016-02-17,KONE,2.29,2.31,2.22,2.31,2.31,1200
4598516,2016-02-18,KONE,2.28,2.28,2.25,2.28,2.28,1300
4598517,2016-02-19,KONE,2.31,2.57,2.26,2.42,2.42,27100
4598518,2016-02-22,KONE,2.6,2.71,2.25,2.46,2.46,16100
4598519,2016-02-23,KONE,2.46,2.51,2.38,2.38,2.38,2900
4598520,2016-02-24,KONE,2.27,2.31,2.12,2.28,2.28,5200
4598521,2016-02-25,KONE,2.25,2.35,2.25,2.34,2.34,900
4598522,2016-02-26,KONE,2.34,2.34,2.34,2.34,2.34,0
4598523,2016-02-29,KONE,2.35,2.42,2.35,2.38,2.38,3700
4598524,2016-03-01,KONE,2.28,2.45,2.28,2.45,2.45,2000
4598525,2016-03-02,KONE,2.4,2.4,2.17,2.38,2.38,7700
4598526,2016-03-03,KONE,2.33,2.35,2.19,2.23,2.23,5700
4598527,2016-03-04,KONE,2.22,2.32,2.17,2.32,2.32,5200
4598528,2016-03-07,KONE,2.26,2.42,2.22,2.32,2.32,9600
4598529,2016-03-08,KONE,2.36,2.37,2.33,2.33,2.33,1500
4598530,2016-03-09,KONE,2.28,2.45,2.28,2.45,2.45,2200
4598531,2016-03-10,KONE,2.28,2.37,2.28,2.37,2.37,1100
4598532,2016-03-11,KONE,2.28,2.4,2.28,2.39,2.39,1900
4598533,2016-03-14,KONE,2.39,2.39,2.39,2.39,2.39,0
4598534,2016-03-15,KONE,2.39,2.39,2.39,2.39,2.39,0
4598535,2016-03-16,KONE,2.41,2.45,2.35,2.45,2.45,800
4598536,2016-03-17,KONE,2.47,2.47,2.45,2.45,2.45,1500
4598537,2016-03-18,KONE,2.45,2.45,2.45,2.45,2.45,4300
4598538,2016-03-21,KONE,2.35,2.46,2.3,2.38,2.38,8000
4598539,2016-03-22,KONE,2.39,2.46,2.35,2.35,2.35,800
4598540,2016-03-23,KONE,2.37,2.37,2.34,2.34,2.34,300
4598541,2016-03-24,KONE,2.45,2.45,2.38,2.39,2.39,4400
4598542,2016-03-28,KONE,2.32,2.32,2.32,2.32,2.32,200
4598543,2016-03-29,KONE,2.3,2.39,2.3,2.37,2.37,3800
4598544,2016-03-30,KONE,2.34,2.34,2.2,2.28,2.28,7400
4598545,2016-03-31,KONE,2.3,2.36,2.25,2.26,2.26,4500
4598546,2016-04-01,KONE,2.3,2.32,2.3,2.32,2.32,200
4598547,2016-04-04,KONE,2.4,2.47,2.38,2.38,2.38,12300
4598548,2016-04-05,KONE,2.38,2.38,2.38,2.38,2.38,0
4598549,2016-04-06,KONE,2.18,2.24,2.18,2.22,2.22,3300
4598550,2016-04-07,KONE,2.21,2.25,2.2,2.23,2.23,10000
4598551,2016-04-08,KONE,2.23,2.23,2.23,2.23,2.23,0
4598552,2016-04-11,KONE,2.19,2.26,2.19,2.21,2.21,2200
4598553,2016-04-12,KONE,2.19,2.46,2.19,2.3,2.3,1200
4598554,2016-04-13,KONE,2.31,2.31,2.29,2.29,2.29,1200
4598555,2016-04-14,KONE,2.29,2.29,2.29,2.29,2.29,0
4598556,2016-04-15,KONE,2.29,2.29,2.29,2.29,2.29,1800
4598557,2016-04-18,KONE,2.28,2.42,2.28,2.42,2.42,4300
4598558,2016-04-19,KONE,2.35,2.43,2.33,2.43,2.43,3200
4598559,2016-04-20,KONE,2.32,2.32,2.28,2.28,2.28,5300
4598560,2016-04-21,KONE,2.28,2.28,2.28,2.28,2.28,0
4598561,2016-04-22,KONE,2.25,2.25,2.25,2.25,2.25,500
4598562,2016-04-25,KONE,2.26,2.35,2.26,2.32,2.32,500
4598563,2016-04-26,KONE,2.32,2.32,2.32,2.32,2.32,0
4598564,2016-04-27,KONE,2.35,2.35,2.26,2.29,2.29,600
4598565,2016-04-28,KONE,2.25,2.3,2.24,2.3,2.3,900
4598566,2016-04-29,KONE,2.41,2.41,2.41,2.41,2.41,200
4598567,2016-05-02,KONE,2.4,2.4,2.4,2.4,2.4,300
4598568,2016-05-03,KONE,2.4,2.4,2.4,2.4,2.4,200
4598569,2016-05-04,KONE,2.3,2.31,2.3,2.3,2.3,1800
4598570,2016-05-05,KONE,2.31,2.31,2.26,2.26,2.26,1100
4598571,2016-05-06,KONE,2.24,2.39,2.24,2.39,2.39,600
4598572,2016-05-09,KONE,2.4,2.4,2.4,2.4,2.4,100
4598573,2016-05-10,KONE,2.4,2.4,2.4,2.4,2.4,0
4598574,2016-05-11,KONE,2.38,2.38,2.3,2.3,2.3,3300
4598575,2016-05-12,KONE,2.32,2.32,2.32,2.32,2.32,100
4598576,2016-05-13,KONE,2.34,2.34,2.24,2.24,2.24,4300
4598577,2016-05-16,KONE,2.32,2.32,2.32,2.32,2.32,100
4598578,2016-05-17,KONE,2.36,2.36,2.36,2.36,2.36,100
4598579,2016-05-18,KONE,2.36,2.36,2.36,2.36,2.36,0
4598580,2016-05-19,KONE,2.36,2.36,2.36,2.36,2.36,0
4598581,2016-05-20,KONE,2.3,2.3,2.3,2.3,2.3,600
4598582,2016-05-23,KONE,2.3,2.3,2.3,2.3,2.3,700
4598583,2016-05-24,KONE,2.3,2.35,2.3,2.35,2.35,1800
4598584,2016-05-25,KONE,2.41,2.59,2.35,2.45,2.45,21800
4598585,2016-05-26,KONE,2.45,2.45,2.45,2.45,2.45,0
4598586,2016-05-27,KONE,2.45,2.45,2.45,2.45,2.45,0
4598587,2016-05-31,KONE,2.36,2.36,2.36,2.36,2.36,500
4598588,2016-06-01,KONE,2.58,2.6,2.41,2.42,2.42,8200
4598589,2016-06-02,KONE,2.59,2.59,2.58,2.59,2.59,2000
4598590,2016-06-03,KONE,2.6,2.6,2.46,2.46,2.46,1400
4598591,2016-06-06,KONE,2.47,2.6,2.47,2.57,2.57,4400
4598592,2016-06-07,KONE,2.58,3.21,2.58,2.86,2.86,55400
4598593,2016-06-08,KONE,2.97,2.97,2.74,2.74,2.74,10700
4598594,2016-06-09,KONE,2.89,2.89,2.74,2.74,2.74,2600
4598595,2016-06-10,KONE,2.74,2.74,2.6,2.67,2.67,5900
4598596,2016-06-13,KONE,2.76,2.76,2.65,2.68,2.68,3300
4598597,2016-06-14,KONE,2.59,2.67,2.59,2.6,2.6,1900
4598598,2016-06-15,KONE,2.67,2.67,2.62,2.62,2.62,500
4598599,2016-06-16,KONE,2.61,2.61,2.61,2.61,2.61,200
4598600,2016-06-17,KONE,2.58,2.72,2.58,2.62,2.62,3100
4598601,2016-06-20,KONE,2.88,2.88,2.72,2.72,2.72,2200
4598602,2016-06-21,KONE,2.72,2.72,2.72,2.72,2.72,0
4598603,2016-06-22,KONE,2.65,2.87,2.65,2.84,2.84,2400
4598604,2016-06-23,KONE,2.83,2.85,2.81,2.85,2.85,4600
4598605,2016-06-24,KONE,2.69,2.69,2.45,2.47,2.47,9200
4598606,2016-06-27,KONE,2.52,2.52,2.5,2.5,2.5,1800
4598607,2016-06-28,KONE,2.57,2.68,2.57,2.66,2.66,1900
4598608,2016-06-29,KONE,2.85,3.43,2.72,3.1,3.1,126900
4598609,2016-06-30,KONE,1.34,1.98,1.15,1.97,1.97,484000
4598610,2016-07-01,KONE,1.92,1.92,1.65,1.75,1.75,40000
4598611,2016-07-05,KONE,1.74,1.85,1.65,1.75,1.75,13500
4598612,2016-07-06,KONE,1.79,1.79,1.65,1.65,1.65,16400
4598613,2016-07-07,KONE,1.73,1.75,1.62,1.62,1.62,28900
4598614,2016-07-08,KONE,1.64,1.73,1.62,1.7,1.7,6800
4598615,2016-07-11,KONE,1.6,1.65,1.6,1.63,1.63,2700
4598616,2016-07-12,KONE,1.7,1.7,1.65,1.65,1.65,4100
4598617,2016-07-13,KONE,1.63,1.65,1.6,1.65,1.65,6000
4598618,2016-07-14,KONE,1.65,1.88,1.65,1.75,1.75,37800
4598619,2016-07-15,KONE,1.61,1.72,1.61,1.7,1.7,3900
4598620,2016-07-18,KONE,1.7,1.7,1.7,1.7,1.7,0
4598621,2016-07-19,KONE,1.66,1.66,1.64,1.64,1.64,5500
4598622,2016-07-20,KONE,1.76,1.79,1.66,1.68,1.68,6100
4598623,2016-07-21,KONE,1.74,10.19,1.74,7.3,7.3,17214600
4598624,2016-07-22,KONE,10.99,13.85,9.16,10.2,10.2,8983100
4598625,2016-07-25,KONE,10.83,11.16,8.05,8.76,8.76,1294100
4598626,2016-07-26,KONE,8.42,10.88,8.02,9.75,9.75,1667400
4598627,2016-07-27,KONE,9.25,9.45,8.02,8.25,8.25,658300
4598628,2016-07-28,KONE,8.3,8.75,8.01,8.1,8.1,301600
4598629,2016-07-29,KONE,8.55,9.43,8.25,8.52,8.52,1008200
4598630,2016-08-01,KONE,8.8,8.8,6.89,7.8,7.8,303300
4598631,2016-08-02,KONE,7.66,8.0,7.13,7.8,7.8,174100
4598632,2016-08-03,KONE,7.7,8.22,7.18,7.8,7.8,118200
4598633,2016-08-04,KONE,7.7,7.73,7.18,7.62,7.62,58500
4598634,2016-08-05,KONE,7.5,8.65,7.39,7.59,7.59,262800
4598635,2016-08-08,KONE,7.5,7.9,7.15,7.21,7.21,49900
4598636,2016-08-09,KONE,7.5,8.0,7.0,7.79,7.79,76000
4598637,2016-08-10,KONE,7.69,8.75,7.49,7.68,7.68,86400
4598638,2016-08-11,KONE,8.2,8.2,7.42,7.66,7.66,31300
4598639,2016-08-12,KONE,7.96,8.29,7.5,7.65,7.65,64100
4598640,2016-08-15,KONE,7.5,8.0,7.26,7.31,7.31,33300
4598641,2016-08-16,KONE,7.3,7.58,6.23,6.36,6.36,73500
4598642,2016-08-17,KONE,6.38,6.64,5.9,6.1,6.1,54900
4598643,2016-08-18,KONE,5.89,6.27,5.6,5.7,5.7,35400
4598644,2016-08-19,KONE,5.57,5.77,5.2,5.48,5.48,30600
4598645,2016-08-22,KONE,5.32,6.0,5.25,5.53,5.53,30500
4598646,2016-08-23,KONE,5.3,5.88,5.3,5.7,5.7,17800
4598647,2016-08-24,KONE,5.69,5.69,5.25,5.29,5.29,22300
4598648,2016-08-25,KONE,5.28,5.4,4.99,5.21,5.21,25400
4598649,2016-08-26,KONE,5.23,5.4,5.2,5.2,5.2,7800
4598650,2016-08-29,KONE,5.26,7.24,5.13,6.26,6.26,1257900
4598651,2016-08-30,KONE,6.12,6.83,6.0,6.38,6.38,477900
4598652,2016-08-31,KONE,6.22,7.2,6.0,6.15,6.15,479400
4598653,2016-09-01,KONE,6.21,6.93,6.17,6.76,6.76,410400
4598654,2016-09-02,KONE,6.81,8.88,6.81,7.98,7.98,2864800
4598655,2016-09-06,KONE,7.95,8.6,7.2,7.29,7.29,320200
4598656,2016-09-07,KONE,7.22,7.65,7.11,7.37,7.37,132400
4598657,2016-09-08,KONE,7.25,7.25,6.9,7.05,7.05,71700
4598658,2016-09-09,KONE,6.97,7.15,6.5,6.8,6.8,35200
4598659,2016-09-12,KONE,6.56,6.69,6.16,6.59,6.59,51700
4598660,2016-09-13,KONE,6.63,6.64,6.2,6.2,6.2,23100
4598661,2016-09-14,KONE,6.42,6.99,6.25,6.31,6.31,56600
4598662,2016-09-15,KONE,6.19,6.57,6.17,6.53,6.53,16400
4598663,2016-09-16,KONE,6.42,6.5,6.17,6.38,6.38,9400
4598664,2016-09-19,KONE,6.41,7.4,6.41,6.64,6.64,96100
4598665,2016-09-20,KONE,6.7,6.7,6.25,6.25,6.25,27900
4598666,2016-09-21,KONE,6.32,6.32,5.74,6.06,6.06,31200
4598667,2016-09-22,KONE,6.22,6.22,5.91,6.17,6.17,14900
4598668,2016-09-23,KONE,6.13,6.35,6.01,6.3,6.3,8400
4598669,2016-09-26,KONE,6.14,6.56,5.97,6.3,6.3,16400
4598670,2016-09-27,KONE,6.21,6.56,6.2,6.38,6.38,15800
4598671,2016-09-28,KONE,6.45,7.88,6.41,6.41,6.41,263900
4598672,2016-09-29,KONE,6.28,6.56,6.24,6.28,6.28,24100
4598673,2016-09-30,KONE,6.32,6.47,6.01,6.06,6.06,24100
4598674,2016-10-03,KONE,6.1,6.33,6.0,6.03,6.03,19100
4598675,2016-10-04,KONE,6.09,6.09,5.75,5.86,5.86,19300
4598676,2016-10-05,KONE,5.99,5.99,5.39,5.61,5.61,37200
4598677,2016-10-06,KONE,5.55,5.63,5.13,5.4,5.4,25100
4598678,2016-10-07,KONE,5.38,5.54,5.38,5.4,5.4,13300
4598679,2016-10-10,KONE,5.4,5.8,5.32,5.5,5.5,13600
4598680,2016-10-11,KONE,5.41,5.6,5.2,5.22,5.22,11900
4598681,2016-10-12,KONE,5.33,5.39,5.15,5.39,5.39,3500
4598682,2016-10-13,KONE,5.3,5.36,4.92,4.98,4.98,12000
4598683,2016-10-14,KONE,4.84,4.84,4.49,4.5,4.5,33000
4598684,2016-10-17,KONE,4.5,4.51,4.28,4.37,4.37,6000
4598685,2016-10-18,KONE,4.41,4.68,4.31,4.52,4.52,45600
4598686,2016-10-19,KONE,4.73,4.73,4.55,4.7,4.7,12700
4598687,2016-10-20,KONE,4.73,5.73,4.66,5.1,5.1,114800
4598688,2016-10-21,KONE,5.09,6.95,4.81,6.59,6.59,80000
4598689,2016-10-24,KONE,6.77,7.8,5.8,5.82,5.82,469300
4598690,2016-10-25,KONE,5.66,5.98,5.31,5.49,5.49,57200
4598691,2016-10-26,KONE,5.28,5.7,5.2,5.31,5.31,35400
4598692,2016-10-27,KONE,5.53,5.72,5.2,5.2,5.2,28800
4598693,2016-10-28,KONE,5.32,5.71,5.32,5.32,5.32,8100
4598694,2016-10-31,KONE,5.36,5.8,4.97,5.64,5.64,38100
4598695,2016-11-01,KONE,5.63,6.29,5.19,5.21,5.21,56800
4598696,2016-11-02,KONE,5.35,5.35,4.6,5.18,5.18,82700
4598697,2016-11-03,KONE,5.11,5.88,4.8,4.94,4.94,85000
4598698,2016-11-04,KONE,4.94,5.11,4.53,4.65,4.65,34600
4598699,2016-11-07,KONE,4.73,4.9,4.65,4.8,4.8,35700
4598700,2016-11-08,KONE,4.8,4.92,4.27,4.38,4.38,46000
4598701,2016-11-09,KONE,4.67,4.67,4.15,4.6,4.6,39100
4598702,2016-11-10,KONE,4.57,4.82,4.21,4.21,4.21,51900
4598703,2016-11-11,KONE,4.26,4.63,4.2,4.47,4.47,18000
4598704,2016-11-14,KONE,4.36,4.67,4.12,4.25,4.25,30800
4598705,2016-11-15,KONE,4.25,5.09,4.18,4.66,4.66,55800
4598706,2016-11-16,KONE,4.64,5.4,4.64,5.18,5.18,72400
4598707,2016-11-17,KONE,5.54,7.48,4.62,6.19,6.19,321900
4598708,2016-11-18,KONE,6.14,6.14,5.2,5.45,5.45,67000
4598709,2016-11-21,KONE,5.6,5.8,5.5,5.55,5.55,12300
4598710,2016-11-22,KONE,5.54,6.2,4.95,5.5,5.5,98200
4598711,2016-11-23,KONE,5.43,5.65,5.02,5.07,5.07,40400
4598712,2016-11-25,KONE,5.38,5.38,4.73,5.12,5.12,39200
4598713,2016-11-28,KONE,5.38,5.4,4.78,4.79,4.79,39800
4598714,2016-11-29,KONE,4.84,5.6,4.82,5.35,5.35,39200
4598715,2016-11-30,KONE,5.16,5.64,4.92,5.26,5.26,70900
4598716,2016-12-01,KONE,5.09,5.42,4.62,4.95,4.95,19600
4598717,2016-12-02,KONE,4.95,5.24,4.77,5.11,5.11,41700
4598718,2016-12-05,KONE,5.11,5.37,4.9,4.9,4.9,74500
4598719,2016-12-06,KONE,5.0,5.0,4.76,4.76,4.76,4300
4598720,2016-12-07,KONE,4.78,5.3,4.6,5.14,5.14,43900
4598721,2016-12-08,KONE,5.25,5.57,4.9,5.25,5.25,95200
4598722,2016-12-09,KONE,5.17,5.19,4.66,5.04,5.04,13800
4598723,2016-12-12,KONE,4.92,5.12,4.84,4.99,4.99,20300
4598724,2016-12-13,KONE,5.01,5.1,4.94,5.1,5.1,14400
4598725,2016-12-14,KONE,5.0,5.25,4.66,4.66,4.66,29600
4598726,2016-12-15,KONE,4.68,4.89,4.67,4.84,4.84,14200
4598727,2016-12-16,KONE,4.81,4.81,4.53,4.72,4.72,9700
4598728,2016-12-19,KONE,4.83,4.83,4.49,4.78,4.78,31500
4598729,2016-12-20,KONE,4.74,4.74,4.42,4.44,4.44,17800
4598730,2016-12-21,KONE,4.42,4.5,4.27,4.47,4.47,24000
4598731,2016-12-22,KONE,4.67,4.7,4.4,4.67,4.67,35500
4598732,2016-12-23,KONE,4.55,4.65,4.42,4.51,4.51,4100
4598733,2016-12-27,KONE,4.42,4.73,4.16,4.21,4.21,10100
4598734,2016-12-28,KONE,4.18,4.54,4.16,4.47,4.47,21500
4598735,2016-12-29,KONE,4.47,4.58,4.19,4.2,4.2,33300
4598736,2016-12-30,KONE,4.22,4.35,4.15,4.23,4.23,28900
4598737,2017-01-03,KONE,4.24,4.49,4.13,4.3,4.3,27700
4598738,2017-01-04,KONE,4.33,4.45,4.27,4.45,4.45,7100
4598739,2017-01-05,KONE,4.37,4.4,4.06,4.4,4.4,24100
4598740,2017-01-06,KONE,4.48,4.6,4.29,4.37,4.37,25000
4598741,2017-01-09,KONE,4.4,4.56,4.17,4.56,4.56,5500
4598742,2017-01-10,KONE,4.25,4.54,4.25,4.5,4.5,1900
4598743,2017-01-11,KONE,4.26,5.3,4.2,5.15,5.15,207100
4598744,2017-01-12,KONE,4.92,5.62,4.57,4.61,4.61,88100
4598745,2017-01-13,KONE,4.58,4.8,4.4,4.46,4.46,9700
4598746,2017-01-17,KONE,4.43,4.72,4.42,4.53,4.53,13200
4598747,2017-01-18,KONE,4.7,4.76,4.26,4.27,4.27,16300
4598748,2017-01-19,KONE,4.4,4.53,4.3,4.35,4.35,9700
4598749,2017-01-20,KONE,4.21,4.51,4.21,4.51,4.51,29600
4598750,2017-01-23,KONE,4.57,4.65,4.27,4.27,4.27,31600
4598751,2017-01-24,KONE,4.15,4.21,4.03,4.19,4.19,7900
4598752,2017-01-25,KONE,4.38,4.38,4.13,4.18,4.18,6900
4598753,2017-01-26,KONE,4.36,4.36,4.1,4.2,4.2,1900
4598754,2017-01-27,KONE,4.14,4.14,4.05,4.08,4.08,1300
4598755,2017-01-30,KONE,4.19,4.27,4.08,4.25,4.25,7200
4598756,2017-01-31,KONE,4.23,4.24,4.12,4.15,4.15,5700
4598757,2017-02-01,KONE,4.12,4.68,4.04,4.68,4.68,32900
4598758,2017-02-02,KONE,4.5,4.51,4.07,4.36,4.36,18700
4598759,2017-02-03,KONE,4.3,4.56,4.12,4.13,4.13,12400
4598760,2017-02-06,KONE,4.15,4.26,4.13,4.19,4.19,13400
4598761,2017-02-07,KONE,4.2,4.2,4.11,4.17,4.17,21600
4598762,2017-02-08,KONE,4.15,4.43,4.05,4.07,4.07,84800
4598763,2017-02-09,KONE,4.09,4.14,4.05,4.1,4.1,12800
4598764,2017-02-10,KONE,4.15,4.16,4.07,4.14,4.14,8500
4598765,2017-02-13,KONE,4.12,4.12,4.08,4.08,4.08,3300
4598766,2017-02-14,KONE,4.09,4.09,3.64,3.75,3.75,28000
4598767,2017-02-15,KONE,3.6,3.85,3.6,3.8,3.8,8400
4598768,2017-02-16,KONE,3.9,3.9,3.62,3.71,3.71,6700
4598769,2017-02-17,KONE,3.65,3.92,3.46,3.57,3.57,28700
4598770,2017-02-21,KONE,3.57,3.61,3.44,3.44,3.44,7000
4598771,2017-02-22,KONE,3.37,3.39,3.23,3.37,3.37,5100
4598772,2017-02-23,KONE,3.35,3.39,3.24,3.39,3.39,2700
4598773,2017-02-24,KONE,3.26,3.41,3.26,3.41,3.41,3200
4598774,2017-02-27,KONE,3.31,3.31,3.16,3.22,3.22,3400
4598775,2017-02-28,KONE,3.23,3.3,2.81,2.89,2.89,5500
4598776,2017-03-01,KONE,3.18,3.18,2.81,2.83,2.83,5900
4598777,2017-03-02,KONE,3.0,3.14,2.84,3.0,3.0,31000
4598778,2017-03-03,KONE,3.1,3.1,2.88,2.88,2.88,24500
4598779,2017-03-06,KONE,2.98,3.15,2.93,3.15,3.15,36900
4598780,2017-03-07,KONE,3.17,3.56,3.15,3.21,3.21,77800
4598781,2017-03-08,KONE,3.22,3.25,3.2,3.2,3.2,1200
4598782,2017-03-09,KONE,3.36,3.36,3.29,3.34,3.34,1100
4598783,2017-03-10,KONE,3.36,3.36,3.3,3.3,3.3,3500
4598784,2017-03-13,KONE,3.57,3.57,2.97,3.25,3.25,56500
4598785,2017-03-14,KONE,3.35,3.49,3.26,3.36,3.36,20500
4598786,2017-03-15,KONE,3.28,3.33,3.05,3.27,3.27,21200
4598787,2017-03-16,KONE,3.27,3.3,3.23,3.3,3.3,19400
4598788,2017-03-17,KONE,3.04,3.3,3.04,3.29,3.29,9900
4598789,2017-03-20,KONE,3.25,3.49,3.23,3.47,3.47,10700
4598790,2017-03-21,KONE,3.14,3.53,3.14,3.28,3.28,10400
4598791,2017-03-22,KONE,3.32,3.34,3.32,3.33,3.33,4800
4598792,2017-03-23,KONE,3.29,3.37,3.17,3.27,3.27,8500
4598793,2017-03-24,KONE,3.32,3.39,3.3,3.3,3.3,4400
4598794,2017-03-27,KONE,3.37,3.55,3.35,3.52,3.52,19800
4598795,2017-03-28,KONE,3.56,3.56,3.4,3.47,3.47,1700
4598796,2017-03-29,KONE,3.42,3.53,3.32,3.49,3.49,8700
4598797,2017-03-30,KONE,3.33,3.33,3.33,3.33,3.33,100
4598798,2017-03-31,KONE,3.39,3.46,3.37,3.46,3.46,7300
4598799,2017-04-03,KONE,3.68,3.68,3.43,3.57,3.57,8300
4598800,2017-04-04,KONE,3.72,4.2,3.36,4.06,4.06,139800
4598801,2017-04-05,KONE,4.29,4.85,3.66,3.66,3.66,163400
4598802,2017-04-06,KONE,3.76,4.01,3.45,3.85,3.85,50900
4598803,2017-04-07,KONE,4.0,4.39,3.79,3.86,3.86,78000
4598804,2017-04-10,KONE,3.86,4.13,3.79,3.9,3.9,26300
4598805,2017-04-11,KONE,3.94,4.07,3.83,3.83,3.83,15200
4598806,2017-04-12,KONE,3.8,3.87,3.5,3.51,3.51,21200
4598807,2017-04-13,KONE,3.51,3.63,3.51,3.56,3.56,6500
4598808,2017-04-17,KONE,3.6,3.65,3.59,3.59,3.59,8700
4598809,2017-04-18,KONE,3.59,3.65,3.59,3.65,3.65,9200
4598810,2017-04-19,KONE,3.61,3.69,3.59,3.69,3.69,6100
4598811,2017-04-20,KONE,3.69,3.75,3.5,3.7,3.7,24300
4598812,2017-04-21,KONE,3.65,3.75,3.58,3.58,3.58,16300
4598813,2017-04-24,KONE,3.74,3.88,3.7,3.75,3.75,21400
4598814,2017-04-25,KONE,3.66,3.9,3.55,3.8,3.8,27600
4598815,2017-04-26,KONE,3.89,4.1,3.8,3.85,3.85,21500
4598816,2017-04-27,KONE,3.75,3.99,3.75,3.94,3.94,17500
4598817,2017-04-28,KONE,3.83,3.92,3.58,3.69,3.69,24800
4598818,2017-05-01,KONE,3.69,3.98,3.69,3.74,3.74,12700
4598819,2017-05-02,KONE,3.83,3.83,3.6,3.72,3.72,27300
4598820,2017-05-03,KONE,3.97,3.97,3.65,3.65,3.65,22700
4598821,2017-05-04,KONE,3.61,3.62,3.6,3.61,3.61,3500
4598822,2017-05-05,KONE,3.6,3.73,3.55,3.66,3.66,14200
4598823,2017-05-08,KONE,3.57,3.73,3.57,3.73,3.73,14400
4598824,2017-05-09,KONE,3.57,4.0,3.57,3.82,3.82,51100
4598825,2017-05-10,KONE,3.9,3.97,3.67,3.85,3.85,13800
4598826,2017-05-11,KONE,3.72,3.9,3.58,3.64,3.64,28300
4598827,2017-05-12,KONE,3.63,3.67,3.63,3.65,3.65,2000
4598828,2017-05-15,KONE,3.81,3.85,3.57,3.6,3.6,6600
4598829,2017-05-16,KONE,3.63,3.8,3.62,3.62,3.62,2600
4598830,2017-05-17,KONE,3.59,3.59,3.55,3.55,3.55,8300
4598831,2017-05-18,KONE,3.5,3.51,3.5,3.5,3.5,6200
4598832,2017-05-19,KONE,3.45,3.71,3.45,3.5,3.5,11700
4598833,2017-05-22,KONE,3.51,3.53,3.17,3.17,3.17,4400
4598834,2017-05-23,KONE,3.35,3.54,3.23,3.23,3.23,6100
4598835,2017-05-24,KONE,3.38,3.38,3.2,3.25,3.25,4700
4598836,2017-05-25,KONE,3.33,3.34,3.2,3.23,3.23,12500
4598837,2017-05-26,KONE,3.16,3.16,3.05,3.07,3.07,9000
4598838,2017-05-30,KONE,3.19,3.31,3.12,3.29,3.29,22200
4598839,2017-05-31,KONE,3.2,3.21,3.2,3.21,3.21,700
4598840,2017-06-01,KONE,3.25,3.36,3.25,3.31,3.31,1100
4598841,2017-06-02,KONE,3.37,3.44,3.22,3.43,3.43,3300
4598842,2017-06-05,KONE,3.25,3.25,3.25,3.25,3.25,200
4598843,2017-06-06,KONE,3.42,3.68,3.21,3.68,3.68,21300
4598844,2017-06-07,KONE,3.57,3.79,3.55,3.67,3.67,10600
4598845,2017-06-08,KONE,3.59,3.7,3.41,3.41,3.41,1100
4598846,2017-06-09,KONE,3.3,3.31,3.29,3.29,3.29,1300
4598847,2017-06-12,KONE,3.3,3.53,3.29,3.45,3.45,12400
4598848,2017-06-13,KONE,3.53,3.69,3.52,3.66,3.66,5100
4598849,2017-06-14,KONE,3.45,3.73,3.45,3.69,3.69,15400
4598850,2017-06-15,KONE,3.62,3.9,3.62,3.7,3.7,19600
4598851,2017-06-16,KONE,3.9,3.9,3.67,3.67,3.67,600
4598852,2017-06-19,KONE,3.66,3.78,3.45,3.54,3.54,23700
4598853,2017-06-20,KONE,3.8,3.85,3.56,3.85,3.85,10500
4598854,2017-06-21,KONE,3.86,3.86,3.86,3.86,3.86,15800
4598855,2017-06-22,KONE,3.85,3.9,3.85,3.85,3.85,6100
4598856,2017-06-23,KONE,3.82,3.87,3.82,3.87,3.87,1400
4598857,2017-06-26,KONE,3.87,3.87,3.87,3.87,3.87,0
4598858,2017-06-27,KONE,3.84,3.84,3.79,3.79,3.79,200
4598859,2017-06-28,KONE,3.84,3.91,3.8,3.84,3.84,4500
4598860,2017-06-29,KONE,3.86,3.87,3.75,3.8,3.8,4500
4598861,2017-06-30,KONE,3.77,3.83,3.56,3.83,3.83,22800
4598862,2017-07-03,KONE,3.78,3.96,3.78,3.81,3.81,34600
4598863,2017-07-05,KONE,3.78,3.89,3.78,3.83,3.83,9600
4598864,2017-07-06,KONE,3.8,3.8,3.67,3.74,3.74,7300
4598865,2017-07-07,KONE,3.79,3.99,3.62,3.66,3.66,4700
4598866,2017-07-10,KONE,3.57,3.99,3.57,3.99,3.99,25300
4598867,2017-07-11,KONE,3.93,3.96,3.82,3.82,3.82,26200
4598868,2017-07-12,KONE,3.96,3.99,3.72,3.8,3.8,5000
4598869,2017-07-13,KONE,3.86,3.94,3.73,3.83,3.83,28700
4598870,2017-07-14,KONE,3.9,3.95,3.7,3.81,3.81,26600
4598871,2017-07-17,KONE,3.86,3.95,3.76,3.76,3.76,14200
4598872,2017-07-18,KONE,3.76,3.88,3.71,3.88,3.88,9300
4598873,2017-07-19,KONE,3.85,4.1,3.77,3.95,3.95,53700
4598874,2017-07-20,KONE,3.95,3.95,3.95,3.95,3.95,0
4598875,2017-07-21,KONE,3.96,4.0,3.8,3.83,3.83,21800
4598876,2017-07-24,KONE,3.9,3.9,3.8,3.82,3.82,2000
4598877,2017-07-25,KONE,3.86,3.93,3.51,3.93,3.93,17800
4598878,2017-07-26,KONE,3.92,4.08,3.81,3.81,3.81,34900
4598879,2017-07-27,KONE,3.82,3.97,3.74,3.74,3.74,2900
4598880,2017-07-28,KONE,3.84,3.84,3.6,3.77,3.77,17800
4598881,2017-07-31,KONE,3.82,3.87,3.72,3.72,3.72,15400
4598882,2017-08-01,KONE,3.85,3.89,3.66,3.83,3.83,6700
4598883,2017-08-02,KONE,3.7,3.82,3.7,3.82,3.82,500
4598884,2017-08-03,KONE,3.82,3.9,3.51,3.75,3.75,20600
4598885,2017-08-04,KONE,3.78,3.92,3.69,3.83,3.83,19800
4598886,2017-08-07,KONE,3.7,4.03,3.58,3.61,3.61,12900
4598887,2017-08-08,KONE,3.68,3.8,3.6,3.6,3.6,18900
4598888,2017-08-09,KONE,3.55,3.71,3.5,3.7,3.7,26100
4598889,2017-08-10,KONE,3.6,3.76,3.5,3.76,3.76,25600
4598890,2017-08-11,KONE,3.6,3.67,3.2,3.2,3.2,44600
4598891,2017-08-14,KONE,3.27,3.43,3.27,3.4,3.4,1500
4598892,2017-08-15,KONE,3.31,3.34,3.16,3.16,3.16,5200
4598893,2017-08-16,KONE,3.1,3.47,2.63,3.26,3.26,44300
4598894,2017-08-17,KONE,3.4,3.65,3.12,3.21,3.21,39800
4598895,2017-08-18,KONE,3.23,3.23,3.01,3.02,3.02,5800
4598896,2017-08-21,KONE,3.09,3.34,3.09,3.26,3.26,6700
4598897,2017-08-22,KONE,3.21,3.6,3.03,3.58,3.58,21200
4598898,2017-08-23,KONE,3.5,3.7,3.21,3.27,3.27,35400
4598899,2017-08-24,KONE,3.24,3.46,3.2,3.43,3.43,24800
4598900,2017-08-25,KONE,3.42,3.5,3.28,3.38,3.38,21300
4598901,2017-08-28,KONE,3.3,3.5,3.28,3.35,3.35,23700
4598902,2017-08-29,KONE,3.35,3.4,3.29,3.35,3.35,12300
4598903,2017-08-30,KONE,3.39,3.41,3.3,3.31,3.31,7500
4598904,2017-08-31,KONE,3.3,3.45,3.26,3.32,3.32,8600
4598905,2017-09-01,KONE,3.27,3.43,3.27,3.37,3.37,19300
4598906,2017-09-05,KONE,3.5,3.68,3.25,3.25,3.25,35800
4598907,2017-09-06,KONE,3.35,3.55,3.33,3.38,3.38,17700
4598908,2017-09-07,KONE,3.45,3.45,3.36,3.38,3.38,2600
4598909,2017-09-08,KONE,3.44,3.49,3.0,3.25,3.25,29900
4598910,2017-09-11,KONE,3.31,3.53,3.12,3.12,3.12,27600
4598911,2017-09-12,KONE,3.04,3.16,3.04,3.15,3.15,1700
4598912,2017-09-13,KONE,3.15,3.28,3.05,3.1,3.1,3500
4598913,2017-09-14,KONE,3.13,3.39,2.8,3.0,3.0,15600
4598914,2017-09-15,KONE,3.08,3.17,2.97,3.17,3.17,4200
4598915,2017-09-18,KONE,3.1,3.24,2.96,3.01,3.01,7800
4598916,2017-09-19,KONE,3.06,3.11,3.06,3.1,3.1,4700
4598917,2017-09-20,KONE,3.01,3.01,2.91,2.95,2.95,3200
4598918,2017-09-21,KONE,2.91,3.03,2.67,2.67,2.67,9300
4598919,2017-09-22,KONE,2.85,3.26,2.85,3.02,3.02,13800
4598920,2017-09-25,KONE,3.02,3.15,2.99,3.13,3.13,9600
4598921,2017-09-26,KONE,3.1,3.1,2.92,2.92,2.92,5000
4598922,2017-09-27,KONE,2.96,2.96,2.96,2.96,2.96,200
4598923,2017-09-28,KONE,2.95,2.95,2.95,2.95,2.95,100
4598924,2017-09-29,KONE,2.91,2.91,2.9,2.9,2.9,700
4598925,2017-10-02,KONE,2.95,2.95,2.91,2.91,2.91,700
4598926,2017-10-03,KONE,2.91,2.91,2.91,2.91,2.91,0
4598927,2017-10-04,KONE,2.97,3.01,2.9,2.91,2.91,4900
4598928,2017-10-05,KONE,2.95,3.0,2.95,3.0,3.0,2700
4598929,2017-10-06,KONE,2.86,3.95,2.86,3.45,3.45,99200
4598930,2017-10-09,KONE,3.45,3.62,3.23,3.33,3.33,8600
4598931,2017-10-10,KONE,3.27,3.41,3.11,3.25,3.25,8700
4598932,2017-10-11,KONE,3.15,3.44,3.1,3.25,3.25,3100
4598933,2017-10-12,KONE,3.26,3.33,3.0,3.33,3.33,4100
4598934,2017-10-13,KONE,3.02,3.24,2.96,3.02,3.02,12000
4598935,2017-10-16,KONE,3.1,3.37,3.09,3.32,3.32,19200
4598936,2017-10-17,KONE,3.32,3.34,3.1,3.15,3.15,17600
4598937,2017-10-18,KONE,3.12,3.12,3.12,3.12,3.12,200
4598938,2017-10-19,KONE,3.12,3.12,3.12,3.12,3.12,0
4598939,2017-10-20,KONE,3.16,3.16,3.14,3.14,3.14,300
4598940,2017-10-23,KONE,3.28,3.28,3.15,3.24,3.24,2200
4598941,2017-10-24,KONE,3.17,3.24,3.1,3.23,3.23,2200
4598942,2017-10-25,KONE,3.11,3.28,3.01,3.13,3.13,7900
4598943,2017-10-26,KONE,3.24,3.63,3.05,3.15,3.15,66200
4598944,2017-10-27,KONE,3.15,3.25,3.11,3.12,3.12,3100
4598945,2017-10-30,KONE,3.18,3.25,3.13,3.16,3.16,5300
4598946,2017-10-31,KONE,3.16,3.45,3.16,3.39,3.39,16300
4598947,2017-11-01,KONE,3.3,3.38,3.18,3.38,3.38,14000
4598948,2017-11-02,KONE,3.39,3.39,3.25,3.35,3.35,4000
4598949,2017-11-03,KONE,3.27,3.27,3.17,3.17,3.17,800
4598950,2017-11-06,KONE,3.19,3.32,3.13,3.19,3.19,5000
4598951,2017-11-07,KONE,3.37,3.37,3.23,3.26,3.26,600
4598952,2017-11-08,KONE,3.2,8.0,3.18,5.59,5.59,1127600
4598953,2017-11-09,KONE,6.31,7.85,3.45,3.58,3.58,1033700
4598954,2017-11-10,KONE,3.6,4.03,3.33,3.88,3.88,122000
4598955,2017-11-13,KONE,3.84,4.25,3.52,3.56,3.56,274300
4598956,2017-11-14,KONE,3.7,3.75,3.25,3.4,3.4,107600
4598957,2017-11-15,KONE,3.49,5.55,3.3,3.55,3.55,538300
4598958,2017-11-16,KONE,3.74,5.78,3.64,4.18,4.18,641500
4598959,2017-11-17,KONE,4.15,4.37,3.72,4.0,4.0,119700
4598960,2017-11-20,KONE,3.97,4.22,3.76,4.0,4.0,54700
4598961,2017-11-21,KONE,4.12,4.21,3.87,3.94,3.94,28200
4598962,2017-11-22,KONE,4.22,4.32,4.0,4.05,4.05,96400
4598963,2017-11-24,KONE,4.2,4.2,3.93,3.96,3.96,26800
4598964,2017-11-27,KONE,3.88,3.95,3.76,3.82,3.82,14100
4598965,2017-11-28,KONE,3.96,4.26,3.78,4.01,4.01,102600
4598966,2017-11-29,KONE,3.98,4.06,3.82,3.83,3.83,12700
4598967,2017-11-30,KONE,3.83,3.96,3.83,3.87,3.87,8200
4598968,2017-12-01,KONE,3.85,3.96,3.84,3.86,3.86,6500
4598969,2017-12-04,KONE,3.88,4.07,3.88,3.91,3.91,5100
4598970,2017-12-05,KONE,3.9,4.04,3.86,3.87,3.87,5900
4598971,2017-12-06,KONE,3.95,3.99,3.84,3.87,3.87,12900
4598972,2017-12-07,KONE,3.89,3.95,3.84,3.84,3.84,11100
4598973,2017-12-08,KONE,3.86,3.89,3.71,3.72,3.72,7600
4598974,2017-12-11,KONE,3.75,3.9,3.72,3.73,3.73,10200
4598975,2017-12-12,KONE,3.74,5.15,3.74,3.92,3.92,302000
4598976,2017-12-13,KONE,3.89,4.02,3.75,3.91,3.91,28700
4598977,2017-12-14,KONE,3.8,4.12,3.8,3.91,3.91,21300
4598978,2017-12-15,KONE,3.91,4.03,3.89,3.98,3.98,6400
4598979,2017-12-18,KONE,4.06,4.19,3.92,4.11,4.11,22100
4598980,2017-12-19,KONE,4.11,6.64,4.1,4.79,4.79,1314900
4598981,2017-12-20,KONE,4.5,4.7,4.33,4.4,4.4,73200
4598982,2017-12-21,KONE,4.37,4.84,4.1,4.56,4.56,126800
4598983,2017-12-22,KONE,4.47,4.58,4.28,4.45,4.45,29700
4598984,2017-12-26,KONE,4.28,4.5,4.28,4.43,4.43,11400
4598985,2017-12-27,KONE,4.43,4.77,4.33,4.38,4.38,62800
4598986,2017-12-28,KONE,4.4,5.12,4.4,4.61,4.61,155500
4598987,2017-12-29,KONE,4.61,4.83,4.21,4.28,4.28,54100
4598988,2018-01-02,KONE,4.28,4.49,4.28,4.46,4.46,4200
4598989,2018-01-03,KONE,4.52,5.4,4.33,4.59,4.59,171900
4598990,2018-01-04,KONE,4.78,5.99,4.46,4.99,4.99,644700
4598991,2018-01-05,KONE,4.95,5.6,4.78,5.27,5.27,124200
4598992,2018-01-08,KONE,5.55,5.56,5.0,5.34,5.34,51200
4598993,2018-01-09,KONE,5.34,5.72,4.89,5.38,5.38,122000
4598994,2018-01-10,KONE,5.36,5.53,5.02,5.25,5.25,63500
4598995,2018-01-11,KONE,5.44,5.6,5.16,5.28,5.28,23000
4598996,2018-01-12,KONE,5.22,6.11,5.2,5.68,5.68,115700
4598997,2018-01-16,KONE,5.58,6.5,5.2,5.36,5.36,62500
4598998,2018-01-17,KONE,5.64,5.73,5.39,5.69,5.69,57600
4598999,2018-01-18,KONE,5.73,5.74,5.51,5.74,5.74,17900
4599000,2018-01-19,KONE,5.71,6.35,5.51,5.9,5.9,120400
4599001,2018-01-22,KONE,5.9,6.65,5.84,6.4,6.4,110400
4599002,2018-01-23,KONE,6.46,6.65,5.86,6.23,6.23,61500
4599003,2018-01-24,KONE,6.12,6.41,5.7,5.7,5.7,64300
4599004,2018-01-25,KONE,5.83,5.91,5.26,5.27,5.27,23900
4599005,2018-01-26,KONE,5.34,5.83,5.31,5.58,5.58,50400
4599006,2018-01-29,KONE,5.58,5.76,5.2,5.22,5.22,22300
4599007,2018-01-30,KONE,5.1,5.29,4.64,4.68,4.68,57100
4599008,2018-01-31,KONE,8.1,9.4,5.16,5.35,5.35,1934300
4599009,2018-02-01,KONE,5.0,5.1,4.64,4.99,4.99,107700
4599010,2018-02-02,KONE,4.96,5.1,4.5,4.82,4.82,101100
4599011,2018-02-05,KONE,4.82,4.82,4.25,4.48,4.48,54300
4599012,2018-02-06,KONE,4.57,4.57,4.0,4.33,4.33,16900
4599013,2018-02-07,KONE,4.43,4.43,4.22,4.22,4.22,9800
4599014,2018-02-08,KONE,4.23,4.71,3.98,3.98,3.98,14500
4599015,2018-02-09,KONE,3.96,4.03,3.6,3.7,3.7,22700
4599016,2018-02-12,KONE,3.81,4.27,3.78,3.86,3.86,40000
4599017,2018-02-13,KONE,3.94,4.32,3.84,4.0,4.0,30700
4599018,2018-02-14,KONE,4.0,4.39,3.91,4.05,4.05,20200
4599019,2018-02-15,KONE,4.02,4.09,3.77,3.94,3.94,25700
4599020,2018-02-16,KONE,4.04,4.45,3.79,4.29,4.29,36100
4599021,2018-02-20,KONE,4.37,4.7,4.15,4.3,4.3,46200
4599022,2018-02-21,KONE,4.3,4.5,4.09,4.14,4.14,38900
4599023,2018-02-22,KONE,4.3,4.3,3.96,4.14,4.14,18200
4599024,2018-02-23,KONE,4.17,4.17,4.06,4.13,4.13,5000
4599025,2018-02-26,KONE,4.13,4.16,4.06,4.08,4.08,9400
4599026,2018-02-27,KONE,4.18,4.18,4.0,4.13,4.13,6300
4599027,2018-02-28,KONE,4.05,4.07,3.9,3.92,3.92,3300
4599028,2018-03-01,KONE,3.97,4.17,3.91,3.98,3.98,2300
4599029,2018-03-02,KONE,3.98,4.18,3.98,4.05,4.05,2900
4599030,2018-03-05,KONE,4.17,4.21,4.11,4.11,4.11,1200
4599031,2018-03-06,KONE,4.15,4.15,4.09,4.13,4.13,1100
4599032,2018-03-07,KONE,4.07,4.22,4.07,4.21,4.21,6800
4599033,2018-03-08,KONE,4.19,4.21,4.02,4.19,4.19,2700
4599034,2018-03-09,KONE,4.2,4.81,4.12,4.41,4.41,94900
4599035,2018-03-12,KONE,4.36,4.36,4.02,4.15,4.15,9900
4599036,2018-03-13,KONE,4.09,4.26,4.06,4.08,4.08,5400
4599037,2018-03-14,KONE,4.25,4.3,4.09,4.27,4.27,23800
4599038,2018-03-15,KONE,4.26,4.9,4.21,4.34,4.34,157900
4599039,2018-03-16,KONE,4.36,4.57,4.32,4.39,4.39,7100
4599040,2018-03-19,KONE,4.39,4.46,4.19,4.43,4.43,34700
4599041,2018-03-20,KONE,4.41,4.6,4.28,4.43,4.43,14200
4599042,2018-03-21,KONE,4.49,4.8,4.48,4.69,4.69,31100
4599043,2018-03-22,KONE,4.56,4.61,4.43,4.52,4.52,23500
4599044,2018-03-23,KONE,4.44,4.5,4.38,4.5,4.5,11700
4599045,2018-03-26,KONE,4.44,4.45,4.38,4.38,4.38,10300
4599046,2018-03-27,KONE,4.45,4.45,4.18,4.19,4.19,6400
4599047,2018-03-28,KONE,4.15,4.42,4.15,4.38,4.38,10500
4599048,2018-03-29,KONE,4.39,4.5,4.39,4.42,4.42,11200
4599049,2018-04-02,KONE,4.36,4.62,4.36,4.46,4.46,11500
4599050,2018-04-03,KONE,4.46,4.53,4.32,4.32,4.32,8900
4599051,2018-04-04,KONE,4.16,4.4,4.16,4.4,4.4,5200
4599052,2018-04-05,KONE,4.36,4.46,4.25,4.25,4.25,9900
4599053,2018-04-06,KONE,4.45,4.45,4.4,4.44,4.44,7200
4599054,2018-04-09,KONE,4.59,7.69,4.53,5.12,5.12,1332300
4599055,2018-04-10,KONE,5.39,9.9,5.38,7.45,7.45,3943700
4599056,2018-04-11,KONE,7.23,9.63,6.66,6.8,6.8,1920000
4599057,2018-04-12,KONE,7.26,7.78,6.23,6.58,6.58,422200
4599058,2018-04-13,KONE,6.57,6.78,6.1,6.59,6.59,122600
4599059,2018-04-16,KONE,6.6,7.34,6.22,6.42,6.42,352300
4599060,2018-04-17,KONE,6.9,6.9,6.15,6.26,6.26,70500
4599061,2018-04-18,KONE,6.2,6.32,5.76,5.95,5.95,40900
4599062,2018-04-19,KONE,5.99,6.14,5.46,5.5,5.5,31800
4599063,2018-04-20,KONE,5.57,5.57,5.32,5.36,5.36,11100
4599064,2018-04-23,KONE,5.61,5.86,5.33,5.58,5.58,43500
4599065,2018-04-24,KONE,5.62,6.1,5.6,5.88,5.88,57400
4599066,2018-04-25,KONE,6.0,6.57,5.87,6.45,6.45,46300
4599067,2018-04-26,KONE,6.37,6.5,6.03,6.13,6.13,18400
4599068,2018-04-27,KONE,6.28,6.44,6.25,6.34,6.34,7000
4599069,2018-04-30,KONE,6.47,6.65,6.16,6.17,6.17,7300
4599070,2018-05-01,KONE,6.3,6.32,5.9,5.92,5.92,9600
4599071,2018-05-02,KONE,5.91,6.45,5.91,6.29,6.29,9200
4599072,2018-05-03,KONE,6.14,6.79,6.05,6.05,6.05,25500
4599073,2018-05-04,KONE,6.07,6.22,5.98,6.2,6.2,6100
4599074,2018-05-07,KONE,6.13,6.8,6.13,6.4,6.4,40100
4599075,2018-05-08,KONE,6.47,6.8,6.21,6.26,6.26,92600
4599076,2018-05-09,KONE,6.39,6.53,6.26,6.36,6.36,13900
4599077,2018-05-10,KONE,6.31,6.77,6.3,6.35,6.35,26200
4599078,2018-05-11,KONE,6.29,6.4,6.26,6.38,6.38,7900
4599079,2018-05-14,KONE,6.44,6.58,6.38,6.41,6.41,18200
4599080,2018-05-15,KONE,6.44,6.96,6.4,6.41,6.41,44200
4599081,2018-05-16,KONE,6.53,6.68,6.4,6.4,6.4,4800
4599082,2018-05-17,KONE,6.4,6.65,5.8,6.4,6.4,46100
4599083,2018-05-18,KONE,6.4,7.45,6.39,6.74,6.74,110600
4599084,2018-05-21,KONE,6.95,7.2,6.81,6.81,6.81,17100
4599085,2018-05-22,KONE,6.81,7.2,6.81,7.04,7.04,16400
4599086,2018-05-23,KONE,7.18,8.1,6.65,7.74,7.74,70400
4599087,2018-05-25,KONE,7.55,7.9,7.29,7.8,7.8,11400
4599088,2018-05-29,KONE,7.77,7.83,7.28,7.76,7.76,13100
4599089,2018-05-30,KONE,7.57,7.95,7.42,7.65,7.65,32800
4599090,2018-05-31,KONE,7.35,7.69,7.35,7.38,7.38,11000
4599091,2018-06-01,KONE,7.74,8.04,7.37,7.62,7.62,25800
4599092,2018-06-04,KONE,7.61,7.61,7.43,7.55,7.55,3400
4599093,2018-06-05,KONE,7.65,7.88,7.51,7.55,7.55,34000
4599094,2018-06-06,KONE,7.8,8.25,7.5,7.58,7.58,60100
4599095,2018-06-07,KONE,7.78,8.1,7.59,7.6,7.6,15100
4599096,2018-06-08,KONE,7.73,7.9,7.68,7.79,7.79,4700
4599097,2018-06-11,KONE,7.73,8.05,7.56,7.72,7.72,50300
4599098,2018-06-12,KONE,7.85,9.0,7.81,8.23,8.23,73300
4599099,2018-06-13,KONE,8.29,8.81,8.1,8.32,8.32,9900
4599100,2018-06-14,KONE,8.28,8.67,8.2,8.6,8.6,11500
4599101,2018-06-15,KONE,8.6,8.81,8.22,8.75,8.75,17000
4599102,2018-06-25,KONE,8.41,8.53,8.2,8.49,8.49,11000
4599103,2018-06-26,KONE,8.34,8.79,8.1,8.59,8.59,33700
4599104,2018-06-27,KONE,8.58,8.58,7.72,7.78,7.78,17600
4599105,2018-06-28,KONE,7.72,8.83,7.46,7.55,7.55,36900
4599106,2018-06-29,KONE,7.59,7.7,7.59,7.63,7.63,2900
4599107,2018-07-02,KONE,7.7,8.14,7.36,7.5,7.5,35900
4599108,2018-07-03,KONE,7.59,7.59,7.18,7.19,7.19,4000
4599109,2018-07-05,KONE,7.05,7.15,6.88,6.91,6.91,8900
4599110,2018-07-06,KONE,6.8,6.91,6.26,6.8,6.8,17200
4599111,2018-07-09,KONE,7.0,7.5,6.79,7.14,7.14,24000
4599112,2018-07-10,KONE,6.56,7.46,6.52,6.66,6.66,15400
4599113,2018-07-11,KONE,6.55,7.09,6.37,6.37,6.37,8500
4599114,2018-07-12,KONE,6.85,6.94,6.37,6.47,6.47,6600
4599115,2018-07-13,KONE,6.45,6.78,6.45,6.71,6.71,9100
4599116,2018-07-16,KONE,6.45,6.65,6.02,6.36,6.36,37700
4599117,2018-07-17,KONE,6.69,6.71,6.08,6.62,6.62,10800
4599118,2018-07-18,KONE,6.42,6.7,6.16,6.34,6.34,31000
4599119,2018-07-19,KONE,6.19,6.6,6.06,6.3,6.3,14400
4599120,2018-07-20,KONE,6.24,6.64,6.08,6.44,6.44,47900
4599121,2018-07-23,KONE,6.4,6.71,6.4,6.71,6.71,8300
4599122,2018-07-24,KONE,6.71,7.08,6.48,6.75,6.75,12400
4599123,2018-07-25,KONE,6.8,7.13,6.5,7.13,7.13,4900
4599124,2018-07-26,KONE,6.88,7.53,6.88,7.21,7.21,19900
4599125,2018-07-27,KONE,7.14,7.2,6.66,7.16,7.16,3200
4599126,2018-07-30,KONE,7.15,7.47,6.75,7.2,7.2,4300
4599127,2018-07-31,KONE,7.12,7.6,7.0,7.37,7.37,4400
4599128,2018-08-01,KONE,7.21,8.15,7.21,7.66,7.66,8600
4599129,2018-08-02,KONE,7.54,7.91,7.44,7.64,7.64,4500
4599130,2018-08-03,KONE,7.5,7.5,7.12,7.45,7.45,4300
4599131,2018-08-06,KONE,7.77,7.77,6.7,7.2,7.2,12900
4599132,2018-08-07,KONE,7.31,7.45,6.95,7.2,7.2,4800
4599133,2018-08-08,KONE,7.23,7.28,6.81,7.1,7.1,6100
4599134,2018-08-09,KONE,7.11,7.3,7.08,7.2,7.2,2100
4599135,2018-08-10,KONE,7.26,7.47,7.26,7.45,7.45,1700
4599136,2018-08-13,KONE,7.41,7.49,7.14,7.49,7.49,4000
4599137,2018-08-14,KONE,7.27,7.45,7.16,7.16,7.16,1400
4599138,2018-08-15,KONE,7.0,7.25,7.0,7.25,7.25,1700
4599139,2018-08-16,KONE,7.4,7.5,7.1,7.5,7.5,7700
4599140,2018-08-17,KONE,7.15,7.47,6.92,7.04,7.04,7200
4599141,2018-08-20,KONE,7.13,7.48,7.06,7.43,7.43,6200
4599142,2018-08-21,KONE,7.31,7.43,7.01,7.1,7.1,2800
4599143,2018-08-22,KONE,7.39,8.47,6.49,6.64,6.64,128200
4599144,2018-08-23,KONE,6.58,7.0,6.5,6.63,6.63,36300
4599145,2018-08-24,KONE,6.75,6.98,6.6,6.78,6.78,29900
4599146,2018-08-27,KONE,7.47,7.89,6.82,7.54,7.54,71700
4599147,2018-08-28,KONE,7.69,7.75,7.35,7.7,7.7,18700
4599148,2018-08-29,KONE,7.64,7.72,7.4,7.47,7.47,9900
4599149,2018-08-30,KONE,7.4,7.68,7.4,7.59,7.59,7000
4599150,2018-08-31,KONE,7.6,7.73,7.5,7.68,7.68,6600
4599151,2018-09-04,KONE,7.65,7.83,7.55,7.7,7.7,8300
4599152,2018-09-05,KONE,7.65,7.78,7.44,7.59,7.59,3500
4599153,2018-09-06,KONE,7.54,7.59,6.96,6.98,6.98,13100
4599154,2018-09-07,KONE,7.38,7.65,6.99,7.57,7.57,6100
4599155,2018-09-10,KONE,7.55,7.85,7.5,7.7,7.7,3300
4599156,2018-09-11,KONE,7.74,7.74,7.04,7.55,7.55,8200
4599157,2018-09-12,KONE,7.59,7.67,7.35,7.67,7.67,4947
4599158,2018-09-12,KONE,7.59,7.7,7.35,7.67,7.67,4900
