,Date,symbolid,Open,High,Low,Close,AdjClose,Volume
8524658,1990-01-02,WABC,7.75,7.83,7.71,7.71,2.67,6300
8524659,1990-01-03,WABC,7.71,7.75,7.63,7.71,2.67,17400
8524660,1990-01-04,WABC,7.71,7.79,7.67,7.79,2.7,12000
8524661,1990-01-05,WABC,7.79,7.79,7.71,7.79,2.7,2400
8524662,1990-01-08,WABC,7.79,7.83,7.79,7.79,2.7,3300
8524663,1990-01-09,WABC,7.75,7.75,7.63,7.67,2.65,31200
8524664,1990-01-10,WABC,7.67,7.67,7.58,7.58,2.62,9300
8524665,1990-01-11,WABC,7.58,7.67,7.58,7.58,2.62,8700
8524666,1990-01-12,WABC,7.58,7.63,7.46,7.54,2.64,6300
8524667,1990-01-15,WABC,7.5,7.5,7.42,7.42,2.6,6300
8524668,1990-01-16,WABC,7.42,7.5,7.33,7.42,2.6,12900
8524669,1990-01-17,WABC,7.42,7.5,7.38,7.38,2.59,90900
8524670,1990-01-18,WABC,7.38,7.46,7.33,7.46,2.62,2400
8524671,1990-01-19,WABC,7.42,7.42,7.38,7.42,2.6,7200
8524672,1990-01-22,WABC,7.42,7.42,7.29,7.33,2.57,18300
8524673,1990-01-23,WABC,7.33,7.38,7.33,7.33,2.57,1800
8524674,1990-01-24,WABC,7.33,7.33,7.33,7.33,2.57,900
8524675,1990-01-25,WABC,7.25,7.25,7.21,7.25,2.54,2400
8524676,1990-01-26,WABC,7.25,7.25,6.83,7.0,2.45,27600
8524677,1990-01-29,WABC,7.0,7.08,7.0,7.08,2.48,8100
8524678,1990-01-30,WABC,7.04,7.04,6.92,7.0,2.45,12300
8524679,1990-01-31,WABC,7.04,7.04,7.04,7.04,2.47,1200
8524680,1990-02-01,WABC,7.04,7.04,6.96,6.96,2.44,6000
8524681,1990-02-02,WABC,6.96,7.04,6.96,7.04,2.47,19800
8524682,1990-02-05,WABC,7.04,7.04,6.96,7.04,2.47,600
8524683,1990-02-06,WABC,7.04,7.13,7.0,7.04,2.47,18600
8524684,1990-02-07,WABC,7.04,7.08,7.0,7.04,2.47,1200
8524685,1990-02-08,WABC,7.04,7.04,7.04,7.04,2.47,0
8524686,1990-02-09,WABC,7.0,7.0,6.96,7.0,2.45,1200
8524687,1990-02-12,WABC,6.92,6.92,6.88,6.88,2.41,2400
8524688,1990-02-13,WABC,6.88,6.92,6.83,6.92,2.43,7200
8524689,1990-02-14,WABC,6.92,7.0,6.92,7.0,2.45,11700
8524690,1990-02-15,WABC,7.04,7.04,7.04,7.04,2.47,8700
8524691,1990-02-16,WABC,7.04,7.04,6.96,7.0,2.45,3300
8524692,1990-02-20,WABC,6.96,6.96,6.96,6.96,2.44,1800
8524693,1990-02-21,WABC,7.0,7.0,7.0,7.0,2.45,600
8524694,1990-02-22,WABC,7.0,7.0,7.0,7.0,2.45,10500
8524695,1990-02-23,WABC,7.0,7.0,7.0,7.0,2.45,2400
8524696,1990-02-26,WABC,6.96,6.96,6.88,6.88,2.41,2100
8524697,1990-02-27,WABC,6.96,6.96,6.96,6.96,2.44,2100
8524698,1990-02-28,WABC,6.96,7.04,6.96,7.04,2.47,41100
8524699,1990-03-01,WABC,7.0,7.0,6.96,6.96,2.44,6600
8524700,1990-03-02,WABC,6.96,6.96,6.96,6.96,2.44,0
8524701,1990-03-05,WABC,6.96,6.96,6.83,6.92,2.43,5700
8524702,1990-03-06,WABC,6.96,7.0,6.96,7.0,2.45,4500
8524703,1990-03-07,WABC,7.0,7.0,6.96,7.0,2.45,5100
8524704,1990-03-08,WABC,7.0,7.04,7.0,7.04,2.47,900
8524705,1990-03-09,WABC,7.04,7.04,7.0,7.0,2.45,11100
8524706,1990-03-12,WABC,7.0,7.08,7.0,7.08,2.48,3000
8524707,1990-03-13,WABC,7.08,7.17,7.0,7.0,2.45,2400
8524708,1990-03-14,WABC,7.0,7.13,7.0,7.04,2.47,19200
8524709,1990-03-15,WABC,7.04,7.04,7.0,7.04,2.47,900
8524710,1990-03-16,WABC,7.04,7.17,7.04,7.13,2.5,23700
8524711,1990-03-19,WABC,7.04,7.04,7.04,7.04,2.47,2400
8524712,1990-03-20,WABC,7.04,7.08,7.04,7.08,2.48,1800
8524713,1990-03-21,WABC,7.13,7.21,7.13,7.13,2.5,8400
8524714,1990-03-22,WABC,7.13,7.25,6.92,7.0,2.45,67200
8524715,1990-03-23,WABC,7.0,7.0,6.92,7.0,2.45,2700
8524716,1990-03-26,WABC,7.0,7.0,7.0,7.0,2.45,0
8524717,1990-03-27,WABC,7.13,7.13,7.13,7.13,2.5,2700
8524718,1990-03-28,WABC,7.13,7.13,7.0,7.13,2.5,1500
8524719,1990-03-29,WABC,7.08,7.08,7.0,7.08,2.48,4500
8524720,1990-03-30,WABC,7.04,7.04,7.0,7.04,2.47,3900
8524721,1990-04-02,WABC,6.96,6.96,6.88,6.96,2.44,11400
8524722,1990-04-03,WABC,6.96,7.04,6.96,7.04,2.47,3600
8524723,1990-04-04,WABC,7.04,7.13,7.0,7.0,2.45,4500
8524724,1990-04-05,WABC,7.0,7.08,6.96,7.04,2.47,12300
8524725,1990-04-06,WABC,7.04,7.08,7.0,7.08,2.48,5400
8524726,1990-04-09,WABC,7.0,7.0,6.88,7.0,2.45,8400
8524727,1990-04-10,WABC,7.0,7.0,6.88,6.88,2.41,10800
8524728,1990-04-11,WABC,6.88,6.96,6.88,6.96,2.44,2700
8524729,1990-04-12,WABC,6.96,7.0,6.96,7.0,2.45,900
8524730,1990-04-16,WABC,6.96,6.96,6.83,6.83,2.43,2100
8524731,1990-04-17,WABC,6.88,7.0,6.88,6.96,2.48,6300
8524732,1990-04-18,WABC,6.96,7.04,6.96,6.96,2.48,3900
8524733,1990-04-19,WABC,6.92,6.92,6.88,6.88,2.45,3600
8524734,1990-04-20,WABC,6.83,6.83,6.75,6.83,2.43,16500
8524735,1990-04-23,WABC,6.83,6.83,6.83,6.83,2.43,2700
8524736,1990-04-24,WABC,6.83,6.83,6.83,6.83,2.43,0
8524737,1990-04-25,WABC,6.83,6.83,6.83,6.83,2.43,600
8524738,1990-04-26,WABC,6.83,7.04,6.83,7.0,2.49,25800
8524739,1990-04-27,WABC,6.92,6.92,6.92,6.92,2.46,1800
8524740,1990-04-30,WABC,6.92,6.92,6.92,6.92,2.46,0
8524741,1990-05-01,WABC,6.88,6.88,6.83,6.88,2.45,13500
8524742,1990-05-02,WABC,6.92,7.0,6.92,7.0,2.49,3900
8524743,1990-05-03,WABC,6.96,6.96,6.88,6.96,2.48,4500
8524744,1990-05-04,WABC,7.04,7.13,7.04,7.13,2.54,8400
8524745,1990-05-07,WABC,7.17,7.17,7.17,7.17,2.55,1800
8524746,1990-05-08,WABC,7.17,7.25,7.04,7.25,2.58,11700
8524747,1990-05-09,WABC,7.25,7.29,7.25,7.29,2.6,3900
8524748,1990-05-10,WABC,7.29,7.33,7.21,7.33,2.61,2400
8524749,1990-05-11,WABC,7.33,7.38,7.25,7.38,2.63,14700
8524750,1990-05-14,WABC,7.38,7.5,7.25,7.33,2.61,14400
8524751,1990-05-15,WABC,7.38,7.54,7.38,7.54,2.69,4800
8524752,1990-05-16,WABC,7.54,7.88,7.5,7.88,2.81,17400
8524753,1990-05-17,WABC,7.88,7.88,7.79,7.88,2.81,6600
8524754,1990-05-18,WABC,7.88,7.92,7.75,7.79,2.78,15900
8524755,1990-05-21,WABC,7.79,7.83,7.71,7.83,2.79,9900
8524756,1990-05-22,WABC,7.83,7.83,7.71,7.79,2.78,3900
8524757,1990-05-23,WABC,7.79,7.79,7.67,7.71,2.75,4800
8524758,1990-05-24,WABC,7.71,7.79,7.71,7.79,2.78,2100
8524759,1990-05-25,WABC,7.79,7.92,7.75,7.83,2.79,10500
8524760,1990-05-29,WABC,7.83,7.92,7.83,7.92,2.82,12900
8524761,1990-05-30,WABC,7.92,7.96,7.83,7.96,2.83,5400
8524762,1990-05-31,WABC,7.96,8.0,7.96,8.0,2.85,4200
8524763,1990-06-01,WABC,7.96,7.96,7.88,7.96,2.83,3600
8524764,1990-06-04,WABC,7.92,7.92,7.88,7.92,2.82,3900
8524765,1990-06-05,WABC,7.88,7.88,7.75,7.83,2.79,18300
8524766,1990-06-06,WABC,7.83,8.21,7.83,8.13,2.89,60900
8524767,1990-06-07,WABC,8.13,8.25,8.0,8.13,2.89,14100
8524768,1990-06-08,WABC,8.08,8.08,7.96,8.08,2.88,10200
8524769,1990-06-11,WABC,8.08,8.08,7.92,7.92,2.82,3900
8524770,1990-06-12,WABC,7.92,7.92,7.88,7.92,2.82,3300
8524771,1990-06-13,WABC,7.88,7.88,7.79,7.88,2.81,2700
8524772,1990-06-14,WABC,7.88,7.88,7.88,7.88,2.81,1800
8524773,1990-06-15,WABC,7.88,7.88,7.79,7.88,2.81,13800
8524774,1990-06-18,WABC,7.88,7.88,7.71,7.83,2.79,4800
8524775,1990-06-19,WABC,7.88,7.88,7.88,7.88,2.81,600
8524776,1990-06-20,WABC,7.88,7.88,7.75,7.83,2.79,6000
8524777,1990-06-21,WABC,7.83,7.83,7.67,7.83,2.79,7500
8524778,1990-06-22,WABC,7.83,7.88,7.79,7.88,2.81,4500
8524779,1990-06-25,WABC,7.83,7.83,7.75,7.75,2.76,5700
8524780,1990-06-26,WABC,7.83,7.83,7.83,7.83,2.79,600
8524781,1990-06-27,WABC,7.83,7.83,7.67,7.79,2.78,9600
8524782,1990-06-28,WABC,7.79,7.79,7.63,7.75,2.76,11400
8524783,1990-06-29,WABC,7.75,7.75,7.75,7.75,2.76,300
8524784,1990-07-02,WABC,7.75,7.75,7.71,7.71,2.75,1500
8524785,1990-07-03,WABC,7.75,7.75,7.75,7.75,2.76,900
8524786,1990-07-05,WABC,7.75,7.75,7.58,7.67,2.73,6300
8524787,1990-07-06,WABC,7.75,7.75,7.75,7.75,2.76,6300
8524788,1990-07-09,WABC,7.75,7.75,7.67,7.75,2.76,5700
8524789,1990-07-10,WABC,7.75,7.75,7.67,7.75,2.76,3000
8524790,1990-07-11,WABC,7.75,7.75,7.63,7.75,2.76,10200
8524791,1990-07-12,WABC,7.75,7.75,7.63,7.71,2.75,6600
8524792,1990-07-13,WABC,7.71,7.75,7.63,7.71,2.75,6900
8524793,1990-07-16,WABC,7.71,7.71,7.58,7.67,2.77,19800
8524794,1990-07-17,WABC,7.71,7.88,7.71,7.88,2.85,34500
8524795,1990-07-18,WABC,7.88,7.88,7.83,7.83,2.83,3300
8524796,1990-07-19,WABC,7.83,7.88,7.79,7.83,2.83,8400
8524797,1990-07-20,WABC,7.83,7.83,7.75,7.79,2.82,6600
8524798,1990-07-23,WABC,7.79,7.79,7.67,7.79,2.82,24300
8524799,1990-07-24,WABC,7.79,7.79,7.71,7.79,2.82,4500
8524800,1990-07-25,WABC,7.79,7.79,7.71,7.79,2.82,1500
8524801,1990-07-26,WABC,7.79,7.79,7.79,7.79,2.82,1200
8524802,1990-07-27,WABC,7.79,7.79,7.71,7.79,2.82,7200
8524803,1990-07-30,WABC,7.79,7.83,7.67,7.79,2.82,19500
8524804,1990-07-31,WABC,7.79,7.79,7.71,7.79,2.82,6900
8524805,1990-08-01,WABC,7.79,7.79,7.71,7.79,2.82,3900
8524806,1990-08-02,WABC,7.79,7.79,7.71,7.79,2.82,1200
8524807,1990-08-03,WABC,7.71,7.71,7.0,7.21,2.6,36600
8524808,1990-08-06,WABC,7.21,7.29,7.0,7.08,2.56,8400
8524809,1990-08-07,WABC,7.13,7.13,7.13,7.13,2.57,600
8524810,1990-08-08,WABC,7.13,7.17,6.96,6.96,2.51,6300
8524811,1990-08-09,WABC,7.0,7.08,7.0,7.08,2.56,2400
8524812,1990-08-10,WABC,7.08,7.08,7.0,7.08,2.56,1500
8524813,1990-08-13,WABC,7.0,7.0,7.0,7.0,2.53,600
8524814,1990-08-14,WABC,7.0,7.08,6.88,7.08,2.56,5700
8524815,1990-08-15,WABC,7.04,7.04,7.04,7.04,2.54,300
8524816,1990-08-16,WABC,7.04,7.08,6.88,7.08,2.56,10500
8524817,1990-08-17,WABC,7.0,7.0,6.83,6.83,2.47,4500
8524818,1990-08-20,WABC,6.83,6.88,6.83,6.83,2.47,1200
8524819,1990-08-21,WABC,6.79,6.79,6.67,6.71,2.42,5400
8524820,1990-08-22,WABC,6.67,6.67,6.42,6.42,2.32,8100
8524821,1990-08-23,WABC,6.33,6.33,6.13,6.25,2.26,7500
8524822,1990-08-24,WABC,6.25,6.25,6.08,6.25,2.26,4500
8524823,1990-08-27,WABC,6.25,6.33,6.21,6.33,2.29,5100
8524824,1990-08-28,WABC,6.33,6.38,6.25,6.38,2.3,2700
8524825,1990-08-29,WABC,6.42,6.54,6.42,6.46,2.33,7200
8524826,1990-08-30,WABC,6.46,6.46,6.38,6.46,2.33,6000
8524827,1990-08-31,WABC,6.46,6.46,6.42,6.42,2.32,2400
8524828,1990-09-04,WABC,6.46,6.46,6.46,6.46,2.33,600
8524829,1990-09-05,WABC,6.46,6.54,6.38,6.5,2.35,3600
8524830,1990-09-06,WABC,6.5,6.54,6.46,6.46,2.33,2400
8524831,1990-09-07,WABC,6.42,6.42,6.25,6.38,2.3,8400
8524832,1990-09-10,WABC,6.38,6.42,6.25,6.38,2.3,15900
8524833,1990-09-11,WABC,6.38,6.46,6.33,6.46,2.33,2100
8524834,1990-09-12,WABC,6.46,6.46,6.38,6.46,2.33,2700
8524835,1990-09-13,WABC,6.42,6.42,6.25,6.33,2.29,9000
8524836,1990-09-14,WABC,6.33,6.38,6.29,6.38,2.3,1200
8524837,1990-09-17,WABC,6.33,6.33,6.21,6.33,2.29,11700
8524838,1990-09-18,WABC,6.33,6.42,6.33,6.38,2.3,8400
8524839,1990-09-19,WABC,6.29,6.29,6.08,6.25,2.26,14100
8524840,1990-09-20,WABC,6.13,6.13,6.0,6.0,2.17,8400
8524841,1990-09-21,WABC,6.08,6.17,6.08,6.17,2.23,7800
8524842,1990-09-24,WABC,6.08,6.08,6.0,6.04,2.18,2400
8524843,1990-09-25,WABC,6.04,6.08,5.58,5.71,2.06,19500
8524844,1990-09-26,WABC,5.67,5.67,5.08,5.08,1.84,34200
8524845,1990-09-27,WABC,5.08,5.08,4.92,5.08,1.84,30900
8524846,1990-09-28,WABC,5.08,5.13,4.88,5.13,1.85,32700
8524847,1990-10-01,WABC,5.21,5.29,5.21,5.29,1.91,3900
8524848,1990-10-02,WABC,5.29,5.33,5.25,5.25,1.9,1200
8524849,1990-10-03,WABC,5.25,5.29,5.25,5.29,1.91,4500
8524850,1990-10-04,WABC,5.33,5.42,5.33,5.42,1.96,6600
8524851,1990-10-05,WABC,5.33,5.33,5.25,5.33,1.93,13200
8524852,1990-10-08,WABC,5.33,5.33,5.33,5.33,1.93,0
8524853,1990-10-09,WABC,5.33,5.42,5.33,5.42,1.96,900
8524854,1990-10-10,WABC,5.42,5.5,5.42,5.5,1.99,900
8524855,1990-10-11,WABC,5.5,5.5,5.5,5.5,1.99,0
8524856,1990-10-12,WABC,5.54,5.54,5.54,5.54,2.0,300
8524857,1990-10-15,WABC,5.54,5.54,5.54,5.54,2.04,0
8524858,1990-10-16,WABC,5.5,5.5,5.42,5.42,2.0,5700
8524859,1990-10-17,WABC,5.42,5.42,5.42,5.42,2.0,0
8524860,1990-10-18,WABC,5.33,5.33,5.25,5.25,1.94,1800
8524861,1990-10-19,WABC,5.29,5.29,5.29,5.29,1.95,7500
8524862,1990-10-22,WABC,5.25,5.25,5.08,5.17,1.9,3000
8524863,1990-10-23,WABC,5.21,5.21,5.21,5.21,1.92,600
8524864,1990-10-24,WABC,5.17,5.17,5.13,5.17,1.9,15600
8524865,1990-10-25,WABC,5.13,5.13,5.0,5.08,1.87,4500
8524866,1990-10-26,WABC,5.08,5.08,5.08,5.08,1.87,0
8524867,1990-10-29,WABC,5.0,5.0,4.92,5.0,1.84,2100
8524868,1990-10-30,WABC,5.0,5.0,4.88,4.88,1.8,6300
8524869,1990-10-31,WABC,4.88,4.88,4.63,4.79,1.77,16200
8524870,1990-11-01,WABC,4.83,4.88,4.83,4.88,1.8,2400
8524871,1990-11-02,WABC,4.88,4.88,4.58,4.67,1.72,51600
8524872,1990-11-05,WABC,4.58,4.58,4.46,4.58,1.69,11700
8524873,1990-11-06,WABC,4.58,4.58,4.46,4.58,1.69,4800
8524874,1990-11-07,WABC,4.58,4.63,4.5,4.63,1.71,2400
8524875,1990-11-08,WABC,4.63,4.63,4.63,4.63,1.71,0
8524876,1990-11-09,WABC,4.63,4.67,4.63,4.67,1.72,12600
8524877,1990-11-12,WABC,4.71,5.08,4.71,5.08,1.87,52200
8524878,1990-11-13,WABC,5.08,5.13,5.04,5.13,1.89,8700
8524879,1990-11-14,WABC,5.17,5.25,5.17,5.25,1.94,9600
8524880,1990-11-15,WABC,5.33,5.38,5.33,5.38,1.98,4800
8524881,1990-11-16,WABC,5.38,5.5,5.38,5.46,2.01,19800
8524882,1990-11-19,WABC,5.46,5.5,5.46,5.5,2.03,2700
8524883,1990-11-20,WABC,5.5,5.5,5.5,5.5,2.03,1500
8524884,1990-11-21,WABC,5.5,5.5,5.5,5.5,2.03,300
8524885,1990-11-23,WABC,5.5,5.5,5.5,5.5,2.03,300
8524886,1990-11-26,WABC,5.5,5.5,5.5,5.5,2.03,300
8524887,1990-11-27,WABC,5.5,5.5,5.5,5.5,2.03,300
8524888,1990-11-28,WABC,5.5,5.5,5.5,5.5,2.03,300
8524889,1990-11-29,WABC,5.5,5.5,5.5,5.5,2.03,0
8524890,1990-11-30,WABC,5.5,5.5,5.42,5.5,2.03,3300
8524891,1990-12-03,WABC,5.46,5.46,5.38,5.46,2.01,3000
8524892,1990-12-04,WABC,5.46,5.46,5.38,5.46,2.01,900
8524893,1990-12-05,WABC,5.5,5.54,5.5,5.54,2.04,37500
8524894,1990-12-06,WABC,5.54,5.58,5.46,5.58,2.06,2700
8524895,1990-12-07,WABC,5.58,5.63,5.58,5.58,2.06,900
8524896,1990-12-10,WABC,5.58,5.58,5.54,5.58,2.06,3300
8524897,1990-12-11,WABC,5.58,5.58,5.46,5.54,2.04,4800
8524898,1990-12-12,WABC,5.5,5.5,5.33,5.33,1.97,8700
8524899,1990-12-13,WABC,5.33,5.33,5.17,5.25,1.94,27600
8524900,1990-12-14,WABC,5.25,5.33,5.21,5.29,1.95,21900
8524901,1990-12-17,WABC,5.29,5.29,5.29,5.29,1.95,0
8524902,1990-12-18,WABC,5.33,5.42,5.33,5.42,2.0,13500
8524903,1990-12-19,WABC,5.42,5.46,5.33,5.46,2.01,6000
8524904,1990-12-20,WABC,5.46,5.46,5.38,5.46,2.01,2700
8524905,1990-12-21,WABC,5.46,5.46,5.46,5.46,2.01,0
8524906,1990-12-24,WABC,5.38,5.38,5.38,5.38,1.98,600
8524907,1990-12-26,WABC,5.38,5.38,5.38,5.38,1.98,0
8524908,1990-12-27,WABC,5.38,5.46,5.33,5.33,1.97,7800
8524909,1990-12-28,WABC,5.33,5.38,5.29,5.38,1.98,3600
8524910,1990-12-31,WABC,5.38,5.38,5.29,5.29,1.95,5100
8524911,1991-01-02,WABC,5.38,5.38,5.38,5.38,1.98,1200
8524912,1991-01-03,WABC,5.38,5.42,5.29,5.33,1.97,3000
8524913,1991-01-04,WABC,5.29,5.29,5.29,5.29,1.95,1500
8524914,1991-01-07,WABC,5.29,5.29,5.21,5.29,1.95,900
8524915,1991-01-08,WABC,5.25,5.25,5.17,5.25,1.94,2400
8524916,1991-01-09,WABC,5.21,5.21,5.08,5.21,1.92,1200
8524917,1991-01-10,WABC,5.21,5.29,5.13,5.21,1.92,5100
8524918,1991-01-11,WABC,5.25,5.25,5.25,5.25,1.94,300
8524919,1991-01-14,WABC,5.21,5.21,5.0,5.0,1.88,4500
8524920,1991-01-15,WABC,5.0,5.04,4.96,4.96,1.87,2700
8524921,1991-01-16,WABC,5.0,5.08,5.0,5.08,1.91,6300
8524922,1991-01-17,WABC,5.0,5.0,4.92,5.0,1.88,6000
8524923,1991-01-18,WABC,5.0,5.04,5.0,5.04,1.9,3000
8524924,1991-01-21,WABC,5.04,5.08,5.0,5.08,1.91,3000
8524925,1991-01-22,WABC,5.08,5.17,5.0,5.17,1.95,4800
8524926,1991-01-23,WABC,5.21,5.38,5.21,5.38,2.02,5700
8524927,1991-01-24,WABC,5.46,5.46,5.46,5.46,2.06,1500
8524928,1991-01-25,WABC,5.5,5.63,5.5,5.63,2.12,8100
8524929,1991-01-28,WABC,5.63,5.63,5.38,5.5,2.07,22200
8524930,1991-01-29,WABC,5.5,5.5,5.17,5.33,2.01,242700
8524931,1991-01-30,WABC,5.33,5.42,5.33,5.42,2.04,8100
8524932,1991-01-31,WABC,5.42,5.42,5.38,5.38,2.02,11400
8524933,1991-02-01,WABC,5.33,5.33,5.33,5.33,2.01,2700
8524934,1991-02-04,WABC,5.38,5.67,5.38,5.67,2.13,29700
8524935,1991-02-05,WABC,5.67,5.71,5.63,5.71,2.15,40200
8524936,1991-02-06,WABC,5.71,5.92,5.67,5.92,2.23,17100
8524937,1991-02-07,WABC,5.96,6.33,5.96,6.33,2.38,16500
8524938,1991-02-08,WABC,6.33,6.33,6.25,6.25,2.35,6600
8524939,1991-02-11,WABC,6.25,6.29,6.25,6.29,2.37,8100
8524940,1991-02-12,WABC,6.29,6.29,6.17,6.25,2.35,12900
8524941,1991-02-13,WABC,6.21,6.21,6.17,6.17,2.32,3000
8524942,1991-02-14,WABC,6.17,6.38,6.17,6.25,2.35,45000
8524943,1991-02-15,WABC,6.25,6.38,6.25,6.38,2.4,14100
8524944,1991-02-19,WABC,6.38,6.42,6.25,6.33,2.38,4800
8524945,1991-02-20,WABC,6.33,6.38,6.29,6.29,2.37,1200
8524946,1991-02-21,WABC,6.29,6.29,6.29,6.29,2.37,0
8524947,1991-02-22,WABC,6.29,6.29,6.21,6.29,2.37,6000
8524948,1991-02-25,WABC,6.33,6.58,6.33,6.58,2.48,24300
8524949,1991-02-26,WABC,6.58,6.71,6.58,6.71,2.53,42300
8524950,1991-02-27,WABC,6.71,6.96,6.71,6.96,2.62,32700
8524951,1991-02-28,WABC,6.96,6.96,6.88,6.92,2.6,6000
8524952,1991-03-01,WABC,6.92,6.92,6.67,6.83,2.57,31800
8524953,1991-03-04,WABC,6.83,6.83,6.67,6.83,2.57,12900
8524954,1991-03-05,WABC,6.83,6.88,6.79,6.88,2.59,2700
8524955,1991-03-06,WABC,6.88,6.88,6.75,6.88,2.59,2100
8524956,1991-03-07,WABC,6.88,6.96,6.88,6.92,2.6,8700
8524957,1991-03-08,WABC,6.92,6.96,6.79,6.83,2.57,6000
8524958,1991-03-11,WABC,6.83,6.92,6.71,6.79,2.56,7800
8524959,1991-03-12,WABC,6.79,6.83,6.79,6.79,2.56,900
8524960,1991-03-13,WABC,6.79,6.83,6.67,6.75,2.54,8400
8524961,1991-03-14,WABC,6.75,6.83,6.71,6.75,2.54,3300
8524962,1991-03-15,WABC,6.79,6.83,6.79,6.79,2.56,2400
8524963,1991-03-18,WABC,6.79,6.88,6.75,6.79,2.56,4200
8524964,1991-03-19,WABC,6.79,6.92,6.75,6.88,2.59,19200
8524965,1991-03-20,WABC,6.88,6.92,6.79,6.88,2.59,2700
8524966,1991-03-21,WABC,6.83,6.83,6.79,6.83,2.57,1200
8524967,1991-03-22,WABC,6.79,6.79,6.67,6.79,2.56,6900
8524968,1991-03-25,WABC,6.79,6.79,6.67,6.75,2.54,7500
8524969,1991-03-26,WABC,6.75,6.75,6.67,6.75,2.54,2100
8524970,1991-03-27,WABC,6.75,6.79,6.63,6.67,2.51,3900
8524971,1991-03-28,WABC,6.67,6.71,6.5,6.71,2.53,15600
8524972,1991-04-01,WABC,6.71,6.75,6.58,6.58,2.48,2700
8524973,1991-04-02,WABC,6.58,6.71,6.5,6.63,2.49,12900
8524974,1991-04-03,WABC,6.63,6.67,6.63,6.67,2.51,3600
8524975,1991-04-04,WABC,6.58,6.58,6.58,6.58,2.48,3600
8524976,1991-04-05,WABC,6.63,6.63,6.63,6.63,2.49,1800
8524977,1991-04-08,WABC,6.58,6.58,6.5,6.5,2.45,3300
8524978,1991-04-09,WABC,6.54,6.63,6.54,6.58,2.48,3900
8524979,1991-04-10,WABC,6.58,6.63,6.46,6.58,2.48,7200
8524980,1991-04-11,WABC,6.58,6.63,6.46,6.54,2.46,6600
8524981,1991-04-12,WABC,6.54,6.58,6.33,6.42,2.42,8100
8524982,1991-04-15,WABC,6.42,6.42,6.33,6.42,2.46,16500
8524983,1991-04-16,WABC,6.42,6.63,6.33,6.63,2.54,33600
8524984,1991-04-17,WABC,6.58,6.58,6.42,6.46,2.47,24900
8524985,1991-04-18,WABC,6.46,6.46,6.21,6.21,2.38,4800
8524986,1991-04-19,WABC,6.25,6.25,6.25,6.25,2.39,3000
8524987,1991-04-22,WABC,6.25,6.25,6.17,6.17,2.36,2100
8524988,1991-04-23,WABC,6.17,6.33,6.08,6.33,2.43,31200
8524989,1991-04-24,WABC,6.33,6.33,6.21,6.33,2.43,12900
8524990,1991-04-25,WABC,6.33,6.5,6.33,6.5,2.49,7800
8524991,1991-04-26,WABC,6.54,6.58,6.54,6.58,2.52,1800
8524992,1991-04-29,WABC,6.5,6.5,6.46,6.5,2.49,1800
8524993,1991-04-30,WABC,6.5,6.58,6.42,6.58,2.52,7200
8524994,1991-05-01,WABC,6.58,6.58,6.42,6.54,2.51,20700
8524995,1991-05-02,WABC,6.54,6.63,6.42,6.63,2.54,15000
8524996,1991-05-03,WABC,6.58,6.58,6.42,6.54,2.51,16200
8524997,1991-05-06,WABC,6.54,6.58,6.46,6.5,2.49,3300
8524998,1991-05-07,WABC,6.5,6.5,6.42,6.42,2.46,4500
8524999,1991-05-08,WABC,6.46,6.46,6.46,6.46,2.47,1800
8525000,1991-05-09,WABC,6.42,6.42,6.29,6.38,2.44,13800
8525001,1991-05-10,WABC,6.38,6.38,6.38,6.38,2.44,0
8525002,1991-05-13,WABC,6.38,6.42,6.33,6.33,2.43,1200
8525003,1991-05-14,WABC,6.29,6.29,6.17,6.25,2.39,9600
8525004,1991-05-15,WABC,6.29,6.33,6.29,6.33,2.43,1200
8525005,1991-05-16,WABC,6.38,6.46,6.38,6.42,2.46,3000
8525006,1991-05-17,WABC,6.42,6.58,6.38,6.58,2.52,5400
8525007,1991-05-20,WABC,6.5,6.5,6.5,6.5,2.49,600
8525008,1991-05-21,WABC,6.5,6.54,6.5,6.54,2.51,3900
8525009,1991-05-22,WABC,6.54,6.54,6.54,6.54,2.51,0
8525010,1991-05-23,WABC,6.54,6.63,6.54,6.63,2.54,6900
8525011,1991-05-24,WABC,6.63,6.63,6.5,6.63,2.54,25500
8525012,1991-05-28,WABC,6.63,6.63,6.58,6.63,2.54,5400
8525013,1991-05-29,WABC,6.63,6.63,6.63,6.63,2.54,0
8525014,1991-05-30,WABC,6.63,6.63,6.63,6.63,2.54,0
8525015,1991-05-31,WABC,6.58,6.58,6.54,6.58,2.52,4200
8525016,1991-06-03,WABC,6.58,6.58,6.5,6.54,2.51,22500
8525017,1991-06-04,WABC,6.54,6.54,6.54,6.54,2.51,6000
8525018,1991-06-05,WABC,6.58,6.58,6.58,6.58,2.52,600
8525019,1991-06-06,WABC,6.58,6.58,6.46,6.58,2.52,6600
8525020,1991-06-07,WABC,6.58,6.63,6.54,6.63,2.54,5400
8525021,1991-06-10,WABC,6.63,6.67,6.54,6.63,2.54,19800
8525022,1991-06-11,WABC,6.54,6.54,6.42,6.5,2.49,5700
8525023,1991-06-12,WABC,6.42,6.42,6.33,6.42,2.46,4800
8525024,1991-06-13,WABC,6.42,6.5,6.42,6.5,2.49,2400
8525025,1991-06-14,WABC,6.5,6.54,6.46,6.54,2.51,1200
8525026,1991-06-17,WABC,6.54,6.63,6.54,6.63,2.54,12300
8525027,1991-06-18,WABC,6.63,6.79,6.63,6.75,2.59,26700
8525028,1991-06-19,WABC,6.75,6.79,6.75,6.75,2.59,3900
8525029,1991-06-20,WABC,6.75,6.83,6.75,6.75,2.59,1800
8525030,1991-06-21,WABC,6.75,6.92,6.75,6.79,2.6,11700
8525031,1991-06-24,WABC,6.83,6.83,6.83,6.83,2.62,3900
8525032,1991-06-25,WABC,6.75,6.75,6.42,6.54,2.51,15900
8525033,1991-06-26,WABC,6.58,6.67,6.58,6.67,2.55,2700
8525034,1991-06-27,WABC,6.67,6.71,6.58,6.71,2.57,3000
8525035,1991-06-28,WABC,6.71,6.75,6.63,6.75,2.59,1800
8525036,1991-07-01,WABC,6.75,6.83,6.58,6.71,2.57,14100
8525037,1991-07-02,WABC,6.71,6.79,6.5,6.5,2.49,22200
8525038,1991-07-03,WABC,6.5,6.54,6.33,6.5,2.49,9900
8525039,1991-07-05,WABC,6.54,6.63,6.54,6.63,2.54,4800
8525040,1991-07-08,WABC,6.63,6.63,6.63,6.63,2.54,1800
8525041,1991-07-09,WABC,6.63,6.63,6.54,6.58,2.52,4200
8525042,1991-07-10,WABC,6.58,6.63,6.54,6.63,2.54,2700
8525043,1991-07-11,WABC,6.63,6.63,6.63,6.63,2.54,600
8525044,1991-07-12,WABC,6.63,6.63,6.5,6.63,2.54,16200
8525045,1991-07-15,WABC,6.63,6.63,6.5,6.5,2.54,11400
8525046,1991-07-16,WABC,6.5,6.58,6.5,6.58,2.57,6900
8525047,1991-07-17,WABC,6.58,6.58,6.58,6.58,2.57,2100
8525048,1991-07-18,WABC,6.58,6.63,6.58,6.63,2.58,5700
8525049,1991-07-19,WABC,6.63,6.67,6.58,6.58,2.57,3300
8525050,1991-07-22,WABC,6.63,6.67,6.63,6.67,2.6,900
8525051,1991-07-23,WABC,6.67,6.67,6.67,6.67,2.6,2700
8525052,1991-07-24,WABC,6.63,6.63,6.5,6.63,2.58,7500
8525053,1991-07-25,WABC,6.63,6.63,6.58,6.63,2.58,4200
8525054,1991-07-26,WABC,6.63,6.63,6.63,6.63,2.58,600
8525055,1991-07-29,WABC,6.63,6.63,6.5,6.58,2.57,2700
8525056,1991-07-30,WABC,6.63,6.63,6.63,6.63,2.58,2100
8525057,1991-07-31,WABC,6.63,6.63,6.54,6.63,2.58,2400
8525058,1991-08-01,WABC,6.63,6.67,6.63,6.67,2.6,5700
8525059,1991-08-02,WABC,6.67,6.67,6.67,6.67,2.6,0
8525060,1991-08-05,WABC,6.67,6.67,6.58,6.58,2.57,2400
8525061,1991-08-06,WABC,6.58,6.63,6.54,6.54,2.55,2100
8525062,1991-08-07,WABC,6.63,6.63,6.63,6.63,2.58,1200
8525063,1991-08-08,WABC,6.63,6.63,6.33,6.46,2.52,20100
8525064,1991-08-09,WABC,6.46,6.5,6.42,6.5,2.54,3300
8525065,1991-08-12,WABC,6.5,6.63,6.42,6.63,2.58,9300
8525066,1991-08-13,WABC,6.63,6.67,6.63,6.67,2.6,1800
8525067,1991-08-14,WABC,6.67,6.67,6.5,6.58,2.57,309300
8525068,1991-08-15,WABC,6.58,6.63,6.54,6.63,2.58,1800
8525069,1991-08-16,WABC,6.63,6.63,6.5,6.54,2.55,16500
8525070,1991-08-19,WABC,6.54,6.54,6.25,6.54,2.55,28500
8525071,1991-08-20,WABC,6.54,6.54,6.42,6.42,2.5,7800
8525072,1991-08-21,WABC,6.42,6.5,6.33,6.38,2.49,8700
8525073,1991-08-22,WABC,6.42,6.46,6.42,6.46,2.52,5100
8525074,1991-08-23,WABC,6.42,6.42,6.29,6.42,2.5,171900
8525075,1991-08-26,WABC,6.42,6.46,6.33,6.38,2.49,4500
8525076,1991-08-27,WABC,6.38,6.38,6.33,6.38,2.49,1800
8525077,1991-08-28,WABC,6.38,6.42,6.21,6.33,2.47,8400
8525078,1991-08-29,WABC,6.33,6.33,6.33,6.33,2.47,0
8525079,1991-08-30,WABC,6.33,6.38,6.25,6.25,2.44,5700
8525080,1991-09-03,WABC,6.25,6.33,6.25,6.29,2.45,4500
8525081,1991-09-04,WABC,6.33,6.33,6.33,6.33,2.47,900
8525082,1991-09-05,WABC,6.29,6.29,6.13,6.17,2.41,29700
8525083,1991-09-06,WABC,6.21,6.25,6.21,6.25,2.44,2400
8525084,1991-09-09,WABC,6.17,6.17,6.17,6.17,2.41,900
8525085,1991-09-10,WABC,6.17,6.17,6.17,6.17,2.41,0
8525086,1991-09-11,WABC,6.17,6.17,6.13,6.17,2.41,1200
8525087,1991-09-12,WABC,6.17,6.17,6.08,6.08,2.37,10800
8525088,1991-09-13,WABC,6.13,6.13,6.13,6.13,2.39,300
8525089,1991-09-16,WABC,6.13,6.25,6.13,6.25,2.44,5700
8525090,1991-09-17,WABC,6.25,6.29,6.17,6.25,2.44,3900
8525091,1991-09-18,WABC,6.08,6.08,6.08,6.08,2.37,33900
8525092,1991-09-19,WABC,6.08,6.25,5.92,6.25,2.44,16500
8525093,1991-09-20,WABC,6.25,6.38,6.25,6.38,2.49,2400
8525094,1991-09-23,WABC,6.38,6.46,6.29,6.46,2.52,3600
8525095,1991-09-24,WABC,6.42,6.42,6.33,6.42,2.5,3900
8525096,1991-09-25,WABC,6.42,6.42,6.29,6.38,2.49,3300
8525097,1991-09-26,WABC,6.38,6.46,6.29,6.42,2.5,3000
8525098,1991-09-27,WABC,6.5,6.5,6.5,6.5,2.54,2100
8525099,1991-09-30,WABC,6.5,6.5,6.42,6.5,2.54,8700
8525100,1991-10-01,WABC,6.5,6.5,6.33,6.42,2.5,9900
8525101,1991-10-02,WABC,6.42,6.46,6.33,6.33,2.47,3000
8525102,1991-10-03,WABC,6.33,6.46,6.33,6.46,2.52,2700
8525103,1991-10-04,WABC,6.42,6.42,6.33,6.38,2.49,3600
8525104,1991-10-07,WABC,6.38,6.5,6.25,6.5,2.54,21600
8525105,1991-10-08,WABC,6.5,6.96,6.5,6.92,2.7,53400
8525106,1991-10-09,WABC,6.92,7.0,6.83,7.0,2.73,6900
8525107,1991-10-10,WABC,7.0,7.04,6.92,6.96,2.71,4800
8525108,1991-10-11,WABC,6.96,7.29,6.96,7.29,2.89,31500
8525109,1991-10-14,WABC,7.29,7.5,7.04,7.5,2.98,29700
8525110,1991-10-15,WABC,7.5,7.54,7.29,7.46,2.96,18900
8525111,1991-10-16,WABC,7.46,7.46,7.0,7.42,2.94,24000
8525112,1991-10-17,WABC,7.42,7.42,7.21,7.21,2.86,9600
8525113,1991-10-18,WABC,7.21,7.25,6.92,7.04,2.8,26400
8525114,1991-10-21,WABC,7.04,7.13,6.75,6.96,2.76,12900
8525115,1991-10-22,WABC,6.96,7.0,6.92,6.96,2.76,5400
8525116,1991-10-23,WABC,6.88,6.88,6.75,6.75,2.68,6600
8525117,1991-10-24,WABC,6.75,6.75,6.5,6.5,2.58,5100
8525118,1991-10-25,WABC,6.5,6.5,6.38,6.5,2.58,23400
8525119,1991-10-28,WABC,6.5,6.5,6.5,6.5,2.58,1500
8525120,1991-10-29,WABC,6.5,6.54,6.46,6.46,2.56,5700
8525121,1991-10-30,WABC,6.46,6.46,6.38,6.38,2.53,16500
8525122,1991-10-31,WABC,6.38,6.63,6.29,6.63,2.63,12000
8525123,1991-11-01,WABC,6.63,6.63,6.5,6.63,2.63,5400
8525124,1991-11-04,WABC,6.67,6.67,6.67,6.67,2.65,600
8525125,1991-11-05,WABC,6.67,6.71,6.58,6.71,2.66,3300
8525126,1991-11-06,WABC,6.71,6.75,6.63,6.75,2.68,5100
8525127,1991-11-07,WABC,6.75,6.79,6.71,6.79,2.7,1500
8525128,1991-11-08,WABC,6.83,6.92,6.83,6.92,2.75,10200
8525129,1991-11-11,WABC,6.96,6.96,6.88,6.92,2.75,2100
8525130,1991-11-12,WABC,6.92,6.92,6.83,6.92,2.75,3600
8525131,1991-11-13,WABC,6.92,6.92,6.92,6.92,2.75,300
8525132,1991-11-14,WABC,6.92,6.92,6.88,6.88,2.73,6600
8525133,1991-11-15,WABC,6.79,6.88,6.63,6.67,2.65,12600
8525134,1991-11-18,WABC,6.38,6.58,6.33,6.42,2.55,24600
8525135,1991-11-19,WABC,6.46,6.58,6.33,6.58,2.61,5100
8525136,1991-11-20,WABC,6.63,6.63,6.5,6.63,2.63,5400
8525137,1991-11-21,WABC,6.67,6.67,6.58,6.63,2.63,4200
8525138,1991-11-22,WABC,6.67,6.67,6.67,6.67,2.65,600
8525139,1991-11-25,WABC,6.71,6.71,6.58,6.67,2.65,8700
8525140,1991-11-26,WABC,6.71,6.71,6.58,6.58,2.61,4200
8525141,1991-11-27,WABC,6.63,6.71,6.63,6.71,2.66,2400
8525142,1991-11-29,WABC,6.75,6.75,6.67,6.71,2.66,1500
8525143,1991-12-02,WABC,6.75,6.75,6.63,6.71,2.66,4800
8525144,1991-12-03,WABC,6.63,6.67,6.63,6.67,2.65,2100
8525145,1991-12-04,WABC,6.71,6.75,6.63,6.67,2.65,8400
8525146,1991-12-05,WABC,6.63,6.63,6.5,6.54,2.6,5700
8525147,1991-12-06,WABC,6.58,6.58,6.33,6.46,2.56,11400
8525148,1991-12-09,WABC,6.38,6.42,6.25,6.33,2.51,5400
8525149,1991-12-10,WABC,6.25,6.33,6.21,6.29,2.5,6300
8525150,1991-12-11,WABC,6.21,6.21,6.08,6.21,2.46,7200
8525151,1991-12-12,WABC,6.25,6.25,6.25,6.25,2.48,600
8525152,1991-12-13,WABC,6.29,6.29,6.21,6.29,2.5,3000
8525153,1991-12-16,WABC,6.38,6.42,6.29,6.42,2.55,2400
8525154,1991-12-17,WABC,6.29,6.42,6.29,6.42,2.55,6600
8525155,1991-12-18,WABC,6.46,6.46,6.38,6.46,2.56,2100
8525156,1991-12-19,WABC,6.38,6.46,6.38,6.46,2.56,3000
8525157,1991-12-20,WABC,6.46,6.46,6.46,6.46,2.56,5100
8525158,1991-12-23,WABC,6.38,6.38,6.38,6.38,2.53,1200
8525159,1991-12-24,WABC,6.38,6.38,6.38,6.38,2.53,0
8525160,1991-12-26,WABC,6.42,6.46,6.42,6.46,2.56,2100
8525161,1991-12-27,WABC,6.46,6.46,6.46,6.46,2.56,1500
8525162,1991-12-30,WABC,6.38,6.46,6.33,6.42,2.55,3000
8525163,1991-12-31,WABC,6.46,6.63,6.46,6.63,2.63,9900
8525164,1992-01-02,WABC,6.67,6.67,6.54,6.63,2.63,4500
8525165,1992-01-03,WABC,6.67,6.83,6.58,6.83,2.71,12900
8525166,1992-01-06,WABC,6.88,6.88,6.58,6.67,2.65,12000
8525167,1992-01-07,WABC,6.71,6.71,6.58,6.67,2.65,5400
8525168,1992-01-08,WABC,6.58,6.67,6.46,6.58,2.61,8700
8525169,1992-01-09,WABC,6.63,6.71,6.63,6.71,2.66,2700
8525170,1992-01-10,WABC,6.67,6.71,6.54,6.63,2.63,4500
8525171,1992-01-13,WABC,6.63,6.63,6.63,6.63,2.68,6300
8525172,1992-01-14,WABC,6.63,6.63,6.5,6.58,2.66,7200
8525173,1992-01-15,WABC,6.5,6.54,6.38,6.54,2.65,7500
8525174,1992-01-16,WABC,6.46,6.54,6.46,6.54,2.65,7800
8525175,1992-01-17,WABC,6.46,6.54,6.42,6.46,2.61,4200
8525176,1992-01-20,WABC,6.46,6.46,6.46,6.46,2.61,0
8525177,1992-01-21,WABC,6.5,6.63,6.38,6.5,2.63,39300
8525178,1992-01-22,WABC,6.5,6.5,6.5,6.5,2.63,0
8525179,1992-01-23,WABC,6.38,6.5,6.38,6.5,2.63,17700
8525180,1992-01-24,WABC,6.42,6.46,6.29,6.38,2.58,9300
8525181,1992-01-27,WABC,6.46,6.5,6.46,6.5,2.63,1200
8525182,1992-01-28,WABC,6.54,6.58,6.42,6.46,2.61,9000
8525183,1992-01-29,WABC,6.5,6.5,6.42,6.42,2.59,5100
8525184,1992-01-30,WABC,6.33,6.46,6.33,6.46,2.61,8100
8525185,1992-01-31,WABC,6.46,6.5,6.38,6.42,2.59,2700
8525186,1992-02-03,WABC,6.46,6.46,6.38,6.38,2.58,6000
8525187,1992-02-04,WABC,6.33,6.38,6.33,6.38,2.58,6000
8525188,1992-02-05,WABC,6.42,6.46,6.33,6.38,2.58,7200
8525189,1992-02-06,WABC,6.29,6.38,6.29,6.38,2.58,1200
8525190,1992-02-07,WABC,6.46,6.63,6.46,6.63,2.68,28800
8525191,1992-02-10,WABC,6.63,6.75,6.63,6.67,2.7,37800
8525192,1992-02-11,WABC,6.83,6.83,6.79,6.79,2.75,87300
8525193,1992-02-12,WABC,6.71,6.75,6.67,6.71,2.71,19800
8525194,1992-02-13,WABC,6.58,6.67,6.54,6.58,2.66,87300
8525195,1992-02-14,WABC,6.54,6.54,6.5,6.54,2.65,4800
8525196,1992-02-18,WABC,6.46,6.54,6.42,6.46,2.61,9300
8525197,1992-02-19,WABC,6.46,6.46,6.38,6.46,2.61,12600
8525198,1992-02-20,WABC,6.46,6.54,6.46,6.54,2.65,6900
8525199,1992-02-21,WABC,6.58,6.58,6.33,6.46,2.61,14100
8525200,1992-02-24,WABC,6.5,6.54,6.5,6.54,2.65,5700
8525201,1992-02-25,WABC,6.54,6.54,6.46,6.46,2.61,4200
8525202,1992-02-26,WABC,6.42,6.5,6.42,6.5,2.63,1800
8525203,1992-02-27,WABC,6.46,6.5,6.46,6.5,2.63,7200
8525204,1992-02-28,WABC,6.42,6.46,6.33,6.42,2.59,16200
8525205,1992-03-02,WABC,6.42,6.54,6.42,6.5,2.63,114000
8525206,1992-03-03,WABC,6.54,6.79,6.54,6.71,2.71,52800
8525207,1992-03-04,WABC,6.75,6.79,6.71,6.79,2.75,2100
8525208,1992-03-05,WABC,6.71,6.83,6.71,6.79,2.75,15300
8525209,1992-03-06,WABC,6.83,6.83,6.63,6.67,2.7,7200
8525210,1992-03-09,WABC,6.58,6.75,6.58,6.75,2.73,3300
8525211,1992-03-10,WABC,6.67,6.67,6.5,6.5,2.63,29700
8525212,1992-03-11,WABC,6.54,6.54,6.5,6.54,2.65,16200
8525213,1992-03-12,WABC,6.46,6.54,6.46,6.54,2.65,9900
8525214,1992-03-13,WABC,6.46,6.5,6.42,6.46,2.61,17100
8525215,1992-03-16,WABC,6.42,6.54,6.42,6.54,2.65,30300
8525216,1992-03-17,WABC,6.46,6.54,6.46,6.54,2.65,6600
8525217,1992-03-18,WABC,6.46,6.54,6.46,6.54,2.65,7200
8525218,1992-03-19,WABC,6.5,6.5,6.42,6.5,2.63,19500
8525219,1992-03-20,WABC,6.58,6.58,6.33,6.46,2.61,39900
8525220,1992-03-23,WABC,6.42,6.42,6.42,6.42,2.59,1200
8525221,1992-03-24,WABC,6.38,6.46,6.38,6.46,2.61,5100
8525222,1992-03-25,WABC,6.38,6.46,6.33,6.46,2.61,30000
8525223,1992-03-26,WABC,6.42,6.42,6.33,6.42,2.59,17400
8525224,1992-03-27,WABC,6.33,6.42,6.33,6.42,2.59,11700
8525225,1992-03-30,WABC,6.42,6.42,6.33,6.42,2.59,13200
8525226,1992-03-31,WABC,6.42,6.42,6.33,6.42,2.59,18000
8525227,1992-04-01,WABC,6.33,6.33,6.29,6.29,2.54,82200
8525228,1992-04-02,WABC,6.29,6.38,6.29,6.38,2.58,26400
8525229,1992-04-03,WABC,6.29,6.33,6.29,6.33,2.56,9900
8525230,1992-04-06,WABC,6.29,6.38,6.29,6.38,2.58,42600
8525231,1992-04-07,WABC,6.33,6.42,6.29,6.29,2.54,5700
8525232,1992-04-08,WABC,6.25,6.33,6.17,6.25,2.53,31500
8525233,1992-04-09,WABC,6.33,6.42,6.33,6.42,2.59,3000
8525234,1992-04-10,WABC,6.46,6.58,6.38,6.58,2.71,29400
8525235,1992-04-13,WABC,6.58,6.67,6.54,6.58,2.71,21900
8525236,1992-04-14,WABC,6.5,7.0,6.5,6.83,2.82,71100
8525237,1992-04-15,WABC,6.79,6.88,6.67,6.88,2.83,127500
8525238,1992-04-16,WABC,6.88,6.88,6.71,6.83,2.82,26700
8525239,1992-04-20,WABC,6.88,6.88,6.75,6.83,2.82,14100
8525240,1992-04-21,WABC,6.83,6.83,6.67,6.75,2.78,30900
8525241,1992-04-22,WABC,6.75,6.75,6.75,6.75,2.78,4200
8525242,1992-04-23,WABC,6.71,6.75,6.67,6.75,2.78,15900
8525243,1992-04-24,WABC,6.79,6.79,6.71,6.71,2.76,9300
8525244,1992-04-27,WABC,6.58,6.88,6.54,6.88,2.83,27900
8525245,1992-04-28,WABC,6.92,7.04,6.92,7.04,2.9,23400
8525246,1992-04-29,WABC,6.96,6.96,6.88,6.92,2.85,9000
8525247,1992-04-30,WABC,6.96,7.0,6.83,6.96,2.87,30000
8525248,1992-05-01,WABC,7.04,7.04,6.92,6.96,2.87,6300
8525249,1992-05-04,WABC,7.0,7.04,7.0,7.04,2.9,21600
8525250,1992-05-05,WABC,7.04,7.04,6.92,6.92,2.85,5700
8525251,1992-05-06,WABC,6.88,6.96,6.88,6.96,2.87,1500
8525252,1992-05-07,WABC,7.0,7.17,7.0,7.17,2.95,43500
8525253,1992-05-08,WABC,7.13,7.25,7.13,7.21,2.97,32400
8525254,1992-05-11,WABC,7.21,7.21,7.08,7.08,2.92,7200
8525255,1992-05-12,WABC,7.0,7.17,7.0,7.17,2.95,84900
8525256,1992-05-13,WABC,7.21,7.29,7.17,7.29,3.0,50700
8525257,1992-05-14,WABC,7.29,7.33,7.29,7.33,3.02,3600
8525258,1992-05-15,WABC,7.21,7.25,7.08,7.08,2.92,9900
8525259,1992-05-18,WABC,7.17,7.29,7.17,7.21,2.97,9000
8525260,1992-05-19,WABC,7.21,7.29,7.17,7.25,2.99,8700
8525261,1992-05-20,WABC,7.17,7.21,7.17,7.17,2.95,5100
8525262,1992-05-21,WABC,7.13,7.13,7.04,7.04,2.9,46200
8525263,1992-05-22,WABC,7.0,7.04,7.0,7.04,2.9,600
8525264,1992-05-26,WABC,6.96,6.96,6.88,6.96,2.87,4500
8525265,1992-05-27,WABC,6.88,7.04,6.83,7.04,2.9,4800
8525266,1992-05-28,WABC,6.96,6.96,6.83,6.92,2.85,5100
8525267,1992-05-29,WABC,6.92,7.04,6.83,7.0,2.88,15600
8525268,1992-06-01,WABC,7.0,7.08,6.92,7.0,2.88,17100
8525269,1992-06-02,WABC,7.08,7.08,7.08,7.08,2.92,600
8525270,1992-06-03,WABC,7.08,7.17,7.0,7.08,2.92,15600
8525271,1992-06-04,WABC,7.0,7.0,6.88,7.0,2.88,6600
8525272,1992-06-05,WABC,7.08,7.13,7.08,7.08,2.92,6600
8525273,1992-06-08,WABC,7.0,7.25,6.96,7.25,2.99,8400
8525274,1992-06-09,WABC,7.33,7.33,7.08,7.17,2.95,71700
8525275,1992-06-10,WABC,7.08,7.13,7.08,7.13,2.94,1200
8525276,1992-06-11,WABC,7.04,7.04,7.04,7.04,2.9,600
8525277,1992-06-12,WABC,7.13,7.13,7.08,7.08,2.92,3000
8525278,1992-06-15,WABC,7.0,7.0,6.92,7.0,2.88,3900
8525279,1992-06-16,WABC,7.0,7.0,7.0,7.0,2.88,0
8525280,1992-06-17,WABC,7.04,7.04,6.83,6.83,2.82,33000
8525281,1992-06-18,WABC,6.92,6.92,6.92,6.92,2.85,900
8525282,1992-06-19,WABC,6.96,6.96,6.88,6.88,2.83,8400
8525283,1992-06-22,WABC,6.83,7.0,6.83,7.0,2.88,4500
8525284,1992-06-23,WABC,6.92,7.21,6.92,7.21,2.97,29700
8525285,1992-06-24,WABC,7.17,7.17,7.17,7.17,2.95,600
8525286,1992-06-25,WABC,7.25,7.25,7.0,7.13,2.94,25500
8525287,1992-06-26,WABC,7.08,7.13,7.0,7.13,2.94,5400
8525288,1992-06-29,WABC,7.17,7.25,7.17,7.21,2.97,10500
8525289,1992-06-30,WABC,7.25,7.42,7.25,7.42,3.06,44700
8525290,1992-07-01,WABC,7.33,7.33,7.33,7.33,3.02,600
8525291,1992-07-02,WABC,7.33,7.33,7.21,7.29,3.0,7800
8525292,1992-07-06,WABC,7.29,7.29,7.0,7.17,2.95,25500
8525293,1992-07-07,WABC,7.17,7.17,7.17,7.17,2.95,600
8525294,1992-07-08,WABC,7.17,7.17,7.13,7.13,2.94,6900
8525295,1992-07-09,WABC,7.13,7.25,7.13,7.25,2.99,15000
8525296,1992-07-10,WABC,7.29,7.38,7.25,7.25,2.99,32100
8525297,1992-07-13,WABC,7.25,7.29,7.25,7.29,3.06,3000
8525298,1992-07-14,WABC,7.33,7.38,7.25,7.38,3.09,15000
8525299,1992-07-15,WABC,7.33,7.42,7.25,7.33,3.08,38100
8525300,1992-07-16,WABC,7.33,7.42,7.33,7.33,3.08,10500
8525301,1992-07-17,WABC,7.33,7.33,7.21,7.33,3.08,29100
8525302,1992-07-20,WABC,7.25,7.33,7.21,7.33,3.08,2700
8525303,1992-07-21,WABC,7.33,7.33,7.33,7.33,3.08,6300
8525304,1992-07-22,WABC,7.38,7.42,7.25,7.25,3.04,11400
8525305,1992-07-23,WABC,7.25,7.25,7.13,7.25,3.04,5700
8525306,1992-07-24,WABC,7.25,7.25,7.25,7.25,3.04,0
8525307,1992-07-27,WABC,7.17,7.25,7.17,7.21,3.02,25800
8525308,1992-07-28,WABC,7.04,7.04,6.83,6.88,2.88,56400
8525309,1992-07-29,WABC,6.88,6.88,6.88,6.88,2.88,6600
8525310,1992-07-30,WABC,6.79,6.83,6.79,6.83,2.87,22800
8525311,1992-07-31,WABC,6.79,6.83,6.79,6.79,2.85,27000
8525312,1992-08-03,WABC,6.83,6.83,6.83,6.83,2.87,3600
8525313,1992-08-04,WABC,6.83,6.83,6.79,6.79,2.85,27300
8525314,1992-08-05,WABC,6.79,6.88,6.79,6.83,2.87,33000
8525315,1992-08-06,WABC,6.75,6.75,6.71,6.71,2.81,16500
8525316,1992-08-07,WABC,6.63,6.67,6.58,6.67,2.8,10500
8525317,1992-08-10,WABC,6.63,6.63,6.58,6.63,2.78,9000
8525318,1992-08-11,WABC,6.63,6.63,6.54,6.63,2.78,51900
8525319,1992-08-12,WABC,6.54,6.63,6.54,6.63,2.78,12600
8525320,1992-08-13,WABC,6.54,6.54,6.54,6.54,2.74,4800
8525321,1992-08-14,WABC,6.54,6.54,6.54,6.54,2.74,0
8525322,1992-08-17,WABC,6.58,6.58,6.42,6.5,2.73,23400
8525323,1992-08-18,WABC,6.5,6.5,6.21,6.38,2.67,15600
8525324,1992-08-19,WABC,6.42,6.5,6.42,6.5,2.73,17100
8525325,1992-08-20,WABC,6.54,6.54,6.54,6.54,2.74,6600
8525326,1992-08-21,WABC,6.58,6.63,6.58,6.63,2.78,3000
8525327,1992-08-24,WABC,6.54,6.54,6.38,6.46,2.71,5400
8525328,1992-08-25,WABC,6.29,6.33,6.29,6.29,2.64,15900
8525329,1992-08-26,WABC,6.27,6.33,6.13,6.17,2.59,25500
8525330,1992-08-27,WABC,6.17,6.17,6.08,6.08,2.55,23100
8525331,1992-08-28,WABC,6.17,6.17,6.17,6.17,2.59,38100
8525332,1992-08-31,WABC,6.21,6.21,6.17,6.17,2.59,1500
8525333,1992-09-01,WABC,6.17,6.33,6.17,6.33,2.66,68400
8525334,1992-09-02,WABC,6.33,6.38,6.33,6.38,2.67,29400
8525335,1992-09-03,WABC,6.33,6.42,6.33,6.42,2.69,11400
8525336,1992-09-04,WABC,6.42,6.42,6.42,6.42,2.69,1500
8525337,1992-09-08,WABC,6.42,6.42,6.33,6.33,2.66,23700
8525338,1992-09-09,WABC,6.33,6.42,6.33,6.42,2.69,3600
8525339,1992-09-10,WABC,6.33,6.46,6.33,6.42,2.69,27900
8525340,1992-09-11,WABC,6.46,6.46,6.46,6.46,2.71,6300
8525341,1992-09-14,WABC,6.54,6.54,6.54,6.54,2.74,900
8525342,1992-09-15,WABC,6.54,6.63,6.54,6.63,2.78,23400
8525343,1992-09-16,WABC,6.63,6.63,6.63,6.63,2.78,600
8525344,1992-09-17,WABC,6.54,6.54,6.5,6.5,2.73,1800
8525345,1992-09-18,WABC,6.58,6.63,6.54,6.63,2.78,35100
8525346,1992-09-21,WABC,6.63,6.63,6.54,6.54,2.74,1200
8525347,1992-09-22,WABC,6.58,6.58,6.54,6.54,2.74,5400
8525348,1992-09-23,WABC,6.58,6.63,6.54,6.54,2.74,29700
8525349,1992-09-24,WABC,6.58,6.58,6.58,6.58,2.76,2700
8525350,1992-09-25,WABC,6.67,6.67,6.67,6.67,2.8,22500
8525351,1992-09-28,WABC,6.67,6.67,6.67,6.67,2.8,0
8525352,1992-09-29,WABC,6.67,6.96,6.67,6.92,2.9,25200
8525353,1992-09-30,WABC,6.96,7.25,6.96,7.25,3.04,31800
8525354,1992-10-01,WABC,7.13,7.17,7.13,7.13,2.99,2100
8525355,1992-10-02,WABC,7.04,7.13,7.0,7.13,2.99,3600
8525356,1992-10-05,WABC,7.04,7.08,6.88,7.04,2.95,11700
8525357,1992-10-06,WABC,7.08,7.08,6.83,6.83,2.87,202500
8525358,1992-10-07,WABC,6.83,6.83,6.71,6.71,2.81,21300
8525359,1992-10-08,WABC,6.63,6.71,6.5,6.58,2.76,32400
8525360,1992-10-09,WABC,6.58,6.58,6.54,6.54,2.8,3300
8525361,1992-10-12,WABC,6.54,6.54,6.5,6.5,2.78,3000
8525362,1992-10-13,WABC,6.67,6.67,6.67,6.67,2.85,120300
8525363,1992-10-14,WABC,6.63,6.67,6.58,6.67,2.85,19200
8525364,1992-10-15,WABC,6.58,6.75,6.58,6.75,2.89,7500
8525365,1992-10-16,WABC,6.67,6.71,6.63,6.71,2.87,1800
8525366,1992-10-19,WABC,6.71,6.71,6.71,6.71,2.87,0
8525367,1992-10-20,WABC,6.75,6.79,6.75,6.75,2.89,3600
8525368,1992-10-21,WABC,6.75,6.83,6.75,6.83,2.92,900
8525369,1992-10-22,WABC,6.88,6.88,6.88,6.88,2.94,600
8525370,1992-10-23,WABC,6.96,6.96,6.88,6.88,2.94,27900
8525371,1992-10-26,WABC,6.83,6.92,6.83,6.92,2.96,4500
8525372,1992-10-27,WABC,6.92,6.92,6.92,6.92,2.96,0
8525373,1992-10-28,WABC,6.88,6.88,6.88,6.88,2.94,3300
8525374,1992-10-29,WABC,6.88,6.88,6.83,6.83,2.92,4500
8525375,1992-10-30,WABC,6.83,6.83,6.75,6.75,2.89,10500
8525376,1992-11-02,WABC,6.67,6.67,6.67,6.67,2.85,1200
8525377,1992-11-03,WABC,6.67,6.79,6.67,6.75,2.89,68100
8525378,1992-11-04,WABC,6.67,6.71,6.67,6.71,2.87,18000
8525379,1992-11-05,WABC,6.71,6.83,6.71,6.83,2.92,8400
8525380,1992-11-06,WABC,6.79,6.79,6.75,6.75,2.89,2400
8525381,1992-11-09,WABC,6.75,6.75,6.75,6.75,2.89,1200
8525382,1992-11-10,WABC,6.75,6.96,6.75,6.96,2.98,6600
8525383,1992-11-11,WABC,6.92,6.96,6.88,6.96,2.98,6600
8525384,1992-11-12,WABC,6.96,7.08,6.96,7.08,3.03,12600
8525385,1992-11-13,WABC,7.13,7.29,7.13,7.29,3.12,12000
8525386,1992-11-16,WABC,7.25,7.29,7.21,7.21,3.09,15900
8525387,1992-11-17,WABC,7.29,7.29,7.17,7.17,3.07,3300
8525388,1992-11-18,WABC,7.25,7.25,7.25,7.25,3.1,3000
8525389,1992-11-19,WABC,7.21,7.25,7.17,7.21,3.09,19800
8525390,1992-11-20,WABC,7.25,7.29,7.25,7.29,3.12,16200
8525391,1992-11-23,WABC,7.21,7.29,7.17,7.29,3.12,10200
8525392,1992-11-24,WABC,7.21,7.21,7.21,7.21,3.09,6300
8525393,1992-11-25,WABC,7.17,7.17,7.17,7.17,3.07,6000
8525394,1992-11-27,WABC,7.17,7.17,7.17,7.17,3.07,0
8525395,1992-11-30,WABC,7.25,7.29,7.25,7.29,3.12,18000
8525396,1992-12-01,WABC,7.25,7.29,7.25,7.29,3.12,3300
8525397,1992-12-02,WABC,7.29,7.33,7.29,7.33,3.14,10500
8525398,1992-12-03,WABC,7.29,7.38,7.29,7.38,3.16,12000
8525399,1992-12-04,WABC,7.29,7.29,7.29,7.29,3.12,300
8525400,1992-12-07,WABC,7.33,7.46,7.33,7.42,3.17,10500
8525401,1992-12-08,WABC,7.33,7.67,7.33,7.58,3.25,34800
8525402,1992-12-09,WABC,7.54,7.83,7.54,7.83,3.35,11700
8525403,1992-12-10,WABC,7.75,7.83,7.75,7.75,3.32,18900
8525404,1992-12-11,WABC,7.79,7.79,7.75,7.79,3.33,4200
8525405,1992-12-14,WABC,7.71,7.79,7.67,7.67,3.28,6900
8525406,1992-12-15,WABC,7.71,7.71,7.67,7.67,3.28,9000
8525407,1992-12-16,WABC,7.67,7.67,7.67,7.67,3.28,6900
8525408,1992-12-17,WABC,7.75,7.79,7.75,7.79,3.33,7800
8525409,1992-12-18,WABC,7.83,7.83,7.83,7.83,3.35,1200
8525410,1992-12-21,WABC,7.88,7.88,7.83,7.83,3.35,51000
8525411,1992-12-22,WABC,7.88,7.88,7.79,7.79,3.33,7500
8525412,1992-12-23,WABC,7.83,7.92,7.83,7.88,3.37,6600
8525413,1992-12-24,WABC,7.88,7.88,7.88,7.88,3.37,0
8525414,1992-12-28,WABC,7.83,7.83,7.75,7.75,3.32,4200
8525415,1992-12-29,WABC,7.75,7.75,7.75,7.75,3.32,0
8525416,1992-12-30,WABC,7.79,7.79,7.71,7.79,3.33,2400
8525417,1992-12-31,WABC,7.79,7.88,7.79,7.88,3.37,3900
8525418,1993-01-04,WABC,7.79,7.79,7.75,7.79,3.33,9600
8525419,1993-01-05,WABC,7.79,7.83,7.79,7.79,3.33,13800
8525420,1993-01-06,WABC,7.83,7.96,7.83,7.83,3.35,45000
8525421,1993-01-07,WABC,7.83,7.88,7.83,7.88,3.37,31200
8525422,1993-01-08,WABC,7.92,7.92,7.83,7.92,3.39,8700
8525423,1993-01-11,WABC,7.83,7.83,7.79,7.79,3.39,133500
8525424,1993-01-12,WABC,7.71,7.71,7.71,7.71,3.35,6000
8525425,1993-01-13,WABC,7.67,7.67,7.58,7.58,3.3,7500
8525426,1993-01-14,WABC,7.5,7.54,7.46,7.54,3.28,10800
8525427,1993-01-15,WABC,7.5,7.5,7.46,7.46,3.25,10200
8525428,1993-01-18,WABC,7.42,7.42,7.38,7.42,3.23,7800
8525429,1993-01-19,WABC,7.38,7.79,7.38,7.79,3.39,48900
8525430,1993-01-20,WABC,7.79,7.83,7.75,7.75,3.37,15000
8525431,1993-01-21,WABC,7.71,7.71,7.67,7.67,3.34,7800
8525432,1993-01-22,WABC,7.67,8.29,7.67,8.29,3.61,42300
8525433,1993-01-25,WABC,8.21,8.21,8.08,8.17,3.55,45300
8525434,1993-01-26,WABC,8.17,8.25,8.08,8.17,3.55,31800
8525435,1993-01-27,WABC,8.08,8.17,8.08,8.17,3.55,15600
8525436,1993-01-28,WABC,8.17,8.29,8.17,8.29,3.61,35400
8525437,1993-01-29,WABC,8.25,8.42,8.25,8.29,3.61,25800
8525438,1993-02-01,WABC,8.33,8.33,8.33,8.33,3.63,22200
8525439,1993-02-02,WABC,8.29,8.54,8.29,8.54,3.72,15900
8525440,1993-02-03,WABC,8.5,8.79,8.46,8.79,3.83,29100
8525441,1993-02-04,WABC,8.67,8.67,8.63,8.63,3.75,39300
8525442,1993-02-05,WABC,8.58,8.63,8.54,8.63,3.75,44700
8525443,1993-02-08,WABC,8.67,8.67,8.5,8.5,3.7,4200
8525444,1993-02-09,WABC,8.42,8.5,8.42,8.5,3.7,7500
8525445,1993-02-10,WABC,8.54,8.54,8.46,8.5,3.7,10500
8525446,1993-02-11,WABC,8.58,8.58,8.58,8.58,3.73,12900
8525447,1993-02-12,WABC,8.58,8.58,8.5,8.54,3.72,20100
8525448,1993-02-16,WABC,8.46,8.54,8.42,8.46,3.68,6300
8525449,1993-02-17,WABC,8.5,8.5,8.33,8.42,3.66,117600
8525450,1993-02-18,WABC,8.33,8.33,8.33,8.33,3.63,3300
8525451,1993-02-19,WABC,8.42,8.42,8.42,8.42,3.66,1500
8525452,1993-02-22,WABC,8.33,8.33,8.29,8.29,3.61,6000
8525453,1993-02-23,WABC,8.29,8.38,8.29,8.38,3.64,3900
8525454,1993-02-24,WABC,8.42,8.42,8.33,8.33,3.63,2100
8525455,1993-02-25,WABC,8.25,8.29,8.21,8.29,3.61,17400
8525456,1993-02-26,WABC,8.21,8.29,8.17,8.29,3.61,6300
8525457,1993-03-01,WABC,8.38,8.42,8.33,8.42,3.66,1200
8525458,1993-03-02,WABC,8.42,8.5,8.42,8.46,3.68,11400
8525459,1993-03-03,WABC,8.42,8.5,8.33,8.5,3.7,24600
8525460,1993-03-04,WABC,8.46,8.63,8.46,8.54,3.72,34800
8525461,1993-03-05,WABC,8.5,8.5,8.5,8.5,3.7,7800
8525462,1993-03-08,WABC,8.54,8.67,8.46,8.67,3.77,13200
8525463,1993-03-09,WABC,8.67,8.88,8.67,8.88,3.86,20100
8525464,1993-03-10,WABC,8.92,9.63,8.92,9.63,4.19,54000
8525465,1993-03-11,WABC,9.58,9.58,9.29,9.33,4.06,43200
8525466,1993-03-12,WABC,9.17,9.29,9.17,9.29,4.04,42000
8525467,1993-03-15,WABC,9.17,9.29,9.17,9.29,4.04,26400
8525468,1993-03-16,WABC,9.33,9.33,9.33,9.33,4.06,9300
8525469,1993-03-17,WABC,9.33,9.42,9.33,9.42,4.1,2700
8525470,1993-03-18,WABC,9.5,9.96,9.46,9.92,4.32,69600
8525471,1993-03-19,WABC,9.96,10.08,9.75,9.75,4.24,109200
8525472,1993-03-22,WABC,9.75,9.75,9.58,9.58,4.17,18300
8525473,1993-03-23,WABC,9.5,9.58,9.5,9.58,4.17,6000
8525474,1993-03-24,WABC,9.67,9.71,9.5,9.5,4.13,55800
8525475,1993-03-25,WABC,9.54,9.54,9.5,9.5,4.13,4200
8525476,1993-03-26,WABC,9.5,9.54,9.46,9.46,4.12,7800
8525477,1993-03-29,WABC,9.46,9.46,9.38,9.42,4.1,6000
8525478,1993-03-30,WABC,9.46,9.58,9.46,9.58,4.17,15300
8525479,1993-03-31,WABC,9.5,9.54,9.5,9.54,4.15,3300
8525480,1993-04-01,WABC,9.46,9.46,9.42,9.42,4.1,10500
8525481,1993-04-02,WABC,9.46,9.46,9.38,9.46,4.12,8400
8525482,1993-04-05,WABC,9.46,9.46,9.42,9.42,4.1,5100
8525483,1993-04-06,WABC,9.46,9.46,9.25,9.33,4.06,26700
8525484,1993-04-07,WABC,9.25,9.25,9.13,9.21,4.01,60300
8525485,1993-04-08,WABC,9.29,9.33,9.21,9.25,4.03,39900
8525486,1993-04-12,WABC,9.25,9.33,9.21,9.25,4.09,87300
8525487,1993-04-13,WABC,9.33,9.33,9.25,9.33,4.12,11700
8525488,1993-04-14,WABC,9.21,9.21,9.13,9.13,4.03,8100
8525489,1993-04-15,WABC,9.17,9.17,8.88,8.88,3.92,104400
8525490,1993-04-16,WABC,8.96,8.96,8.71,8.71,3.85,7800
8525491,1993-04-19,WABC,8.79,9.0,8.79,9.0,3.98,39900
8525492,1993-04-20,WABC,9.08,9.21,8.83,8.92,3.94,146400
8525493,1993-04-21,WABC,8.88,8.92,8.83,8.88,3.92,62400
8525494,1993-04-22,WABC,8.92,9.0,8.88,8.92,3.94,95400
8525495,1993-04-23,WABC,8.83,8.96,8.79,8.83,3.9,51000
8525496,1993-04-26,WABC,8.83,8.83,8.67,8.67,3.83,51900
8525497,1993-04-27,WABC,8.58,8.58,8.54,8.54,3.77,45300
8525498,1993-04-28,WABC,8.46,8.54,8.38,8.42,3.72,28200
8525499,1993-04-29,WABC,8.46,8.71,8.46,8.71,3.85,119400
8525500,1993-04-30,WABC,8.63,8.63,8.58,8.63,3.81,3000
8525501,1993-05-03,WABC,8.67,8.75,8.67,8.67,3.83,16800
8525502,1993-05-04,WABC,8.58,8.58,8.54,8.54,3.77,25500
8525503,1993-05-05,WABC,8.58,8.71,8.58,8.71,3.85,11700
8525504,1993-05-06,WABC,8.63,8.63,8.5,8.58,3.79,159600
8525505,1993-05-07,WABC,8.5,8.54,8.46,8.54,3.77,6900
8525506,1993-05-10,WABC,8.54,8.54,8.46,8.46,3.74,40800
8525507,1993-05-11,WABC,8.5,8.5,8.29,8.29,3.66,60000
8525508,1993-05-12,WABC,8.29,8.29,8.17,8.21,3.63,23100
8525509,1993-05-13,WABC,8.08,8.08,7.96,8.0,3.53,22200
8525510,1993-05-14,WABC,8.04,8.04,7.96,8.0,3.53,136200
8525511,1993-05-17,WABC,8.0,8.13,8.0,8.08,3.57,85200
8525512,1993-05-18,WABC,8.13,8.13,8.08,8.08,3.57,9900
8525513,1993-05-19,WABC,8.17,8.21,8.08,8.21,3.63,9600
8525514,1993-05-20,WABC,8.21,8.33,8.21,8.33,3.68,14400
8525515,1993-05-21,WABC,8.17,8.21,8.17,8.21,3.63,32400
8525516,1993-05-24,WABC,8.21,8.42,8.21,8.42,3.72,85800
8525517,1993-05-25,WABC,8.38,8.42,8.33,8.42,3.72,6600
8525518,1993-05-26,WABC,8.5,8.67,8.46,8.67,3.83,16800
8525519,1993-05-27,WABC,8.58,8.75,8.5,8.67,3.83,26700
8525520,1993-05-28,WABC,8.58,8.67,8.54,8.67,3.83,11100
8525521,1993-06-01,WABC,8.75,8.83,8.75,8.83,3.9,12600
8525522,1993-06-02,WABC,8.75,8.83,8.71,8.79,3.88,43200
8525523,1993-06-03,WABC,8.67,8.67,8.67,8.67,3.83,12900
8525524,1993-06-04,WABC,8.67,8.71,8.67,8.71,3.85,8700
8525525,1993-06-07,WABC,8.79,8.83,8.71,8.71,3.85,6900
8525526,1993-06-08,WABC,8.71,8.71,8.54,8.54,3.77,12300
8525527,1993-06-09,WABC,8.58,8.63,8.54,8.58,3.79,38100
8525528,1993-06-10,WABC,8.5,8.58,8.5,8.5,3.76,11700
8525529,1993-06-11,WABC,8.46,8.46,8.33,8.33,3.68,8100
8525530,1993-06-14,WABC,8.42,8.63,8.42,8.63,3.81,39900
8525531,1993-06-15,WABC,8.67,8.75,8.63,8.71,3.85,10800
8525532,1993-06-16,WABC,8.63,8.67,8.58,8.67,3.83,2700
8525533,1993-06-17,WABC,8.58,8.58,8.5,8.54,3.77,17700
8525534,1993-06-18,WABC,8.63,8.67,8.5,8.5,3.76,10800
8525535,1993-06-21,WABC,8.54,8.67,8.54,8.58,3.79,29400
8525536,1993-06-22,WABC,8.54,8.67,8.54,8.67,3.83,4800
8525537,1993-06-23,WABC,8.67,8.67,8.54,8.54,3.77,7200
8525538,1993-06-24,WABC,8.54,8.67,8.54,8.67,3.83,9000
8525539,1993-06-25,WABC,8.63,8.71,8.63,8.71,3.85,36900
8525540,1993-06-28,WABC,8.75,8.75,8.63,8.71,3.85,6300
8525541,1993-06-29,WABC,8.71,8.79,8.67,8.67,3.83,31800
8525542,1993-06-30,WABC,8.67,8.88,8.63,8.88,3.92,33900
8525543,1993-07-01,WABC,8.83,8.83,8.79,8.79,3.88,1200
8525544,1993-07-02,WABC,8.79,8.79,8.67,8.67,3.83,16800
8525545,1993-07-06,WABC,8.58,8.67,8.58,8.67,3.83,5700
8525546,1993-07-07,WABC,8.67,8.75,8.67,8.67,3.83,5100
8525547,1993-07-08,WABC,8.75,8.96,8.75,8.88,3.92,32100
8525548,1993-07-09,WABC,8.83,8.92,8.75,8.75,3.87,26100
8525549,1993-07-12,WABC,8.63,8.71,8.58,8.63,3.87,6600
8525550,1993-07-13,WABC,8.58,8.75,8.5,8.5,3.82,22800
8525551,1993-07-14,WABC,8.54,8.67,8.54,8.67,3.89,118500
8525552,1993-07-15,WABC,8.71,8.88,8.71,8.71,3.91,26400
8525553,1993-07-16,WABC,8.71,8.79,8.67,8.67,3.89,15600
8525554,1993-07-19,WABC,8.63,8.79,8.63,8.75,3.93,12000
8525555,1993-07-20,WABC,8.83,8.88,8.58,8.58,3.85,9300
8525556,1993-07-21,WABC,8.54,8.71,8.54,8.71,3.91,4800
8525557,1993-07-22,WABC,8.67,8.75,8.67,8.71,3.91,9000
8525558,1993-07-23,WABC,8.71,8.71,8.71,8.71,3.91,0
8525559,1993-07-26,WABC,8.71,8.79,8.71,8.75,3.93,16500
8525560,1993-07-27,WABC,8.71,8.83,8.71,8.75,3.93,14100
8525561,1993-07-28,WABC,8.71,8.92,8.71,8.83,3.97,10200
8525562,1993-07-29,WABC,8.83,8.83,8.75,8.75,3.93,5400
8525563,1993-07-30,WABC,8.71,8.79,8.71,8.79,3.95,2700
8525564,1993-08-02,WABC,8.83,8.92,8.79,8.79,3.95,18000
8525565,1993-08-03,WABC,8.75,8.83,8.71,8.71,3.91,11100
8525566,1993-08-04,WABC,8.75,8.75,8.67,8.67,3.89,22500
8525567,1993-08-05,WABC,8.67,8.67,8.67,8.67,3.89,300
8525568,1993-08-06,WABC,8.67,8.75,8.67,8.67,3.89,8400
8525569,1993-08-09,WABC,8.71,8.71,8.63,8.63,3.87,8400
8525570,1993-08-10,WABC,8.71,8.71,8.67,8.67,3.89,3900
8525571,1993-08-11,WABC,8.75,8.88,8.71,8.83,3.97,23400
8525572,1993-08-12,WABC,8.79,8.83,8.75,8.83,3.97,42300
8525573,1993-08-13,WABC,8.75,8.75,8.71,8.71,3.91,7800
8525574,1993-08-16,WABC,8.71,8.71,8.71,8.71,3.91,13200
8525575,1993-08-17,WABC,8.71,8.71,8.71,8.71,3.91,1200
8525576,1993-08-18,WABC,8.79,8.79,8.63,8.67,3.89,38700
8525577,1993-08-19,WABC,8.63,8.67,8.58,8.58,3.85,23700
8525578,1993-08-20,WABC,8.58,8.58,8.58,8.58,3.85,0
8525579,1993-08-23,WABC,8.67,8.67,8.58,8.67,3.89,2400
8525580,1993-08-24,WABC,8.67,8.75,8.67,8.75,3.93,10500
8525581,1993-08-25,WABC,8.67,8.71,8.58,8.71,3.91,17700
8525582,1993-08-26,WABC,8.71,8.71,8.63,8.63,3.87,13200
8525583,1993-08-27,WABC,8.54,8.54,8.54,8.54,3.84,3600
8525584,1993-08-30,WABC,8.58,8.58,8.58,8.58,3.85,900
8525585,1993-08-31,WABC,8.58,8.71,8.58,8.71,3.91,29100
8525586,1993-09-01,WABC,8.71,8.71,8.63,8.67,3.89,28200
8525587,1993-09-02,WABC,8.63,8.63,8.58,8.58,3.85,1500
8525588,1993-09-03,WABC,8.5,8.79,8.5,8.79,3.95,18900
8525589,1993-09-07,WABC,8.71,8.83,8.58,8.58,3.85,23700
8525590,1993-09-08,WABC,8.58,8.67,8.58,8.67,3.89,2100
8525591,1993-09-09,WABC,8.58,8.63,8.54,8.54,3.84,2400
8525592,1993-09-10,WABC,8.63,8.63,8.58,8.58,3.85,3000
8525593,1993-09-13,WABC,8.63,8.67,8.58,8.67,3.89,27900
8525594,1993-09-14,WABC,8.67,8.67,8.54,8.54,3.84,34200
8525595,1993-09-15,WABC,8.58,8.58,8.46,8.54,3.84,7500
8525596,1993-09-16,WABC,8.5,8.54,8.5,8.54,3.84,15000
8525597,1993-09-17,WABC,8.5,8.54,8.38,8.54,3.84,11100
8525598,1993-09-20,WABC,9.17,9.33,9.04,9.13,4.1,148200
8525599,1993-09-21,WABC,9.25,9.25,9.04,9.08,4.08,81900
8525600,1993-09-22,WABC,9.17,9.29,9.04,9.29,4.17,40500
8525601,1993-09-23,WABC,9.21,9.29,9.21,9.25,4.15,5700
8525602,1993-09-24,WABC,9.33,9.5,9.33,9.46,4.25,32700
8525603,1993-09-27,WABC,9.5,9.5,9.33,9.42,4.23,63900
8525604,1993-09-28,WABC,9.33,9.42,9.29,9.38,4.21,10500
8525605,1993-09-29,WABC,9.33,9.38,9.25,9.38,4.21,13800
8525606,1993-09-30,WABC,9.33,9.42,9.25,9.42,4.23,35400
8525607,1993-10-01,WABC,9.33,9.42,9.33,9.38,4.21,17100
8525608,1993-10-04,WABC,9.46,9.46,9.42,9.42,4.23,19200
8525609,1993-10-05,WABC,9.42,9.42,9.33,9.33,4.19,14100
8525610,1993-10-06,WABC,9.29,9.38,9.25,9.38,4.21,10200
8525611,1993-10-07,WABC,9.21,9.29,9.21,9.29,4.17,14400
8525612,1993-10-08,WABC,9.21,9.33,9.21,9.25,4.22,48900
8525613,1993-10-11,WABC,9.25,9.33,9.21,9.33,4.25,13800
8525614,1993-10-12,WABC,9.29,9.33,9.25,9.25,4.22,2400
8525615,1993-10-13,WABC,9.21,9.21,9.13,9.21,4.2,21000
8525616,1993-10-14,WABC,9.29,9.42,9.29,9.33,4.25,6600
8525617,1993-10-15,WABC,9.33,9.46,9.29,9.29,4.24,4200
8525618,1993-10-18,WABC,9.33,9.38,9.29,9.33,4.25,23100
8525619,1993-10-19,WABC,9.21,9.25,9.13,9.13,4.16,22800
8525620,1993-10-20,WABC,9.13,9.21,9.13,9.13,4.16,6000
8525621,1993-10-21,WABC,9.08,9.08,9.04,9.04,4.12,8400
8525622,1993-10-22,WABC,9.13,9.25,9.08,9.25,4.22,31800
8525623,1993-10-25,WABC,9.29,9.29,9.25,9.25,4.22,4800
8525624,1993-10-26,WABC,9.21,9.21,9.13,9.13,4.16,1800
8525625,1993-10-27,WABC,9.13,9.13,9.0,9.08,4.14,4800
8525626,1993-10-28,WABC,9.0,9.0,8.96,9.0,4.1,21000
8525627,1993-10-29,WABC,9.0,9.21,9.0,9.21,4.2,9900
8525628,1993-11-01,WABC,9.17,9.25,9.17,9.25,4.22,3000
8525629,1993-11-02,WABC,9.17,9.21,9.04,9.08,4.14,11700
8525630,1993-11-03,WABC,9.04,9.04,9.0,9.04,4.12,65700
8525631,1993-11-04,WABC,8.96,9.04,8.92,8.92,4.06,8700
8525632,1993-11-05,WABC,8.83,8.96,8.75,8.96,4.08,30900
8525633,1993-11-08,WABC,8.92,8.92,8.88,8.88,4.05,1200
8525634,1993-11-09,WABC,8.88,8.88,8.88,8.88,4.05,0
8525635,1993-11-10,WABC,8.63,8.79,8.63,8.79,4.01,25500
8525636,1993-11-11,WABC,8.79,8.83,8.79,8.79,4.01,2100
8525637,1993-11-12,WABC,8.79,8.83,8.63,8.63,3.93,9000
8525638,1993-11-15,WABC,8.63,8.63,8.58,8.58,3.91,1500
8525639,1993-11-16,WABC,8.67,8.75,8.67,8.75,3.99,13500
8525640,1993-11-17,WABC,8.75,8.79,8.75,8.75,3.99,61800
8525641,1993-11-18,WABC,8.75,8.83,8.75,8.75,3.99,111000
8525642,1993-11-19,WABC,8.75,8.75,8.75,8.75,3.99,6600
8525643,1993-11-22,WABC,8.75,8.75,8.67,8.75,3.99,19200
8525644,1993-11-23,WABC,8.83,9.0,8.83,9.0,4.1,22200
8525645,1993-11-24,WABC,8.92,8.96,8.88,8.88,4.05,6000
8525646,1993-11-26,WABC,8.88,8.88,8.88,8.88,4.05,0
8525647,1993-11-29,WABC,8.96,8.96,8.83,8.83,4.03,6600
8525648,1993-11-30,WABC,8.79,8.88,8.71,8.88,4.05,13200
8525649,1993-12-01,WABC,8.96,8.96,8.96,8.96,4.08,2400
8525650,1993-12-02,WABC,8.92,8.92,8.92,8.92,4.06,1200
8525651,1993-12-03,WABC,9.0,9.0,8.83,8.83,4.03,31800
8525652,1993-12-06,WABC,8.88,8.92,8.88,8.92,4.06,900
8525653,1993-12-07,WABC,8.92,8.96,8.92,8.92,4.06,2100
8525654,1993-12-08,WABC,9.0,9.0,8.96,9.0,4.1,12000
8525655,1993-12-09,WABC,8.92,8.92,8.92,8.92,4.06,4500
8525656,1993-12-10,WABC,8.92,9.0,8.92,9.0,4.1,8400
8525657,1993-12-13,WABC,9.0,9.08,9.0,9.08,4.14,8400
8525658,1993-12-14,WABC,9.13,9.17,9.04,9.04,4.12,3600
8525659,1993-12-15,WABC,9.04,9.04,9.0,9.04,4.12,7200
8525660,1993-12-16,WABC,9.04,9.25,9.04,9.21,4.2,29100
8525661,1993-12-17,WABC,9.29,9.5,9.29,9.5,4.33,33600
8525662,1993-12-20,WABC,9.42,9.42,9.33,9.33,4.25,19800
8525663,1993-12-21,WABC,9.29,9.33,9.25,9.25,4.22,4200
8525664,1993-12-22,WABC,9.29,9.33,9.25,9.29,4.24,6300
8525665,1993-12-23,WABC,9.29,9.29,9.21,9.21,4.2,3900
8525666,1993-12-27,WABC,9.25,9.25,9.13,9.13,4.16,6300
8525667,1993-12-28,WABC,9.13,9.17,9.13,9.17,4.18,900
8525668,1993-12-29,WABC,9.08,9.08,9.0,9.08,4.14,9300
8525669,1993-12-30,WABC,9.04,9.13,9.0,9.0,4.1,6600
8525670,1993-12-31,WABC,9.0,9.08,8.96,9.08,4.14,3000
8525671,1994-01-03,WABC,9.0,9.08,9.0,9.0,4.1,1800
8525672,1994-01-04,WABC,9.04,9.04,8.92,8.92,4.06,1500
8525673,1994-01-05,WABC,8.92,8.92,8.83,8.83,4.03,3900
8525674,1994-01-06,WABC,8.79,8.79,8.75,8.75,3.99,1800
8525675,1994-01-07,WABC,8.71,8.71,8.71,8.71,3.97,900
8525676,1994-01-10,WABC,8.79,8.79,8.75,8.75,3.99,900
8525677,1994-01-11,WABC,8.79,8.79,8.63,8.63,3.93,10500
8525678,1994-01-12,WABC,8.63,8.92,8.63,8.83,4.03,15300
8525679,1994-01-13,WABC,8.75,8.83,8.75,8.83,4.03,4200
8525680,1994-01-14,WABC,8.92,9.04,8.88,9.0,4.17,21900
8525681,1994-01-17,WABC,9.08,9.17,9.0,9.08,4.21,16500
8525682,1994-01-18,WABC,9.17,9.17,9.13,9.13,4.23,3900
8525683,1994-01-19,WABC,9.04,9.13,9.04,9.13,4.23,27900
8525684,1994-01-20,WABC,9.04,9.75,9.04,9.67,4.48,38100
8525685,1994-01-21,WABC,9.58,9.58,9.29,9.33,4.33,16800
8525686,1994-01-24,WABC,9.25,9.46,9.25,9.38,4.35,7800
8525687,1994-01-25,WABC,9.38,9.42,9.29,9.42,4.37,6000
8525688,1994-01-26,WABC,9.42,9.67,9.38,9.58,4.44,24900
8525689,1994-01-27,WABC,9.46,9.54,9.42,9.42,4.37,64200
8525690,1994-01-28,WABC,9.33,9.38,9.33,9.33,4.33,10500
8525691,1994-01-31,WABC,9.33,9.46,9.33,9.46,4.39,18300
8525692,1994-02-01,WABC,9.54,9.58,9.5,9.54,4.42,22200
8525693,1994-02-02,WABC,9.5,9.5,9.42,9.5,4.41,198600
8525694,1994-02-03,WABC,9.54,9.54,9.46,9.5,4.41,44100
8525695,1994-02-04,WABC,9.54,9.54,9.25,9.29,4.31,11700
8525696,1994-02-07,WABC,9.33,9.5,9.33,9.5,4.41,5100
8525697,1994-02-08,WABC,9.42,9.5,9.42,9.42,4.37,11400
8525698,1994-02-09,WABC,9.5,9.5,9.42,9.5,4.41,14100
8525699,1994-02-10,WABC,9.54,9.54,9.5,9.5,4.41,8100
8525700,1994-02-11,WABC,9.54,9.63,9.5,9.63,4.46,14700
8525701,1994-02-14,WABC,9.54,9.54,9.38,9.46,4.39,19800
8525702,1994-02-15,WABC,9.42,9.42,9.42,9.42,4.37,21600
8525703,1994-02-16,WABC,9.38,9.38,9.33,9.33,4.33,43200
8525704,1994-02-17,WABC,9.42,9.42,9.25,9.33,4.33,25500
8525705,1994-02-18,WABC,9.33,9.42,9.33,9.38,4.35,5700
8525706,1994-02-22,WABC,9.42,9.42,9.29,9.33,4.33,5700
8525707,1994-02-23,WABC,9.25,9.33,9.25,9.29,4.31,5700
8525708,1994-02-24,WABC,9.25,9.33,9.25,9.25,4.29,14400
8525709,1994-02-25,WABC,9.21,9.21,9.13,9.13,4.23,13200
8525710,1994-02-28,WABC,9.04,9.08,9.0,9.04,4.19,6000
8525711,1994-03-01,WABC,9.13,9.13,9.08,9.13,4.23,4200
8525712,1994-03-02,WABC,9.04,9.13,9.04,9.08,4.21,27000
8525713,1994-03-03,WABC,9.08,9.08,9.04,9.04,4.19,18000
8525714,1994-03-04,WABC,9.04,9.29,9.0,9.29,4.31,18900
8525715,1994-03-07,WABC,9.21,9.21,9.04,9.08,4.21,22800
8525716,1994-03-08,WABC,9.08,9.17,9.08,9.17,4.25,5400
8525717,1994-03-09,WABC,9.08,9.08,9.08,9.08,4.21,900
8525718,1994-03-10,WABC,9.04,9.04,9.04,9.04,4.19,2400
8525719,1994-03-11,WABC,9.0,9.08,9.0,9.08,4.21,19200
8525720,1994-03-14,WABC,9.0,9.13,9.0,9.13,4.23,7800
8525721,1994-03-15,WABC,9.04,9.25,9.04,9.25,4.29,11100
8525722,1994-03-16,WABC,9.17,9.21,9.13,9.21,4.27,16200
8525723,1994-03-17,WABC,9.13,9.13,9.0,9.0,4.17,8400
8525724,1994-03-18,WABC,9.0,9.08,9.0,9.08,4.21,1800
8525725,1994-03-21,WABC,9.13,9.13,8.83,8.83,4.1,26100
8525726,1994-03-22,WABC,8.92,8.96,8.92,8.92,4.13,46200
8525727,1994-03-23,WABC,8.96,9.29,8.96,9.25,4.29,43500
8525728,1994-03-24,WABC,9.29,9.38,9.25,9.38,4.35,9900
8525729,1994-03-25,WABC,9.29,9.33,9.29,9.33,4.33,16800
8525730,1994-03-28,WABC,9.33,9.42,9.33,9.42,4.37,4500
8525731,1994-03-29,WABC,9.33,9.38,9.25,9.38,4.35,11100
8525732,1994-03-30,WABC,9.33,9.33,9.08,9.08,4.21,93900
8525733,1994-03-31,WABC,9.0,9.42,9.0,9.38,4.35,32700
8525734,1994-04-04,WABC,9.29,9.38,9.06,9.38,4.35,24000
8525735,1994-04-05,WABC,9.33,9.42,9.25,9.33,4.33,12000
8525736,1994-04-06,WABC,9.29,9.29,9.25,9.25,4.29,1800
8525737,1994-04-07,WABC,9.21,9.25,9.17,9.25,4.29,4200
8525738,1994-04-08,WABC,9.17,9.17,9.08,9.13,4.23,14400
8525739,1994-04-11,WABC,9.0,9.17,9.0,9.08,4.28,15300
8525740,1994-04-12,WABC,9.08,9.21,9.08,9.21,4.34,12300
8525741,1994-04-13,WABC,9.17,9.17,9.08,9.08,4.28,69300
8525742,1994-04-14,WABC,9.17,9.71,9.17,9.67,4.56,81000
8525743,1994-04-15,WABC,9.67,9.67,9.5,9.58,4.52,31200
8525744,1994-04-18,WABC,9.67,9.79,9.67,9.67,4.56,31500
8525745,1994-04-19,WABC,9.58,9.67,9.5,9.58,4.52,12300
8525746,1994-04-20,WABC,9.54,9.63,9.54,9.63,4.54,17400
8525747,1994-04-21,WABC,9.5,9.63,9.5,9.54,4.5,45900
8525748,1994-04-22,WABC,9.58,9.63,9.54,9.63,4.54,13800
8525749,1994-04-25,WABC,9.58,9.58,9.46,9.5,4.48,93900
8525750,1994-04-26,WABC,9.42,9.67,9.42,9.5,4.48,23400
8525751,1994-04-28,WABC,9.58,9.67,9.5,9.5,4.48,28800
8525752,1994-04-29,WABC,9.67,9.67,9.5,9.67,4.56,46500
8525753,1994-05-02,WABC,9.5,9.58,9.33,9.42,4.44,69000
8525754,1994-05-03,WABC,9.58,9.58,9.33,9.5,4.48,12600
8525755,1994-05-04,WABC,9.33,9.5,9.25,9.33,4.4,35100
8525756,1994-05-05,WABC,9.33,9.33,9.25,9.33,4.4,11700
8525757,1994-05-06,WABC,9.25,9.25,9.25,9.25,4.36,4200
8525758,1994-05-09,WABC,9.17,9.17,9.17,9.17,4.32,1500
8525759,1994-05-10,WABC,9.17,9.33,9.17,9.33,4.4,3600
8525760,1994-05-11,WABC,9.33,9.33,9.08,9.08,4.28,41100
8525761,1994-05-12,WABC,9.33,9.33,9.08,9.33,4.4,4200
8525762,1994-05-13,WABC,9.33,9.33,9.17,9.33,4.4,10800
8525763,1994-05-16,WABC,9.17,9.42,9.17,9.42,4.44,2400
8525764,1994-05-17,WABC,9.17,9.42,9.17,9.42,4.44,36300
8525765,1994-05-18,WABC,9.33,9.58,9.33,9.58,4.52,154500
8525766,1994-05-19,WABC,9.42,9.67,9.42,9.67,4.56,86100
8525767,1994-05-20,WABC,9.67,9.67,9.5,9.67,4.56,121200
8525768,1994-05-23,WABC,9.5,9.67,9.5,9.5,4.48,104400
8525769,1994-05-24,WABC,9.65,9.67,9.5,9.67,4.56,148500
8525770,1994-05-25,WABC,9.67,9.67,9.5,9.63,4.54,32700
8525771,1994-05-26,WABC,9.67,9.75,9.58,9.75,4.6,163800
8525772,1994-05-27,WABC,9.75,9.75,9.58,9.67,4.56,10200
8525773,1994-05-31,WABC,9.58,10.0,9.58,9.75,4.6,57000
8525774,1994-06-01,WABC,9.92,9.92,9.75,9.79,4.62,10800
8525775,1994-06-02,WABC,9.75,10.0,9.75,10.0,4.71,19800
8525776,1994-06-03,WABC,10.0,10.0,9.83,9.83,4.64,10200
8525777,1994-06-06,WABC,9.83,10.0,9.83,10.0,4.71,16500
8525778,1994-06-07,WABC,10.0,10.0,9.83,9.83,4.64,6900
8525779,1994-06-08,WABC,10.0,10.0,9.83,10.0,4.71,19800
8525780,1994-06-09,WABC,9.83,10.25,9.83,10.25,4.83,91200
8525781,1994-06-10,WABC,10.08,10.25,10.08,10.08,4.75,19500
8525782,1994-06-13,WABC,10.08,10.25,10.08,10.25,4.83,63600
8525783,1994-06-14,WABC,10.08,10.33,10.08,10.33,4.87,29700
8525784,1994-06-15,WABC,10.33,10.83,10.33,10.83,5.11,241500
8525785,1994-06-16,WABC,10.83,10.83,10.67,10.67,5.03,36600
8525786,1994-06-17,WABC,10.67,10.71,10.67,10.67,5.03,9900
8525787,1994-06-20,WABC,10.67,10.67,10.25,10.25,4.83,105000
8525788,1994-06-21,WABC,10.33,10.38,10.08,10.29,4.85,96000
8525789,1994-06-22,WABC,10.33,10.58,10.33,10.5,4.95,12600
8525790,1994-06-23,WABC,10.42,10.58,10.33,10.58,4.99,15600
8525791,1994-06-24,WABC,10.33,10.42,10.25,10.38,4.89,23100
8525792,1994-06-27,WABC,10.25,10.33,10.08,10.17,4.79,45900
8525793,1994-06-28,WABC,10.13,10.13,10.0,10.0,4.71,24600
8525794,1994-06-29,WABC,10.17,10.17,10.0,10.0,4.71,51900
8525795,1994-06-30,WABC,10.0,10.17,10.0,10.17,4.79,48300
8525796,1994-07-01,WABC,10.08,10.17,10.08,10.08,4.75,31500
8525797,1994-07-05,WABC,10.17,10.25,10.08,10.08,4.75,67800
8525798,1994-07-06,WABC,10.25,10.25,10.08,10.08,4.75,1500
8525799,1994-07-07,WABC,10.08,10.25,10.08,10.13,4.77,6600
8525800,1994-07-08,WABC,10.25,10.25,10.08,10.08,4.75,3300
8525801,1994-07-11,WABC,10.17,10.25,9.83,10.0,4.79,54000
8525802,1994-07-12,WABC,10.0,10.0,9.75,9.83,4.71,81000
8525803,1994-07-13,WABC,9.75,9.92,9.75,9.88,4.73,183600
8525804,1994-07-14,WABC,9.83,9.96,9.83,9.92,4.75,86700
8525805,1994-07-15,WABC,9.83,10.08,9.83,10.08,4.83,6300
8525806,1994-07-18,WABC,9.92,10.08,9.88,10.08,4.83,19200
8525807,1994-07-19,WABC,10.08,10.08,9.83,10.0,4.79,26400
8525808,1994-07-20,WABC,10.08,10.08,10.0,10.08,4.83,24000
8525809,1994-07-21,WABC,9.92,10.08,9.92,10.04,4.81,36000
8525810,1994-07-22,WABC,10.0,10.08,9.92,10.08,4.83,23100
8525811,1994-07-25,WABC,10.0,10.08,10.0,10.08,4.83,33900
8525812,1994-07-26,WABC,10.08,10.08,9.92,10.0,4.79,13200
8525813,1994-07-27,WABC,10.08,10.08,10.08,10.08,4.83,2400
8525814,1994-07-28,WABC,10.08,10.08,9.83,10.0,4.79,34500
8525815,1994-07-29,WABC,9.83,10.0,9.83,9.92,4.75,24300
8525816,1994-08-01,WABC,10.0,10.0,9.92,9.92,4.75,5100
8525817,1994-08-02,WABC,9.83,9.92,9.83,9.83,4.71,12900
8525818,1994-08-03,WABC,10.0,10.0,9.92,10.0,4.79,81300
8525819,1994-08-04,WABC,10.0,10.17,9.92,10.17,4.87,48000
8525820,1994-08-05,WABC,10.25,10.25,10.08,10.08,4.83,4200
8525821,1994-08-08,WABC,10.08,10.25,10.08,10.08,4.83,38100
8525822,1994-08-09,WABC,10.08,10.25,10.08,10.17,4.87,98400
8525823,1994-08-10,WABC,10.08,10.25,10.08,10.17,4.87,21000
8525824,1994-08-11,WABC,10.08,10.25,10.08,10.25,4.91,5700
8525825,1994-08-12,WABC,10.17,10.33,10.08,10.33,4.95,53400
8525826,1994-08-15,WABC,10.33,10.33,10.08,10.33,4.95,12000
8525827,1994-08-16,WABC,10.08,10.33,10.08,10.08,4.83,57300
8525828,1994-08-17,WABC,10.33,10.33,10.08,10.33,4.95,10200
8525829,1994-08-18,WABC,10.17,10.42,10.17,10.42,4.99,11100
8525830,1994-08-19,WABC,10.42,10.42,10.25,10.25,4.91,2400
8525831,1994-08-22,WABC,10.25,10.42,10.17,10.33,4.95,133800
8525832,1994-08-23,WABC,10.25,10.42,10.17,10.33,4.95,29700
8525833,1994-08-24,WABC,10.38,10.42,10.25,10.42,4.99,40500
8525834,1994-08-25,WABC,10.42,10.42,10.25,10.25,4.91,3000
8525835,1994-08-26,WABC,10.25,10.33,10.25,10.25,4.91,13200
8525836,1994-08-29,WABC,10.25,10.42,10.25,10.42,4.99,6300
8525837,1994-08-30,WABC,10.25,10.42,10.25,10.42,4.99,10800
8525838,1994-08-31,WABC,10.42,10.58,10.33,10.54,5.05,48900
8525839,1994-09-01,WABC,10.58,10.58,10.33,10.58,5.07,20700
8525840,1994-09-02,WABC,10.42,10.58,10.42,10.42,4.99,1500
8525841,1994-09-06,WABC,10.58,10.58,10.42,10.42,4.99,2400
8525842,1994-09-07,WABC,10.42,10.58,10.42,10.54,5.05,20100
8525843,1994-09-08,WABC,10.54,10.67,10.42,10.67,5.1,27000
8525844,1994-09-09,WABC,10.42,10.67,10.42,10.63,5.09,11100
8525845,1994-09-12,WABC,10.67,10.67,10.42,10.67,5.1,35700
8525846,1994-09-13,WABC,10.75,10.75,10.5,10.75,5.14,9300
8525847,1994-09-14,WABC,10.5,10.75,10.5,10.75,5.14,23400
8525848,1994-09-15,WABC,10.58,10.83,10.58,10.83,5.18,76200
8525849,1994-09-16,WABC,10.92,10.92,10.67,10.88,5.2,24000
8525850,1994-09-19,WABC,10.67,10.92,10.67,10.88,5.2,32700
8525851,1994-09-20,WABC,10.67,10.92,10.67,10.83,5.18,8700
8525852,1994-09-21,WABC,10.92,10.92,10.67,10.67,5.1,26100
8525853,1994-09-22,WABC,10.92,11.0,10.83,10.83,5.18,116700
8525854,1994-09-23,WABC,10.83,11.0,10.83,10.92,5.22,48900
8525855,1994-09-26,WABC,10.83,11.08,10.83,10.83,5.18,19500
8525856,1994-09-27,WABC,11.08,11.08,10.92,10.92,5.22,5700
8525857,1994-09-28,WABC,11.08,11.08,10.92,11.08,5.3,10800
8525858,1994-09-29,WABC,10.83,11.08,10.83,11.08,5.3,4200
8525859,1994-09-30,WABC,11.08,11.08,10.83,11.08,5.3,4800
8525860,1994-10-03,WABC,11.08,11.08,10.83,11.08,5.3,2400
8525861,1994-10-04,WABC,10.83,11.08,10.75,10.75,5.14,35700
8525862,1994-10-05,WABC,10.42,10.5,10.25,10.5,5.03,82800
8525863,1994-10-06,WABC,10.33,10.33,10.33,10.33,4.95,600
8525864,1994-10-07,WABC,10.5,10.5,10.5,10.5,5.03,1200
8525865,1994-10-10,WABC,10.33,10.5,10.33,10.46,5.01,9900
8525866,1994-10-11,WABC,10.33,10.5,10.33,10.5,5.03,6000
8525867,1994-10-12,WABC,10.33,10.58,10.33,10.33,4.95,15900
8525868,1994-10-13,WABC,10.5,10.71,10.33,10.58,5.07,116700
8525869,1994-10-14,WABC,10.67,10.67,10.5,10.5,5.03,6300
8525870,1994-10-17,WABC,10.67,10.67,10.5,10.5,5.11,10800
8525871,1994-10-18,WABC,10.67,10.67,10.5,10.65,5.18,4800
8525872,1994-10-19,WABC,10.67,10.67,10.58,10.58,5.15,35700
8525873,1994-10-20,WABC,10.5,10.67,10.5,10.67,5.19,27600
8525874,1994-10-21,WABC,10.58,10.75,10.58,10.58,5.15,7500
8525875,1994-10-24,WABC,10.75,10.75,10.58,10.71,5.21,15300
8525876,1994-10-25,WABC,10.58,10.75,10.58,10.75,5.23,10500
8525877,1994-10-26,WABC,10.58,10.75,10.5,10.5,5.11,9300
8525878,1994-10-27,WABC,10.75,10.75,10.58,10.75,5.23,28800
8525879,1994-10-28,WABC,10.75,10.75,10.58,10.71,5.21,34200
8525880,1994-10-31,WABC,10.58,10.75,10.58,10.58,5.15,2700
8525881,1994-11-01,WABC,10.75,10.83,10.67,10.67,5.19,30000
8525882,1994-11-02,WABC,10.67,10.75,10.58,10.67,5.19,94800
8525883,1994-11-03,WABC,10.58,10.75,10.58,10.75,5.23,35100
8525884,1994-11-04,WABC,10.58,10.75,10.58,10.75,5.23,56700
8525885,1994-11-07,WABC,10.58,10.75,10.58,10.67,5.19,151200
8525886,1994-11-08,WABC,10.63,10.75,10.63,10.71,5.21,10500
8525887,1994-11-09,WABC,10.58,10.58,10.5,10.54,5.13,123300
8525888,1994-11-10,WABC,10.42,10.58,10.33,10.46,5.09,7200
8525889,1994-11-11,WABC,10.33,10.38,10.17,10.17,4.95,60300
8525890,1994-11-14,WABC,10.17,10.33,10.17,10.33,5.03,47700
8525891,1994-11-15,WABC,10.17,10.42,10.17,10.42,5.07,27300
8525892,1994-11-16,WABC,10.29,10.33,10.17,10.33,5.03,103200
8525893,1994-11-17,WABC,10.0,10.17,9.92,10.17,4.95,67200
8525894,1994-11-18,WABC,9.92,10.17,9.92,10.17,4.95,8100
8525895,1994-11-21,WABC,9.92,10.17,9.92,10.17,4.95,900
8525896,1994-11-22,WABC,9.92,10.0,9.75,10.0,4.86,45000
8525897,1994-11-23,WABC,9.92,10.0,9.75,10.0,4.86,46800
8525898,1994-11-25,WABC,9.83,9.92,9.83,9.92,4.82,4800
8525899,1994-11-28,WABC,10.08,10.08,9.92,10.08,4.91,2100
8525900,1994-11-29,WABC,9.92,10.25,9.92,10.25,4.99,91200
8525901,1994-11-30,WABC,10.08,10.25,10.08,10.17,4.95,259500
8525902,1994-12-01,WABC,10.08,10.08,10.08,10.08,4.91,6000
8525903,1994-12-02,WABC,10.13,10.13,10.08,10.13,4.93,13500
8525904,1994-12-05,WABC,10.17,10.17,10.08,10.08,4.91,4800
8525905,1994-12-06,WABC,10.13,10.17,10.08,10.17,4.95,48300
8525906,1994-12-07,WABC,10.08,10.13,10.08,10.13,4.93,15300
8525907,1994-12-08,WABC,10.08,10.25,10.08,10.08,4.91,95700
8525908,1994-12-09,WABC,10.08,10.25,10.08,10.17,4.95,81300
8525909,1994-12-12,WABC,10.08,10.25,10.08,10.25,4.99,900
8525910,1994-12-13,WABC,10.08,10.25,10.08,10.25,4.99,8100
8525911,1994-12-14,WABC,10.25,10.25,10.08,10.25,4.99,25500
8525912,1994-12-15,WABC,10.17,10.25,10.08,10.25,4.99,14100
8525913,1994-12-16,WABC,10.25,10.25,10.08,10.08,4.91,27300
8525914,1994-12-19,WABC,10.21,10.25,10.13,10.25,4.99,52200
8525915,1994-12-20,WABC,10.08,10.17,10.0,10.13,4.93,38100
8525916,1994-12-21,WABC,10.0,10.13,10.0,10.08,4.91,9300
8525917,1994-12-22,WABC,10.17,10.17,10.0,10.13,4.93,10500
8525918,1994-12-23,WABC,10.0,10.17,10.0,10.0,4.86,12600
8525919,1994-12-27,WABC,9.92,10.17,9.83,9.92,4.82,62100
8525920,1994-12-28,WABC,9.83,9.92,9.67,9.79,4.76,113400
8525921,1994-12-29,WABC,9.75,9.92,9.75,9.83,4.78,56100
8525922,1994-12-30,WABC,9.83,9.92,9.75,9.92,4.82,150600
8525923,1995-01-03,WABC,9.92,9.92,9.67,9.83,4.78,49200
8525924,1995-01-04,WABC,9.67,9.83,9.67,9.83,4.78,4800
8525925,1995-01-05,WABC,10.0,10.0,9.83,9.83,4.78,19800
8525926,1995-01-06,WABC,9.83,10.0,9.83,10.0,4.86,3900
8525927,1995-01-09,WABC,10.0,10.0,9.83,10.0,4.86,202200
8525928,1995-01-10,WABC,10.0,10.0,9.83,9.83,4.78,79200
8525929,1995-01-11,WABC,10.08,10.08,9.83,9.83,4.78,18000
8525930,1995-01-12,WABC,10.0,10.08,9.83,9.83,4.78,33300
8525931,1995-01-13,WABC,9.96,10.08,9.83,10.08,4.99,50400
8525932,1995-01-16,WABC,10.08,10.25,9.92,10.25,5.07,58500
8525933,1995-01-17,WABC,10.25,10.25,10.08,10.25,5.07,70800
8525934,1995-01-18,WABC,10.25,10.33,10.17,10.33,5.12,35700
8525935,1995-01-19,WABC,10.17,10.33,10.17,10.19,5.04,176400
8525936,1995-01-20,WABC,10.17,10.33,10.17,10.33,5.12,3000
8525937,1995-01-23,WABC,10.33,10.33,10.17,10.33,5.12,20100
8525938,1995-01-24,WABC,10.17,10.33,10.17,10.25,5.07,81000
8525939,1995-01-25,WABC,10.33,10.33,10.08,10.33,5.12,15300
8525940,1995-01-26,WABC,10.08,10.33,10.08,10.17,5.03,33300
8525941,1995-01-27,WABC,10.33,10.33,10.17,10.33,5.12,8400
8525942,1995-01-30,WABC,10.17,10.29,10.17,10.25,5.07,20700
8525943,1995-01-31,WABC,10.19,10.33,10.17,10.33,5.12,53100
8525944,1995-02-01,WABC,10.33,10.33,10.17,10.33,5.12,1500
8525945,1995-02-02,WABC,10.25,10.5,10.17,10.42,5.16,121200
8525946,1995-02-03,WABC,10.5,10.5,10.33,10.33,5.12,3300
8525947,1995-02-06,WABC,10.5,10.5,10.5,10.5,5.2,3000
8525948,1995-02-07,WABC,10.33,10.5,10.33,10.5,5.2,15600
8525949,1995-02-08,WABC,10.42,10.5,10.33,10.5,5.2,7200
8525950,1995-02-09,WABC,10.5,10.5,10.33,10.42,5.16,3300
8525951,1995-02-10,WABC,10.33,10.5,10.33,10.46,5.18,52800
8525952,1995-02-13,WABC,10.5,10.5,10.33,10.5,5.2,66900
8525953,1995-02-14,WABC,10.33,10.42,10.33,10.42,5.16,24600
8525954,1995-02-15,WABC,10.33,10.42,10.33,10.42,5.16,77100
8525955,1995-02-16,WABC,10.38,10.42,10.33,10.42,5.16,49500
8525956,1995-02-17,WABC,10.33,10.42,10.33,10.35,5.13,388800
8525957,1995-02-21,WABC,10.33,10.39,10.33,10.38,5.14,219000
8525958,1995-02-22,WABC,10.42,10.42,10.33,10.38,5.14,14400
8525959,1995-02-23,WABC,10.33,10.42,10.33,10.33,5.12,66600
8525960,1995-02-24,WABC,10.42,10.42,10.33,10.33,5.12,2100
8525961,1995-02-27,WABC,10.25,10.42,10.25,10.25,5.07,8700
8525962,1995-02-28,WABC,10.42,10.42,10.25,10.42,5.16,48300
8525963,1995-03-01,WABC,10.25,10.79,10.25,10.71,5.3,227100
8525964,1995-03-02,WABC,10.58,10.75,10.5,10.5,5.2,109800
8525965,1995-03-03,WABC,10.5,10.67,10.5,10.58,5.24,52800
8525966,1995-03-06,WABC,10.54,10.67,10.5,10.5,5.2,29400
8525967,1995-03-07,WABC,10.58,10.67,10.5,10.58,5.24,15000
8525968,1995-03-08,WABC,10.5,10.83,10.5,10.79,5.34,72000
8525969,1995-03-09,WABC,10.83,10.83,10.67,10.79,5.34,82500
8525970,1995-03-10,WABC,10.75,10.83,10.67,10.81,5.35,165300
8525971,1995-03-13,WABC,10.67,10.83,10.67,10.67,5.28,9900
8525972,1995-03-14,WABC,10.67,10.92,10.67,10.75,5.32,22800
8525973,1995-03-15,WABC,10.75,10.92,10.75,10.83,5.36,42900
8525974,1995-03-16,WABC,10.83,10.92,10.75,10.83,5.36,9600
8525975,1995-03-17,WABC,10.75,11.0,10.75,11.0,5.45,45600
8525976,1995-03-20,WABC,10.96,11.0,10.83,10.83,5.36,26400
8525977,1995-03-21,WABC,10.83,11.08,10.83,11.0,5.45,31800
8525978,1995-03-22,WABC,11.0,11.08,10.92,10.92,5.4,77400
8525979,1995-03-23,WABC,10.92,11.02,10.92,11.0,5.45,25500
8525980,1995-03-24,WABC,11.08,11.08,10.92,10.92,5.4,17700
8525981,1995-03-27,WABC,10.92,11.13,10.92,11.08,5.49,41400
8525982,1995-03-28,WABC,11.0,11.0,10.92,11.0,5.45,26400
8525983,1995-03-29,WABC,11.0,11.17,11.0,11.0,5.45,40800
8525984,1995-03-30,WABC,11.08,11.21,11.0,11.08,5.49,126600
8525985,1995-03-31,WABC,11.08,11.25,11.08,11.08,5.49,115500
8525986,1995-04-03,WABC,11.13,11.25,11.0,11.08,5.49,27300
8525987,1995-04-04,WABC,11.0,11.0,11.0,11.0,5.45,6000
8525988,1995-04-05,WABC,11.08,11.25,11.0,11.08,5.49,15900
8525989,1995-04-06,WABC,11.25,11.25,11.0,11.0,5.45,4200
8525990,1995-04-07,WABC,11.0,11.25,11.0,11.25,5.57,144000
8525991,1995-04-10,WABC,11.0,11.25,11.0,11.13,5.51,12300
8525992,1995-04-11,WABC,11.25,11.25,11.0,11.17,5.53,29100
8525993,1995-04-12,WABC,11.17,11.17,11.0,11.0,5.45,5100
8525994,1995-04-13,WABC,11.0,11.25,11.0,11.0,5.45,30000
8525995,1995-04-17,WABC,11.0,11.25,11.0,11.0,5.53,12600
8525996,1995-04-18,WABC,11.0,11.25,11.0,11.08,5.57,78900
8525997,1995-04-19,WABC,11.08,11.25,11.08,11.08,5.57,4500
8525998,1995-04-20,WABC,11.13,11.13,11.13,11.13,5.59,6900
8525999,1995-04-21,WABC,11.25,11.25,11.0,11.25,5.66,7200
8526000,1995-04-24,WABC,11.25,11.25,11.08,11.25,5.66,23700
8526001,1995-04-25,WABC,11.08,11.25,11.08,11.08,5.57,32700
8526002,1995-04-26,WABC,11.08,11.25,11.0,11.25,5.66,36900
8526003,1995-04-27,WABC,11.13,11.25,11.0,11.13,5.59,75900
8526004,1995-04-28,WABC,11.25,11.25,11.0,11.25,5.66,15600
8526005,1995-05-01,WABC,11.04,11.25,11.0,11.0,5.53,46200
8526006,1995-05-02,WABC,11.0,11.17,11.0,11.17,5.61,27000
8526007,1995-05-03,WABC,11.0,11.17,11.0,11.17,5.61,55800
8526008,1995-05-04,WABC,11.0,11.17,11.0,11.13,5.59,38400
8526009,1995-05-05,WABC,11.08,11.33,11.08,11.33,5.7,66900
8526010,1995-05-08,WABC,11.33,11.5,11.25,11.33,5.7,92100
8526011,1995-05-09,WABC,11.42,11.5,11.33,11.33,5.7,54300
8526012,1995-05-10,WABC,11.33,11.5,11.17,11.33,5.7,54000
8526013,1995-05-11,WABC,11.17,11.33,11.17,11.17,5.61,30600
8526014,1995-05-12,WABC,11.25,11.29,11.17,11.17,5.61,107400
8526015,1995-05-15,WABC,11.33,11.33,11.17,11.27,5.67,11700
8526016,1995-05-16,WABC,11.33,11.33,11.17,11.17,5.61,47100
8526017,1995-05-17,WABC,11.17,11.33,11.17,11.25,5.66,11100
8526018,1995-05-18,WABC,11.17,11.33,11.17,11.25,5.66,9300
8526019,1995-05-19,WABC,11.33,11.33,11.17,11.33,5.7,4800
8526020,1995-05-22,WABC,11.25,11.33,11.17,11.33,5.7,28200
8526021,1995-05-23,WABC,11.17,11.42,11.17,11.33,5.7,119400
8526022,1995-05-24,WABC,11.42,11.58,11.33,11.58,5.82,143100
8526023,1995-05-25,WABC,11.58,11.63,11.5,11.58,5.82,49800
8526024,1995-05-26,WABC,11.63,11.92,11.63,11.75,5.91,352500
8526025,1995-05-30,WABC,11.75,11.92,11.75,11.75,5.91,12900
8526026,1995-05-31,WABC,11.75,11.92,11.75,11.83,5.95,10200
8526027,1995-06-01,WABC,11.83,12.0,11.83,12.0,6.03,53400
8526028,1995-06-02,WABC,11.92,12.08,11.92,12.08,6.08,95400
8526029,1995-06-05,WABC,11.92,12.17,11.92,12.13,6.1,33900
8526030,1995-06-06,WABC,12.0,12.17,12.0,12.08,6.08,43200
8526031,1995-06-07,WABC,12.08,12.08,11.92,12.08,6.08,9300
8526032,1995-06-08,WABC,11.92,11.92,11.92,11.92,5.99,1500
8526033,1995-06-09,WABC,11.92,12.08,11.92,11.96,6.01,46500
8526034,1995-06-12,WABC,11.92,12.08,11.92,12.04,6.05,16200
8526035,1995-06-13,WABC,11.92,12.04,11.92,12.0,6.03,13800
8526036,1995-06-14,WABC,12.08,12.08,11.92,12.08,6.08,3300
8526037,1995-06-15,WABC,11.92,12.08,11.92,12.04,6.05,20400
8526038,1995-06-16,WABC,11.92,12.08,11.92,12.0,6.03,6300
8526039,1995-06-19,WABC,12.08,12.42,12.08,12.33,6.2,91500
8526040,1995-06-20,WABC,12.42,12.5,12.33,12.42,6.24,45600
8526041,1995-06-21,WABC,12.33,12.5,12.33,12.33,6.2,27900
8526042,1995-06-22,WABC,12.42,12.5,12.33,12.33,6.2,184500
8526043,1995-06-23,WABC,12.33,12.58,12.33,12.42,6.24,59100
8526044,1995-06-26,WABC,12.33,12.54,12.33,12.33,6.2,107400
8526045,1995-06-27,WABC,12.38,12.5,12.33,12.5,6.28,3900
8526046,1995-06-28,WABC,12.5,12.58,12.33,12.46,6.26,115800
8526047,1995-06-29,WABC,12.42,12.5,12.33,12.33,6.2,39600
8526048,1995-06-30,WABC,12.33,12.5,12.33,12.33,6.2,65700
8526049,1995-07-03,WABC,12.38,12.38,12.33,12.33,6.2,2700
8526050,1995-07-05,WABC,12.33,12.5,12.33,12.42,6.24,71700
8526051,1995-07-06,WABC,12.33,12.5,12.33,12.33,6.2,48900
8526052,1995-07-07,WABC,12.5,12.5,12.33,12.46,6.26,54300
8526053,1995-07-10,WABC,12.5,12.5,12.5,12.5,6.28,1800
8526054,1995-07-11,WABC,12.33,12.33,12.33,12.33,6.2,24300
8526055,1995-07-12,WABC,12.42,12.42,12.25,12.25,6.16,15600
8526056,1995-07-13,WABC,12.29,12.38,12.17,12.38,6.22,42300
8526057,1995-07-14,WABC,12.42,12.42,12.33,12.33,6.2,1800
8526058,1995-07-17,WABC,12.42,12.42,12.25,12.25,6.16,7200
8526059,1995-07-18,WABC,12.42,12.42,12.25,12.42,6.24,13800
8526060,1995-07-19,WABC,12.25,12.42,12.25,12.33,6.3,22200
8526061,1995-07-20,WABC,12.25,12.42,12.25,12.42,6.35,22500
8526062,1995-07-21,WABC,12.42,12.42,12.25,12.33,6.3,22500
8526063,1995-07-24,WABC,12.33,12.42,12.17,12.25,6.26,12600
8526064,1995-07-25,WABC,12.17,12.42,12.17,12.42,6.35,15600
8526065,1995-07-26,WABC,12.42,12.42,12.17,12.17,6.22,2100
8526066,1995-07-27,WABC,12.17,12.42,12.17,12.25,6.26,21000
8526067,1995-07-28,WABC,12.25,12.42,12.25,12.25,6.26,32100
8526068,1995-07-31,WABC,12.25,12.42,12.25,12.33,6.3,10800
8526069,1995-08-01,WABC,12.17,12.25,12.17,12.25,6.26,55800
8526070,1995-08-02,WABC,12.33,12.38,12.17,12.38,6.32,27600
8526071,1995-08-03,WABC,12.25,12.42,12.25,12.42,6.35,164400
8526072,1995-08-04,WABC,12.25,12.42,12.25,12.42,6.35,14100
8526073,1995-08-07,WABC,12.25,12.42,12.25,12.42,6.35,26700
8526074,1995-08-08,WABC,12.25,12.33,12.25,12.25,6.26,37500
8526075,1995-08-09,WABC,12.25,12.25,12.25,12.25,6.26,2100
8526076,1995-08-10,WABC,12.42,12.42,12.25,12.25,6.26,6300
8526077,1995-08-11,WABC,12.29,12.29,12.25,12.25,6.26,2400
8526078,1995-08-14,WABC,12.25,12.42,12.25,12.25,6.26,29400
8526079,1995-08-15,WABC,12.25,12.42,12.25,12.29,6.28,5400
8526080,1995-08-16,WABC,12.33,12.38,12.25,12.25,6.26,135900
8526081,1995-08-17,WABC,12.25,12.33,12.25,12.25,6.26,4800
8526082,1995-08-18,WABC,12.25,12.42,12.25,12.38,6.32,52500
8526083,1995-08-21,WABC,12.33,12.5,12.33,12.5,6.39,154800
8526084,1995-08-22,WABC,12.33,12.5,12.33,12.35,6.31,54900
8526085,1995-08-23,WABC,12.33,12.5,12.33,12.33,6.3,20700
8526086,1995-08-24,WABC,12.33,12.42,12.33,12.33,6.3,28200
8526087,1995-08-25,WABC,12.42,12.5,12.33,12.42,6.35,38700
8526088,1995-08-28,WABC,12.5,12.5,12.33,12.33,6.3,27300
8526089,1995-08-29,WABC,12.33,12.5,12.33,12.33,6.3,108900
8526090,1995-08-30,WABC,12.5,12.5,12.25,12.5,6.39,11400
8526091,1995-08-31,WABC,12.33,12.42,12.33,12.42,6.35,15900
8526092,1995-09-01,WABC,12.5,12.5,12.25,12.38,6.32,60000
8526093,1995-09-05,WABC,12.5,12.5,12.33,12.33,6.3,15900
8526094,1995-09-06,WABC,12.5,12.5,12.33,12.5,6.39,123300
8526095,1995-09-07,WABC,12.5,12.5,12.33,12.5,6.39,15300
8526096,1995-09-08,WABC,12.5,12.5,12.33,12.5,6.39,21000
8526097,1995-09-11,WABC,12.5,12.71,12.33,12.67,6.47,287700
8526098,1995-09-12,WABC,12.58,12.71,12.58,12.67,6.47,42300
8526099,1995-09-13,WABC,12.71,12.71,12.67,12.67,6.47,26100
8526100,1995-09-14,WABC,12.63,12.71,12.58,12.71,6.49,19500
8526101,1995-09-15,WABC,12.58,12.71,12.58,12.71,6.49,25200
8526102,1995-09-18,WABC,12.58,12.71,12.54,12.54,6.41,4200
8526103,1995-09-19,WABC,12.58,12.75,12.58,12.75,6.52,2700
8526104,1995-09-20,WABC,12.71,12.71,12.58,12.58,6.43,18000
8526105,1995-09-21,WABC,12.58,12.75,12.58,12.75,6.52,5700
8526106,1995-09-22,WABC,12.54,12.67,12.5,12.58,6.43,75900
8526107,1995-09-25,WABC,12.54,12.67,12.54,12.63,6.45,12000
8526108,1995-09-26,WABC,12.54,12.67,12.54,12.67,6.47,14700
8526109,1995-09-27,WABC,12.54,12.67,12.5,12.67,6.47,12300
8526110,1995-09-28,WABC,12.67,12.67,12.63,12.63,6.45,3600
8526111,1995-09-29,WABC,12.5,12.83,12.5,12.83,6.56,34800
8526112,1995-10-02,WABC,12.83,12.83,12.67,12.83,6.56,101700
8526113,1995-10-03,WABC,12.75,12.88,12.75,12.83,6.56,22800
8526114,1995-10-04,WABC,12.75,12.92,12.75,12.92,6.6,20700
8526115,1995-10-05,WABC,12.83,13.0,12.75,12.88,6.58,115500
8526116,1995-10-06,WABC,13.0,13.13,13.0,13.08,6.69,10200
8526117,1995-10-09,WABC,13.0,13.13,12.92,12.92,6.6,15000
8526118,1995-10-10,WABC,12.88,13.08,12.88,13.0,6.64,32400
8526119,1995-10-11,WABC,13.08,13.08,12.88,12.88,6.58,21000
8526120,1995-10-12,WABC,13.08,13.5,13.08,13.46,6.88,82500
8526121,1995-10-13,WABC,13.25,13.5,13.25,13.25,6.77,18300
8526122,1995-10-16,WABC,13.25,13.42,13.25,13.42,6.86,18900
8526123,1995-10-17,WABC,13.25,13.42,13.25,13.33,6.81,21000
8526124,1995-10-18,WABC,13.42,13.42,13.25,13.42,6.96,7800
8526125,1995-10-19,WABC,13.25,13.5,13.25,13.25,6.87,16800
8526126,1995-10-20,WABC,13.5,13.58,13.42,13.54,7.03,59100
8526127,1995-10-23,WABC,13.5,13.58,13.42,13.42,6.96,17100
8526128,1995-10-24,WABC,13.42,13.58,13.42,13.42,6.96,12000
8526129,1995-10-25,WABC,13.42,13.58,13.33,13.33,6.92,169500
8526130,1995-10-26,WABC,13.38,13.46,13.25,13.42,6.96,71400
8526131,1995-10-27,WABC,13.42,13.42,13.17,13.25,6.87,25800
8526132,1995-10-30,WABC,13.42,13.42,13.17,13.42,6.96,97200
8526133,1995-10-31,WABC,13.25,13.33,13.17,13.33,6.92,8700
8526134,1995-11-01,WABC,13.17,13.33,13.17,13.33,6.92,35100
8526135,1995-11-02,WABC,13.33,13.33,13.17,13.25,6.87,11400
8526136,1995-11-03,WABC,13.17,13.33,13.17,13.25,6.87,8700
8526137,1995-11-06,WABC,13.33,13.38,13.25,13.33,6.92,48900
8526138,1995-11-07,WABC,13.33,13.33,13.25,13.25,6.87,2400
8526139,1995-11-08,WABC,13.42,13.42,13.25,13.42,6.96,15900
8526140,1995-11-09,WABC,13.42,13.58,13.25,13.58,7.05,122400
8526141,1995-11-10,WABC,13.42,13.58,13.33,13.33,6.92,10200
8526142,1995-11-13,WABC,13.46,13.5,13.33,13.33,6.92,22200
8526143,1995-11-14,WABC,13.42,13.44,13.42,13.44,6.97,6600
8526144,1995-11-15,WABC,13.33,13.42,13.33,13.42,6.96,38100
8526145,1995-11-16,WABC,13.42,13.67,13.33,13.67,7.09,82800
8526146,1995-11-17,WABC,13.75,13.75,13.5,13.5,7.0,29400
8526147,1995-11-20,WABC,13.5,13.75,13.5,13.67,7.09,48000
8526148,1995-11-21,WABC,13.75,13.75,13.5,13.5,7.0,24600
8526149,1995-11-22,WABC,13.75,13.75,13.5,13.75,7.13,20100
8526150,1995-11-24,WABC,13.67,13.71,13.67,13.71,7.11,9900
8526151,1995-11-27,WABC,13.63,13.75,13.5,13.67,7.09,13800
8526152,1995-11-28,WABC,13.63,13.75,13.5,13.75,7.13,1800
8526153,1995-11-29,WABC,13.5,13.58,13.5,13.5,7.0,6000
8526154,1995-11-30,WABC,13.63,13.75,13.63,13.75,7.13,900
8526155,1995-12-01,WABC,13.5,13.75,13.5,13.75,7.13,18000
8526156,1995-12-04,WABC,13.75,13.75,13.5,13.5,7.0,14100
8526157,1995-12-05,WABC,13.5,13.75,13.5,13.67,7.09,21900
8526158,1995-12-06,WABC,13.63,13.63,13.5,13.63,7.07,16200
8526159,1995-12-07,WABC,13.75,13.75,13.5,13.58,7.05,11400
8526160,1995-12-08,WABC,13.75,13.75,13.5,13.67,7.09,12300
8526161,1995-12-11,WABC,13.75,13.92,13.67,13.69,7.1,76800
8526162,1995-12-12,WABC,13.67,13.92,13.67,13.92,7.22,13500
8526163,1995-12-13,WABC,13.92,13.92,13.67,13.67,7.09,15300
8526164,1995-12-14,WABC,13.67,13.92,13.67,13.88,7.2,46800
8526165,1995-12-15,WABC,13.92,13.92,13.67,13.83,7.18,17100
8526166,1995-12-18,WABC,13.67,13.92,13.67,13.67,7.09,259500
8526167,1995-12-19,WABC,13.83,13.88,13.67,13.67,7.09,51000
8526168,1995-12-20,WABC,13.67,13.92,13.67,13.92,7.22,14700
8526169,1995-12-21,WABC,13.92,14.17,13.92,14.0,7.26,201900
8526170,1995-12-22,WABC,13.92,14.08,13.92,13.92,7.22,42300
8526171,1995-12-26,WABC,14.0,14.25,13.92,14.17,7.35,110700
8526172,1995-12-27,WABC,14.0,14.25,14.0,14.0,7.26,17400
8526173,1995-12-28,WABC,14.25,14.25,14.0,14.17,7.35,80400
8526174,1995-12-29,WABC,14.25,14.42,14.08,14.42,7.48,328200
8526175,1996-01-02,WABC,14.42,14.5,14.17,14.46,7.5,196800
8526176,1996-01-03,WABC,14.5,14.71,14.5,14.63,7.59,204000
8526177,1996-01-04,WABC,14.63,14.63,14.42,14.42,7.48,207600
8526178,1996-01-05,WABC,14.42,14.67,14.42,14.67,7.61,233700
8526179,1996-01-08,WABC,14.5,14.63,14.5,14.5,7.52,95100
8526180,1996-01-09,WABC,14.5,14.75,14.46,14.58,7.57,118800
8526181,1996-01-10,WABC,14.5,14.96,14.5,14.83,7.7,427500
8526182,1996-01-11,WABC,14.67,14.92,14.67,14.92,7.74,78000
8526183,1996-01-12,WABC,14.67,14.92,14.67,14.67,7.61,49800
8526184,1996-01-15,WABC,14.92,14.92,14.67,14.67,7.61,10800
8526185,1996-01-16,WABC,14.67,15.0,14.67,14.88,7.72,305400
8526186,1996-01-17,WABC,14.92,15.08,14.75,15.0,7.89,342000
8526187,1996-01-18,WABC,15.0,15.17,14.83,14.92,7.84,226800
8526188,1996-01-19,WABC,15.0,15.08,14.83,14.96,7.87,178200
8526189,1996-01-22,WABC,14.83,15.5,14.83,15.5,8.15,386400
8526190,1996-01-23,WABC,15.5,15.67,15.25,15.58,8.2,107400
8526191,1996-01-24,WABC,15.58,15.67,15.42,15.5,8.15,27000
8526192,1996-01-25,WABC,15.67,15.67,15.08,15.17,7.98,168600
8526193,1996-01-26,WABC,15.08,15.17,14.92,15.04,7.91,94800
8526194,1996-01-29,WABC,14.92,15.0,14.75,14.75,7.76,134700
8526195,1996-01-30,WABC,14.75,15.0,14.58,14.83,7.8,248400
8526196,1996-01-31,WABC,14.58,14.83,14.58,14.83,7.8,84900
8526197,1996-02-01,WABC,14.67,14.79,14.58,14.58,7.67,37200
8526198,1996-02-02,WABC,14.58,14.75,14.58,14.71,7.74,82800
8526199,1996-02-05,WABC,14.58,14.92,14.58,14.75,7.76,117000
8526200,1996-02-06,WABC,14.75,14.92,14.75,14.92,7.84,158100
8526201,1996-02-07,WABC,14.83,14.88,14.75,14.75,7.76,64800
8526202,1996-02-08,WABC,14.75,14.92,14.75,14.75,7.76,40500
8526203,1996-02-09,WABC,14.75,14.92,14.75,14.75,7.76,18600
8526204,1996-02-12,WABC,14.88,15.08,14.75,14.92,7.84,191400
8526205,1996-02-13,WABC,14.92,15.08,14.92,14.92,7.84,35400
8526206,1996-02-14,WABC,14.92,15.17,14.92,14.92,7.84,27900
8526207,1996-02-15,WABC,15.17,15.17,14.92,14.92,7.84,20100
8526208,1996-02-16,WABC,14.92,15.17,14.92,15.13,7.95,73800
8526209,1996-02-20,WABC,15.0,15.17,14.83,15.0,7.89,166200
8526210,1996-02-21,WABC,15.08,15.42,14.92,15.29,8.04,187500
8526211,1996-02-22,WABC,15.17,15.58,15.17,15.33,8.06,165300
8526212,1996-02-23,WABC,15.33,15.33,15.17,15.33,8.06,83700
8526213,1996-02-26,WABC,15.17,15.33,15.17,15.33,8.06,84600
8526214,1996-02-27,WABC,15.33,15.33,15.17,15.33,8.06,33900
8526215,1996-02-28,WABC,15.17,15.33,15.17,15.33,8.06,23700
8526216,1996-02-29,WABC,15.17,15.25,15.08,15.08,7.93,69000
8526217,1996-03-01,WABC,15.08,15.25,15.08,15.25,8.02,38400
8526218,1996-03-04,WABC,15.08,15.25,15.08,15.25,8.02,5100
8526219,1996-03-05,WABC,15.08,15.25,15.08,15.25,8.02,6300
8526220,1996-03-06,WABC,15.08,15.25,15.08,15.25,8.02,54600
8526221,1996-03-07,WABC,15.33,15.33,15.17,15.17,7.98,18300
8526222,1996-03-08,WABC,15.17,15.25,15.0,15.0,7.89,24000
8526223,1996-03-11,WABC,15.0,15.17,15.0,15.04,7.91,64500
8526224,1996-03-12,WABC,15.17,15.17,14.83,14.83,7.8,40500
8526225,1996-03-13,WABC,14.83,15.08,14.83,15.04,7.91,60900
8526226,1996-03-14,WABC,14.92,15.08,14.92,15.08,7.93,9000
8526227,1996-03-15,WABC,14.83,15.08,14.83,14.88,7.82,155400
8526228,1996-03-18,WABC,14.83,15.08,14.83,15.08,7.93,40800
8526229,1996-03-19,WABC,14.83,15.08,14.83,15.08,7.93,9900
8526230,1996-03-20,WABC,14.83,15.08,14.83,15.08,7.93,13200
8526231,1996-03-21,WABC,14.92,15.25,14.83,15.17,7.98,90300
8526232,1996-03-22,WABC,15.17,15.25,15.0,15.17,7.98,43200
8526233,1996-03-25,WABC,15.0,15.25,15.0,15.17,7.98,85200
8526234,1996-03-26,WABC,15.0,15.17,15.0,15.17,7.98,11100
8526235,1996-03-27,WABC,15.0,15.33,15.0,15.25,8.02,95100
8526236,1996-03-28,WABC,15.25,15.5,15.17,15.33,8.06,224100
8526237,1996-03-29,WABC,15.42,15.83,15.42,15.75,8.28,141900
8526238,1996-04-01,WABC,15.58,15.75,15.58,15.75,8.28,105000
8526239,1996-04-02,WABC,15.58,15.92,15.58,15.79,8.3,194400
8526240,1996-04-03,WABC,15.75,15.75,15.58,15.75,8.28,84000
8526241,1996-04-04,WABC,15.58,15.71,15.54,15.67,8.24,140100
8526242,1996-04-08,WABC,15.5,15.5,15.33,15.33,8.06,53100
8526243,1996-04-09,WABC,15.38,15.58,15.33,15.46,8.13,177600
8526244,1996-04-10,WABC,15.42,15.5,15.42,15.42,8.11,398700
8526245,1996-04-11,WABC,15.42,15.5,15.42,15.46,8.13,91200
8526246,1996-04-12,WABC,15.42,15.46,15.42,15.42,8.11,51300
8526247,1996-04-15,WABC,15.5,15.67,15.33,15.54,8.17,161700
8526248,1996-04-16,WABC,15.42,15.58,15.42,15.58,8.2,4200
8526249,1996-04-17,WABC,15.5,15.58,15.33,15.33,8.18,4500
8526250,1996-04-18,WABC,15.33,15.58,15.33,15.33,8.18,167400
8526251,1996-04-19,WABC,15.58,15.58,15.33,15.33,8.18,49200
8526252,1996-04-22,WABC,15.5,15.67,15.42,15.58,8.32,210600
8526253,1996-04-23,WABC,15.5,15.67,15.5,15.56,8.31,57300
8526254,1996-04-24,WABC,15.67,15.67,15.5,15.63,8.34,21300
8526255,1996-04-25,WABC,15.5,15.67,15.5,15.54,8.3,40800
8526256,1996-04-26,WABC,15.67,15.75,15.5,15.67,8.36,51300
8526257,1996-04-29,WABC,15.5,15.92,15.5,15.75,8.41,147000
8526258,1996-04-30,WABC,15.67,15.83,15.67,15.83,8.45,24600
8526259,1996-05-01,WABC,15.67,15.96,15.67,15.75,8.41,42900
8526260,1996-05-02,WABC,15.83,15.92,15.42,15.46,8.25,376800
8526261,1996-05-03,WABC,15.5,15.58,15.42,15.46,8.25,189600
8526262,1996-05-06,WABC,15.58,15.75,15.42,15.71,8.38,204900
8526263,1996-05-07,WABC,15.58,15.83,15.58,15.75,8.41,120900
8526264,1996-05-08,WABC,15.75,15.75,15.5,15.67,8.36,92400
8526265,1996-05-09,WABC,15.67,15.67,15.5,15.5,8.27,16500
8526266,1996-05-10,WABC,15.75,15.83,15.67,15.75,8.41,78900
8526267,1996-05-13,WABC,15.67,15.83,15.58,15.67,8.36,156900
8526268,1996-05-14,WABC,15.71,15.83,15.58,15.75,8.41,97800
8526269,1996-05-15,WABC,15.71,15.83,15.63,15.67,8.36,33300
8526270,1996-05-16,WABC,15.83,15.92,15.67,15.92,8.5,33600
8526271,1996-05-17,WABC,15.92,16.0,15.83,16.0,8.54,63600
8526272,1996-05-20,WABC,15.83,16.0,15.83,15.92,8.5,11100
8526273,1996-05-21,WABC,16.0,16.0,15.83,15.92,8.5,56400
8526274,1996-05-22,WABC,15.83,16.0,15.83,16.0,8.54,53700
8526275,1996-05-23,WABC,15.92,16.08,15.92,15.92,8.5,23100
8526276,1996-05-24,WABC,15.92,16.08,15.92,16.0,8.54,5400
8526277,1996-05-28,WABC,15.92,16.08,15.92,15.92,8.5,3600
8526278,1996-05-29,WABC,16.08,16.08,15.92,16.0,8.54,36600
8526279,1996-05-30,WABC,15.92,16.08,15.92,16.0,8.54,29700
8526280,1996-05-31,WABC,15.92,16.33,15.92,16.08,8.58,93900
8526281,1996-06-03,WABC,16.08,16.33,16.08,16.08,8.58,29400
8526282,1996-06-04,WABC,16.08,16.33,16.08,16.21,8.65,12900
8526283,1996-06-05,WABC,16.08,16.08,16.08,16.08,8.58,900
8526284,1996-06-06,WABC,16.08,16.33,16.08,16.08,8.58,4800
8526285,1996-06-07,WABC,16.0,16.33,16.0,16.25,8.67,156600
8526286,1996-06-10,WABC,16.17,16.21,16.17,16.17,8.63,1800
8526287,1996-06-11,WABC,16.17,16.38,16.17,16.17,8.63,17700
8526288,1996-06-12,WABC,16.17,16.5,16.17,16.5,8.81,38400
8526289,1996-06-13,WABC,16.5,16.5,16.25,16.42,8.76,24300
8526290,1996-06-14,WABC,16.25,16.33,16.25,16.33,8.72,20100
8526291,1996-06-17,WABC,16.42,16.63,16.29,16.63,8.87,122700
8526292,1996-06-18,WABC,16.58,16.67,16.5,16.67,8.9,24300
8526293,1996-06-19,WABC,16.63,16.67,16.5,16.67,8.9,53700
8526294,1996-06-20,WABC,16.58,16.67,16.5,16.67,8.9,22500
8526295,1996-06-21,WABC,16.67,16.67,16.5,16.5,8.81,18000
8526296,1996-06-24,WABC,16.58,16.75,16.5,16.58,8.85,52500
8526297,1996-06-25,WABC,16.83,16.83,16.58,16.71,8.92,41400
8526298,1996-06-26,WABC,16.75,16.83,16.58,16.58,8.85,6000
8526299,1996-06-27,WABC,16.58,16.71,16.58,16.63,8.87,69600
8526300,1996-06-28,WABC,16.83,17.0,16.58,16.75,8.94,252300
8526301,1996-07-01,WABC,16.88,17.08,16.75,17.0,9.07,135600
8526302,1996-07-02,WABC,17.08,17.08,16.92,16.92,9.03,66600
8526303,1996-07-03,WABC,17.04,17.17,16.92,16.92,9.03,15000
8526304,1996-07-05,WABC,17.17,17.17,16.92,16.92,9.03,10200
8526305,1996-07-08,WABC,16.83,16.83,16.58,16.58,8.85,450900
8526306,1996-07-09,WABC,16.58,16.67,16.42,16.42,8.76,90000
8526307,1996-07-10,WABC,16.42,16.58,16.42,16.5,8.81,101100
8526308,1996-07-11,WABC,16.33,16.35,16.25,16.25,8.67,120600
8526309,1996-07-12,WABC,16.33,16.42,16.25,16.25,8.67,31500
8526310,1996-07-15,WABC,16.25,16.42,16.25,16.25,8.67,4500
8526311,1996-07-16,WABC,16.25,16.33,16.08,16.33,8.72,99300
8526312,1996-07-17,WABC,16.33,16.42,16.25,16.25,8.8,6600
8526313,1996-07-18,WABC,16.25,16.42,16.25,16.33,8.84,57600
8526314,1996-07-19,WABC,16.42,16.42,16.25,16.38,8.87,86400
8526315,1996-07-22,WABC,16.33,16.42,16.25,16.25,8.8,31800
8526316,1996-07-23,WABC,16.33,16.42,16.25,16.33,8.84,664500
8526317,1996-07-24,WABC,16.42,16.58,16.33,16.33,8.84,40200
8526318,1996-07-25,WABC,16.38,16.83,16.33,16.58,8.98,106200
8526319,1996-07-26,WABC,16.58,17.0,16.58,16.75,9.07,145200
8526320,1996-07-29,WABC,16.63,16.67,16.33,16.33,8.84,64200
8526321,1996-07-30,WABC,16.42,16.42,16.33,16.42,8.89,38700
8526322,1996-07-31,WABC,16.33,16.58,16.33,16.58,8.98,11700
8526323,1996-08-01,WABC,16.58,16.58,16.33,16.33,8.84,10200
8526324,1996-08-02,WABC,16.58,16.58,16.33,16.33,8.84,292800
8526325,1996-08-05,WABC,16.38,16.67,16.33,16.54,8.96,307500
8526326,1996-08-06,WABC,16.5,16.58,16.42,16.42,8.89,17700
8526327,1996-08-07,WABC,16.58,16.58,16.33,16.46,8.91,64800
8526328,1996-08-08,WABC,16.58,16.58,16.33,16.5,8.93,35700
8526329,1996-08-09,WABC,16.33,16.42,16.17,16.17,8.75,115800
8526330,1996-08-12,WABC,16.17,16.29,16.17,16.29,8.82,60600
8526331,1996-08-13,WABC,16.17,16.42,16.17,16.42,8.89,3300
8526332,1996-08-14,WABC,16.08,16.25,16.08,16.17,8.75,109800
8526333,1996-08-15,WABC,16.33,16.33,16.17,16.33,8.84,28500
8526334,1996-08-16,WABC,16.08,16.33,16.08,16.25,8.8,45900
8526335,1996-08-19,WABC,16.21,16.33,16.17,16.17,8.75,19200
8526336,1996-08-20,WABC,16.17,16.21,16.08,16.21,8.78,3600
8526337,1996-08-21,WABC,16.17,16.21,16.08,16.08,8.71,6600
8526338,1996-08-22,WABC,16.08,16.17,16.08,16.08,8.71,1500
8526339,1996-08-23,WABC,16.17,16.17,16.17,16.17,8.75,2100
8526340,1996-08-26,WABC,16.25,16.42,16.08,16.42,8.89,112200
8526341,1996-08-27,WABC,16.29,16.42,16.25,16.42,8.89,66600
8526342,1996-08-28,WABC,16.33,16.42,16.25,16.25,8.8,26700
8526343,1996-08-29,WABC,16.25,16.42,16.25,16.25,8.8,6600
8526344,1996-08-30,WABC,16.25,16.42,16.25,16.25,8.8,65700
8526345,1996-09-03,WABC,16.17,16.33,16.17,16.17,8.75,41700
8526346,1996-09-04,WABC,16.08,16.25,15.83,15.83,8.57,65100
8526347,1996-09-05,WABC,15.67,15.79,15.5,15.5,8.39,45300
8526348,1996-09-06,WABC,15.58,15.75,15.58,15.75,8.53,33000
8526349,1996-09-09,WABC,15.5,15.58,15.42,15.54,8.41,32400
8526350,1996-09-10,WABC,15.67,15.75,15.58,15.67,8.48,63300
8526351,1996-09-11,WABC,15.75,15.75,15.58,15.75,8.53,8400
8526352,1996-09-12,WABC,15.67,15.75,15.58,15.58,8.44,16500
8526353,1996-09-13,WABC,15.75,16.0,15.75,15.96,8.64,34200
8526354,1996-09-16,WABC,16.0,16.17,16.0,16.17,8.75,27300
8526355,1996-09-17,WABC,16.0,16.0,16.0,16.0,8.66,2700
8526356,1996-09-18,WABC,16.17,16.17,16.0,16.17,8.75,47100
8526357,1996-09-19,WABC,16.25,16.25,16.0,16.17,8.75,118500
8526358,1996-09-20,WABC,16.0,16.25,16.0,16.25,8.8,17700
8526359,1996-09-23,WABC,16.0,16.17,16.0,16.0,8.66,19500
8526360,1996-09-24,WABC,16.25,16.25,16.0,16.17,8.75,63600
8526361,1996-09-25,WABC,16.25,16.58,16.25,16.58,8.98,131700
8526362,1996-09-26,WABC,16.5,16.75,16.5,16.58,8.98,99600
8526363,1996-09-27,WABC,16.67,16.67,16.5,16.67,9.02,143100
8526364,1996-09-30,WABC,16.42,16.83,16.42,16.83,9.11,58500
8526365,1996-10-01,WABC,16.67,16.67,16.67,16.67,9.02,5400
8526366,1996-10-02,WABC,16.67,16.92,16.67,16.92,9.16,23700
8526367,1996-10-03,WABC,16.67,16.83,16.67,16.67,9.02,45000
8526368,1996-10-04,WABC,16.83,16.83,16.67,16.83,9.11,24600
8526369,1996-10-07,WABC,16.83,16.83,16.58,16.75,9.07,79500
8526370,1996-10-08,WABC,16.75,16.75,16.58,16.58,8.98,88200
8526371,1996-10-09,WABC,16.65,16.75,16.58,16.71,9.05,63900
8526372,1996-10-10,WABC,16.5,16.67,16.5,16.58,8.98,21600
8526373,1996-10-11,WABC,16.5,16.5,16.5,16.5,8.93,300
8526374,1996-10-14,WABC,16.67,16.67,16.5,16.5,8.93,3000
8526375,1996-10-15,WABC,16.75,16.83,16.58,16.75,9.07,50400
8526376,1996-10-16,WABC,16.67,16.75,16.58,16.58,9.1,7500
8526377,1996-10-17,WABC,16.5,16.67,16.5,16.63,9.13,23100
8526378,1996-10-18,WABC,16.75,16.75,16.6,16.6,9.11,4800
8526379,1996-10-21,WABC,16.67,16.67,16.5,16.5,9.06,1500
8526380,1996-10-22,WABC,16.75,16.75,16.67,16.75,9.19,17400
8526381,1996-10-23,WABC,16.75,16.75,16.5,16.63,9.13,31500
8526382,1996-10-24,WABC,16.5,16.88,16.5,16.75,9.19,222300
8526383,1996-10-25,WABC,16.92,16.92,16.67,16.67,9.15,900
8526384,1996-10-28,WABC,16.92,16.92,16.67,16.83,9.24,19200
8526385,1996-10-29,WABC,16.83,17.08,16.83,16.92,9.29,19200
8526386,1996-10-30,WABC,16.83,16.96,16.83,16.83,9.24,7500
8526387,1996-10-31,WABC,16.83,17.08,16.83,16.92,9.29,12000
8526388,1996-11-01,WABC,16.83,17.08,16.83,17.08,9.38,7500
8526389,1996-11-04,WABC,16.83,17.08,16.83,17.08,9.38,6900
8526390,1996-11-05,WABC,16.83,17.33,16.83,17.08,9.38,90900
8526391,1996-11-06,WABC,17.25,17.25,17.08,17.08,9.38,9600
8526392,1996-11-07,WABC,17.13,17.21,17.08,17.21,9.45,4200
8526393,1996-11-08,WABC,17.08,17.42,17.08,17.33,9.52,41100
8526394,1996-11-11,WABC,17.42,17.5,17.33,17.42,9.56,34500
8526395,1996-11-12,WABC,17.17,17.42,16.94,17.33,9.52,380400
8526396,1996-11-13,WABC,17.33,17.58,17.29,17.42,9.56,195300
8526397,1996-11-14,WABC,17.33,17.67,17.33,17.58,9.65,255000
8526398,1996-11-15,WABC,17.67,17.67,17.5,17.58,9.65,164700
8526399,1996-11-18,WABC,17.67,17.83,17.5,17.71,9.72,36300
8526400,1996-11-19,WABC,17.75,17.92,17.58,17.92,9.84,72600
8526401,1996-11-20,WABC,17.92,17.92,17.75,17.88,9.81,32700
8526402,1996-11-21,WABC,17.92,18.17,17.75,18.13,9.95,74700
8526403,1996-11-22,WABC,18.17,18.75,18.0,18.5,10.16,231900
8526404,1996-11-25,WABC,18.5,18.75,18.5,18.67,10.25,16500
8526405,1996-11-26,WABC,18.67,19.0,18.63,18.96,10.41,217800
8526406,1996-11-27,WABC,19.0,19.33,18.83,19.25,10.57,138000
8526407,1996-11-29,WABC,19.33,19.33,19.33,19.33,10.61,24600
8526408,1996-12-02,WABC,19.08,19.42,19.08,19.17,10.52,150000
8526409,1996-12-03,WABC,19.42,19.75,19.42,19.58,10.75,229200
8526410,1996-12-04,WABC,19.42,19.75,19.42,19.5,10.7,68400
8526411,1996-12-05,WABC,19.75,19.75,19.25,19.33,10.61,423600
8526412,1996-12-06,WABC,19.08,19.25,19.0,19.0,10.43,80100
8526413,1996-12-09,WABC,18.92,19.17,18.92,19.0,10.43,119100
8526414,1996-12-10,WABC,19.25,19.5,19.17,19.42,10.66,137100
8526415,1996-12-11,WABC,19.08,19.42,19.08,19.33,10.61,149100
8526416,1996-12-12,WABC,19.5,19.5,19.25,19.5,10.7,45600
8526417,1996-12-13,WABC,19.42,19.67,19.42,19.58,10.75,47700
8526418,1996-12-16,WABC,19.58,19.75,19.5,19.5,10.7,57600
8526419,1996-12-17,WABC,19.42,19.58,19.33,19.58,10.75,45000
8526420,1996-12-18,WABC,19.5,19.67,19.42,19.5,10.7,90600
8526421,1996-12-19,WABC,19.58,19.58,19.42,19.58,10.75,12900
8526422,1996-12-20,WABC,19.58,19.67,19.42,19.46,10.68,65100
8526423,1996-12-23,WABC,19.42,19.5,19.42,19.46,10.68,7200
8526424,1996-12-24,WABC,19.42,19.42,19.25,19.42,10.66,33600
8526425,1996-12-26,WABC,19.42,19.58,19.33,19.46,10.68,64800
8526426,1996-12-27,WABC,19.42,19.46,19.33,19.33,10.61,16200
8526427,1996-12-30,WABC,19.38,19.38,19.25,19.25,10.57,18000
8526428,1996-12-31,WABC,19.38,19.5,19.25,19.25,10.57,14700
8526429,1997-01-02,WABC,19.5,19.5,19.25,19.25,10.57,4500
8526430,1997-01-03,WABC,19.25,19.5,19.25,19.29,10.59,91200
8526431,1997-01-06,WABC,19.25,19.42,19.25,19.25,10.57,8700
8526432,1997-01-07,WABC,19.25,19.42,19.25,19.33,10.61,52200
8526433,1997-01-08,WABC,19.25,19.42,19.25,19.29,10.59,22800
8526434,1997-01-09,WABC,19.25,19.42,19.25,19.25,10.57,24000
8526435,1997-01-10,WABC,19.25,19.25,19.0,19.17,10.52,32100
8526436,1997-01-13,WABC,19.25,19.25,19.0,19.0,10.43,10800
8526437,1997-01-14,WABC,19.0,19.17,18.96,18.96,10.41,61200
8526438,1997-01-15,WABC,18.83,19.08,18.83,19.04,10.6,93600
8526439,1997-01-16,WABC,19.08,19.42,19.0,19.25,10.71,152100
8526440,1997-01-17,WABC,19.25,19.42,19.17,19.17,10.67,65100
8526441,1997-01-20,WABC,19.25,19.33,19.17,19.33,10.76,21600
8526442,1997-01-21,WABC,19.17,19.33,19.17,19.25,10.71,26400
8526443,1997-01-22,WABC,19.33,19.63,19.25,19.63,10.92,208500
8526444,1997-01-23,WABC,19.67,20.25,19.58,20.0,11.13,150900
8526445,1997-01-24,WABC,20.25,20.33,20.08,20.13,11.2,177300
8526446,1997-01-27,WABC,20.0,20.33,20.0,20.17,11.22,136500
8526447,1997-01-28,WABC,20.0,20.33,20.0,20.17,11.22,200400
8526448,1997-01-29,WABC,20.08,20.33,20.08,20.17,11.22,10500
8526449,1997-01-30,WABC,20.13,20.17,20.08,20.13,11.2,70800
8526450,1997-01-31,WABC,20.17,20.25,20.08,20.25,11.27,86400
8526451,1997-02-03,WABC,20.02,20.17,19.92,20.0,11.13,44700
8526452,1997-02-04,WABC,20.0,20.17,19.67,19.79,11.02,74700
8526453,1997-02-05,WABC,19.92,20.0,19.67,19.83,11.04,100200
8526454,1997-02-06,WABC,19.83,20.08,19.83,20.0,11.13,108900
8526455,1997-02-07,WABC,20.08,20.17,20.0,20.17,11.22,4200
8526456,1997-02-10,WABC,20.17,20.17,19.83,19.83,11.04,114000
8526457,1997-02-11,WABC,19.92,19.96,19.75,19.88,11.06,38700
8526458,1997-02-12,WABC,19.67,20.0,19.67,19.79,11.02,85800
8526459,1997-02-13,WABC,20.0,20.08,19.75,20.0,11.13,57900
8526460,1997-02-14,WABC,20.0,20.0,19.75,19.96,11.11,41100
8526461,1997-02-18,WABC,20.33,20.5,20.0,20.5,11.41,168300
8526462,1997-02-19,WABC,20.58,22.83,20.33,22.75,12.66,608400
8526463,1997-02-20,WABC,22.17,22.67,21.5,22.0,12.24,136800
8526464,1997-02-21,WABC,21.75,22.08,21.67,21.83,12.15,48900
8526465,1997-02-24,WABC,21.75,22.0,21.58,21.79,12.13,196200
8526466,1997-02-25,WABC,21.58,22.08,21.58,22.08,12.29,55200
8526467,1997-02-26,WABC,21.92,22.58,21.92,22.17,12.34,189600
8526468,1997-02-27,WABC,22.17,22.33,22.17,22.25,12.38,137400
8526469,1997-02-28,WABC,22.25,22.42,22.25,22.33,12.43,23100
8526470,1997-03-03,WABC,22.25,22.42,22.08,22.08,12.29,209700
8526471,1997-03-04,WABC,22.21,22.33,22.08,22.21,12.36,128400
8526472,1997-03-05,WABC,22.21,22.29,22.17,22.25,12.38,160800
8526473,1997-03-06,WABC,22.29,22.42,22.23,22.33,12.43,190200
8526474,1997-03-07,WABC,22.25,22.92,22.25,22.75,12.66,225600
8526475,1997-03-10,WABC,22.92,24.08,22.92,23.83,13.27,367200
8526476,1997-03-11,WABC,24.08,24.17,23.67,23.96,13.33,852300
8526477,1997-03-12,WABC,23.67,23.67,23.0,23.29,12.96,86400
8526478,1997-03-13,WABC,23.33,23.42,22.75,22.75,12.66,274500
8526479,1997-03-14,WABC,23.0,23.33,22.75,22.75,12.66,14100
8526480,1997-03-17,WABC,22.75,23.17,22.1,22.13,12.31,515700
8526481,1997-03-18,WABC,22.0,22.58,22.0,22.17,12.34,49200
8526482,1997-03-19,WABC,21.96,22.17,21.94,22.0,12.24,28800
8526483,1997-03-20,WABC,22.58,22.75,22.08,22.08,12.29,82200
8526484,1997-03-21,WABC,22.08,22.67,22.0,22.02,12.26,51300
8526485,1997-03-24,WABC,21.67,22.33,21.67,21.83,12.15,43800
8526486,1997-03-25,WABC,21.75,22.33,21.75,21.92,12.2,103200
8526487,1997-03-26,WABC,21.83,22.0,21.75,21.79,12.13,52200
8526488,1997-03-27,WABC,21.42,22.0,21.42,21.42,11.92,90600
8526489,1997-03-31,WABC,21.42,21.75,21.17,21.17,11.78,107100
8526490,1997-04-01,WABC,21.17,21.67,19.96,19.96,11.11,102600
8526491,1997-04-02,WABC,20.0,20.67,19.42,20.33,11.32,236400
8526492,1997-04-03,WABC,20.83,20.83,19.79,19.83,11.04,114300
8526493,1997-04-04,WABC,19.67,20.17,19.5,20.0,11.13,107700
8526494,1997-04-07,WABC,20.0,21.17,20.0,20.63,11.48,279300
8526495,1997-04-08,WABC,20.83,20.83,20.54,20.58,11.46,228600
8526496,1997-04-09,WABC,20.67,20.67,20.33,20.42,11.36,143700
8526497,1997-04-10,WABC,20.0,20.42,19.92,19.96,11.11,60600
8526498,1997-04-11,WABC,20.25,20.25,19.27,19.27,10.73,80100
8526499,1997-04-14,WABC,19.75,20.67,19.42,20.08,11.18,69000
8526500,1997-04-15,WABC,20.5,20.92,20.17,20.17,11.22,234900
8526501,1997-04-16,WABC,20.58,20.58,19.92,20.33,11.46,41700
8526502,1997-04-17,WABC,20.42,20.58,20.17,20.58,11.61,230100
8526503,1997-04-18,WABC,20.67,20.83,20.33,20.67,11.65,192600
8526504,1997-04-21,WABC,20.5,21.0,20.5,20.67,11.65,127800
8526505,1997-04-22,WABC,20.5,20.83,20.5,20.75,11.7,93000
8526506,1997-04-23,WABC,20.58,20.75,20.58,20.71,11.68,63600
8526507,1997-04-24,WABC,20.71,20.71,20.5,20.52,11.57,242400
8526508,1997-04-25,WABC,20.5,20.67,20.5,20.67,11.65,38700
8526509,1997-04-28,WABC,20.83,21.58,20.83,21.33,12.03,74700
8526510,1997-04-29,WABC,21.58,21.58,21.0,21.17,11.93,10500
8526511,1997-04-30,WABC,21.17,21.75,21.17,21.75,12.26,69600
8526512,1997-05-01,WABC,21.75,22.33,21.67,22.25,12.55,107100
8526513,1997-05-02,WABC,22.33,22.33,22.0,22.17,12.5,27600
8526514,1997-05-05,WABC,22.67,22.83,22.17,22.83,12.87,76800
8526515,1997-05-06,WABC,22.75,23.17,22.08,22.5,12.69,86400
8526516,1997-05-07,WABC,23.17,23.17,22.5,22.58,12.73,415500
8526517,1997-05-08,WABC,22.58,22.83,22.58,22.75,12.83,207600
8526518,1997-05-09,WABC,22.67,22.83,22.58,22.71,12.8,75600
8526519,1997-05-12,WABC,23.0,23.08,22.67,22.88,12.9,93600
8526520,1997-05-13,WABC,23.08,23.08,22.67,22.67,12.78,13500
8526521,1997-05-14,WABC,22.63,23.0,22.5,22.67,12.78,99300
8526522,1997-05-15,WABC,22.67,22.96,22.58,22.58,12.73,103500
8526523,1997-05-16,WABC,22.58,22.96,22.58,22.58,12.73,112800
8526524,1997-05-19,WABC,22.58,23.0,22.58,23.0,12.97,79500
8526525,1997-05-20,WABC,22.75,23.0,22.5,22.75,12.83,49200
8526526,1997-05-21,WABC,22.92,23.33,22.88,23.0,12.97,44700
8526527,1997-05-22,WABC,23.0,23.31,23.0,23.29,13.13,66600
8526528,1997-05-23,WABC,22.83,23.08,22.83,22.88,12.9,101700
8526529,1997-05-27,WABC,23.17,23.17,22.83,22.83,12.87,94200
8526530,1997-05-28,WABC,22.75,23.0,22.75,22.79,12.85,94200
8526531,1997-05-29,WABC,23.0,23.13,22.83,22.83,12.87,77100
8526532,1997-05-30,WABC,23.04,23.08,22.75,22.75,12.83,266100
8526533,1997-06-02,WABC,23.0,23.0,22.75,23.0,12.97,30000
8526534,1997-06-03,WABC,23.0,23.0,22.67,22.83,12.87,61500
8526535,1997-06-04,WABC,22.71,22.71,22.58,22.58,12.73,6000
8526536,1997-06-05,WABC,22.58,22.83,22.58,22.58,12.73,19500
8526537,1997-06-06,WABC,22.67,22.88,22.67,22.67,12.78,99300
8526538,1997-06-09,WABC,23.0,23.0,22.67,22.67,12.78,28800
8526539,1997-06-10,WABC,22.92,23.25,22.92,23.25,13.11,36600
8526540,1997-06-11,WABC,23.33,23.33,23.08,23.21,13.09,90900
8526541,1997-06-12,WABC,23.33,23.5,23.21,23.42,13.2,246300
8526542,1997-06-13,WABC,23.42,23.83,23.33,23.33,13.16,93900
8526543,1997-06-16,WABC,23.33,23.58,23.33,23.5,13.25,114300
8526544,1997-06-17,WABC,23.33,23.5,23.33,23.42,13.2,318000
8526545,1997-06-18,WABC,23.33,23.46,23.33,23.46,13.23,22500
8526546,1997-06-19,WABC,23.5,23.67,23.33,23.67,13.34,67200
8526547,1997-06-20,WABC,23.33,23.67,23.33,23.5,13.25,133200
8526548,1997-06-23,WABC,23.42,23.75,23.42,23.42,13.2,60300
8526549,1997-06-24,WABC,23.5,23.67,23.42,23.67,13.34,29400
8526550,1997-06-25,WABC,23.5,23.75,23.42,23.67,13.34,140700
8526551,1997-06-26,WABC,23.63,24.92,23.63,24.71,13.93,447000
8526552,1997-06-27,WABC,24.83,25.83,24.75,25.5,14.38,366300
8526553,1997-06-30,WABC,25.17,25.67,25.17,25.33,14.28,354900
8526554,1997-07-01,WABC,25.08,25.33,24.88,25.25,14.24,172200
8526555,1997-07-02,WABC,24.92,25.33,24.92,24.92,14.05,135000
8526556,1997-07-03,WABC,24.92,25.5,24.92,24.92,14.05,6900
8526557,1997-07-07,WABC,25.21,25.5,24.83,24.83,14.0,116100
8526558,1997-07-08,WABC,25.17,25.17,24.67,25.0,14.1,30000
8526559,1997-07-09,WABC,25.33,25.33,24.67,24.67,13.91,8700
8526560,1997-07-10,WABC,24.67,25.25,24.67,25.08,14.14,165300
8526561,1997-07-11,WABC,24.75,25.25,24.67,24.83,14.0,33000
8526562,1997-07-14,WABC,24.58,25.08,24.58,25.08,14.14,5100
8526563,1997-07-15,WABC,24.88,25.04,24.67,24.83,14.0,39600
8526564,1997-07-16,WABC,24.75,24.92,24.75,24.75,13.96,154200
8526565,1997-07-17,WABC,25.0,25.0,24.73,25.0,14.1,149400
8526566,1997-07-18,WABC,24.75,25.08,24.75,24.88,14.03,40200
8526567,1997-07-21,WABC,25.08,25.08,24.79,24.83,14.0,167700
8526568,1997-07-22,WABC,25.0,25.08,24.83,25.0,14.1,94800
8526569,1997-07-23,WABC,25.0,25.17,25.0,25.0,14.1,89100
8526570,1997-07-24,WABC,25.0,25.33,25.0,25.29,14.26,71700
8526571,1997-07-25,WABC,25.08,25.33,25.08,25.33,14.28,192600
8526572,1997-07-28,WABC,25.33,25.42,25.17,25.38,14.31,46500
8526573,1997-07-29,WABC,25.25,25.58,25.25,25.53,14.39,68400
8526574,1997-07-30,WABC,25.33,25.83,25.33,25.71,14.5,88800
8526575,1997-07-31,WABC,25.63,26.44,25.63,26.42,14.9,80100
8526576,1997-08-01,WABC,26.1,26.38,26.0,26.33,14.85,81300
8526577,1997-08-04,WABC,26.42,26.46,26.0,26.46,14.92,90600
8526578,1997-08-05,WABC,26.5,26.5,26.0,26.5,14.94,64500
8526579,1997-08-06,WABC,26.25,26.58,26.25,26.58,15.14,71100
8526580,1997-08-07,WABC,26.29,26.71,26.29,26.5,15.09,120000
8526581,1997-08-08,WABC,26.63,26.67,26.17,26.67,15.19,196200
8526582,1997-08-11,WABC,26.5,27.33,26.5,27.08,15.42,96300
8526583,1997-08-12,WABC,27.17,27.58,27.0,27.0,15.37,109800
8526584,1997-08-13,WABC,27.0,27.5,26.92,27.5,15.66,113100
8526585,1997-08-14,WABC,27.54,27.54,27.0,27.0,15.37,16800
8526586,1997-08-15,WABC,27.0,27.92,27.0,27.54,15.68,174000
8526587,1997-08-18,WABC,27.33,27.83,27.29,27.33,15.56,54900
8526588,1997-08-19,WABC,27.67,27.67,27.29,27.5,15.66,70800
8526589,1997-08-20,WABC,27.21,27.67,27.21,27.5,15.66,55200
8526590,1997-08-21,WABC,27.25,27.46,27.25,27.38,15.59,18600
8526591,1997-08-22,WABC,27.54,27.54,27.08,27.38,15.59,35700
8526592,1997-08-25,WABC,27.54,27.67,27.17,27.67,15.75,66000
8526593,1997-08-26,WABC,27.33,27.5,27.33,27.5,15.66,15600
8526594,1997-08-27,WABC,27.42,27.67,27.42,27.67,15.75,14700
8526595,1997-08-28,WABC,27.5,27.67,27.33,27.42,15.61,94800
8526596,1997-08-29,WABC,27.33,27.5,27.33,27.33,15.56,137700
8526597,1997-09-02,WABC,27.33,27.5,27.33,27.38,15.59,186300
8526598,1997-09-03,WABC,27.17,27.5,27.17,27.33,15.56,165000
8526599,1997-09-04,WABC,27.25,27.54,27.25,27.54,15.68,77100
8526600,1997-09-05,WABC,27.25,27.96,27.25,27.92,15.9,176700
8526601,1997-09-08,WABC,27.67,28.0,27.67,28.0,15.94,98400
8526602,1997-09-09,WABC,28.0,28.5,28.0,28.17,16.04,105600
8526603,1997-09-10,WABC,28.5,29.0,28.17,29.0,16.51,122100
8526604,1997-09-11,WABC,29.08,29.08,28.75,29.0,16.51,25200
8526605,1997-09-12,WABC,28.79,29.0,28.5,28.54,16.25,173100
8526606,1997-09-15,WABC,28.54,29.04,28.54,29.0,16.51,691500
8526607,1997-09-16,WABC,29.0,29.31,29.0,29.13,16.58,231600
8526608,1997-09-17,WABC,29.23,29.25,29.0,29.08,16.56,48600
8526609,1997-09-18,WABC,29.04,29.25,29.04,29.25,16.66,11100
8526610,1997-09-19,WABC,29.08,29.25,29.08,29.08,16.56,14700
8526611,1997-09-22,WABC,29.17,29.33,29.08,29.33,16.7,99900
8526612,1997-09-23,WABC,29.17,29.25,29.08,29.25,16.66,69900
8526613,1997-09-24,WABC,29.25,29.25,28.96,29.17,16.61,61800
8526614,1997-09-25,WABC,29.08,29.29,29.0,29.0,16.51,10200
8526615,1997-09-26,WABC,29.0,29.29,29.0,29.04,16.54,7800
8526616,1997-09-29,WABC,29.08,29.08,28.92,29.04,16.54,23100
8526617,1997-09-30,WABC,28.92,29.21,28.92,29.08,16.56,24600
8526618,1997-10-01,WABC,29.08,29.25,29.04,29.04,16.54,23700
8526619,1997-10-02,WABC,29.25,29.58,29.04,29.33,16.7,38400
8526620,1997-10-03,WABC,29.5,29.67,29.25,29.58,16.85,45600
8526621,1997-10-06,WABC,29.42,29.75,29.42,29.75,16.94,21900
8526622,1997-10-07,WABC,29.5,29.75,29.5,29.63,16.87,48600
8526623,1997-10-08,WABC,29.63,29.88,29.42,29.67,16.89,49800
8526624,1997-10-09,WABC,30.0,30.0,29.58,29.83,16.99,18900
8526625,1997-10-10,WABC,29.67,29.92,29.58,29.67,16.89,36300
8526626,1997-10-13,WABC,29.92,29.92,29.58,29.83,16.99,2400
8526627,1997-10-14,WABC,29.92,29.92,29.58,29.83,16.99,402900
8526628,1997-10-15,WABC,29.5,29.83,29.33,29.5,16.8,52800
8526629,1997-10-16,WABC,29.75,29.75,29.33,29.46,16.77,64200
8526630,1997-10-17,WABC,29.67,29.67,29.08,29.21,16.63,125700
8526631,1997-10-20,WABC,29.08,29.5,29.08,29.33,16.7,45900
8526632,1997-10-21,WABC,29.5,29.83,29.5,29.83,16.99,43800
8526633,1997-10-22,WABC,29.5,29.75,29.5,29.5,16.8,24000
8526634,1997-10-23,WABC,29.5,29.58,29.08,29.46,16.77,135900
8526635,1997-10-24,WABC,29.33,29.75,29.33,29.42,16.75,75000
8526636,1997-10-27,WABC,29.42,29.46,28.96,29.08,16.56,60300
8526637,1997-10-28,WABC,28.58,29.25,28.54,28.58,16.28,173700
8526638,1997-10-29,WABC,29.15,29.67,29.0,29.42,16.93,141000
8526639,1997-10-30,WABC,29.0,29.25,28.83,29.08,16.74,54000
8526640,1997-10-31,WABC,29.17,29.33,29.0,29.33,16.88,11700
8526641,1997-11-03,WABC,29.0,29.33,29.0,29.06,16.72,24900
8526642,1997-11-04,WABC,28.69,29.25,28.67,29.04,16.71,164100
8526643,1997-11-05,WABC,28.67,29.29,28.67,29.29,16.86,121800
8526644,1997-11-06,WABC,29.08,29.17,28.88,29.1,16.75,3000
8526645,1997-11-07,WABC,29.08,29.17,28.67,28.67,16.5,25200
8526646,1997-11-10,WABC,28.67,29.25,28.67,29.25,16.83,86700
8526647,1997-11-11,WABC,29.33,29.42,29.0,29.42,16.93,42600
8526648,1997-11-12,WABC,28.96,29.67,28.96,29.38,16.9,52800
8526649,1997-11-13,WABC,29.25,29.5,29.25,29.31,16.87,78600
8526650,1997-11-14,WABC,29.29,29.58,29.29,29.58,17.02,46500
8526651,1997-11-17,WABC,29.29,30.13,29.29,30.0,17.26,98400
8526652,1997-11-18,WABC,30.33,30.33,30.0,30.29,17.43,41400
8526653,1997-11-19,WABC,30.33,30.42,30.08,30.4,17.49,47700
8526654,1997-11-20,WABC,30.42,31.0,30.17,30.92,17.79,63300
8526655,1997-11-21,WABC,30.67,30.92,30.54,30.54,17.58,265500
8526656,1997-11-24,WABC,30.25,30.75,30.25,30.75,17.7,70500
8526657,1997-11-25,WABC,30.75,30.75,30.29,30.42,17.5,56700
8526658,1997-11-26,WABC,30.33,30.71,30.33,30.33,17.46,80700
8526659,1997-11-28,WABC,30.71,30.71,30.33,30.46,17.53,58800
8526660,1997-12-01,WABC,30.83,31.67,30.67,31.33,18.03,139800
8526661,1997-12-02,WABC,31.67,31.67,30.83,31.0,17.84,50400
8526662,1997-12-03,WABC,31.17,31.63,31.0,31.46,18.1,198300
8526663,1997-12-04,WABC,31.5,32.06,31.25,31.92,18.37,296700
8526664,1997-12-05,WABC,31.67,32.67,31.67,32.67,18.8,36600
8526665,1997-12-08,WABC,32.67,33.92,32.5,33.46,19.25,469200
8526666,1997-12-09,WABC,34.0,34.25,33.33,33.71,19.4,528300
8526667,1997-12-10,WABC,34.0,34.0,33.33,34.0,19.57,163500
8526668,1997-12-11,WABC,33.67,33.67,33.33,33.67,19.37,128400
8526669,1997-12-12,WABC,33.33,34.17,33.33,34.02,19.58,89400
8526670,1997-12-15,WABC,34.25,34.42,33.67,34.0,19.57,175200
8526671,1997-12-16,WABC,34.0,34.33,33.67,34.33,19.76,13500
8526672,1997-12-17,WABC,34.29,34.67,33.92,34.0,19.57,94500
8526673,1997-12-18,WABC,34.17,35.0,34.0,34.25,19.71,230700
8526674,1997-12-19,WABC,34.17,34.42,34.17,34.33,19.76,186000
8526675,1997-12-22,WABC,33.83,34.58,33.75,34.13,19.64,117300
8526676,1997-12-23,WABC,34.08,34.75,34.0,34.08,19.61,45600
8526677,1997-12-24,WABC,34.63,34.83,34.08,34.25,19.71,18300
8526678,1997-12-26,WABC,34.08,34.5,34.08,34.5,19.85,3300
8526679,1997-12-29,WABC,34.79,34.79,34.17,34.33,19.76,23100
8526680,1997-12-30,WABC,34.33,34.67,34.33,34.67,19.95,16800
8526681,1997-12-31,WABC,34.88,34.92,34.08,34.08,19.61,47700
8526682,1998-01-02,WABC,34.08,34.58,34.08,34.58,19.9,61200
8526683,1998-01-05,WABC,34.08,34.4,34.0,34.0,19.57,180000
8526684,1998-01-06,WABC,34.33,34.33,33.17,33.25,19.13,113400
8526685,1998-01-07,WABC,32.0,32.67,31.0,32.67,18.8,431100
8526686,1998-01-08,WABC,31.67,32.67,31.67,32.04,18.44,67500
8526687,1998-01-09,WABC,32.25,32.5,32.05,32.1,18.48,195900
8526688,1998-01-12,WABC,32.0,32.0,31.5,31.75,18.27,68700
8526689,1998-01-13,WABC,31.5,31.83,31.33,31.83,18.32,100200
8526690,1998-01-14,WABC,31.67,33.0,31.67,32.5,18.7,109800
8526691,1998-01-15,WABC,32.67,33.25,32.58,33.25,19.13,32100
8526692,1998-01-16,WABC,32.67,33.33,32.67,33.33,19.18,75600
8526693,1998-01-20,WABC,33.33,33.33,32.25,32.63,18.78,99300
8526694,1998-01-21,WABC,32.46,33.0,31.0,31.67,18.22,276000
8526695,1998-01-22,WABC,31.67,32.83,31.08,32.04,18.44,136500
8526696,1998-01-23,WABC,32.58,32.58,31.08,31.33,18.03,81300
8526697,1998-01-26,WABC,32.33,32.33,31.17,31.25,17.98,154200
8526698,1998-01-27,WABC,31.0,31.83,30.67,31.25,17.98,112500
8526699,1998-01-28,WABC,31.04,31.67,31.04,31.67,18.44,73200
8526700,1998-01-29,WABC,32.33,32.83,31.17,32.67,19.02,137700
8526701,1998-01-30,WABC,31.5,32.67,31.5,31.67,18.44,49800
8526702,1998-02-02,WABC,32.33,32.67,31.67,32.38,18.85,19800
8526703,1998-02-03,WABC,32.38,32.67,31.67,31.67,18.44,62700
8526704,1998-02-04,WABC,31.67,32.67,31.67,32.17,18.73,34800
8526705,1998-02-05,WABC,32.0,32.83,32.0,32.5,18.92,71100
8526706,1998-02-06,WABC,32.0,33.33,32.0,32.75,19.07,64500
8526707,1998-02-09,WABC,33.33,33.33,32.83,33.08,19.26,62400
8526708,1998-02-10,WABC,33.29,33.33,32.83,33.33,19.41,59400
8526709,1998-02-11,WABC,32.83,33.33,32.83,33.21,19.33,26100
8526710,1998-02-12,WABC,33.33,33.33,32.58,32.75,19.07,48000
8526711,1998-02-13,WABC,32.58,33.33,32.58,33.33,19.41,35700
8526712,1998-02-17,WABC,33.33,33.33,32.5,32.83,19.12,230700
8526713,1998-02-18,WABC,33.29,33.33,32.5,33.08,19.26,15600
8526714,1998-02-19,WABC,32.96,33.08,32.5,32.67,19.02,147000
8526715,1998-02-20,WABC,33.0,33.04,32.5,32.96,19.19,186600
8526716,1998-02-23,WABC,32.67,33.08,32.67,32.79,19.09,420300
8526717,1998-02-24,WABC,33.33,33.33,32.79,33.08,19.26,111000
8526718,1998-02-25,WABC,33.33,34.33,33.13,34.13,19.87,354600
8526719,1998-02-26,WABC,35.0,35.25,34.0,34.38,20.01,214400
8526720,1998-02-27,WABC,34.5,34.5,34.13,34.13,19.87,106800
8526721,1998-03-02,WABC,34.38,34.5,34.0,34.31,19.98,86700
8526722,1998-03-03,WABC,34.0,34.44,32.63,33.0,19.21,123900
8526723,1998-03-04,WABC,33.0,34.0,32.38,33.5,19.5,127100
8526724,1998-03-05,WABC,32.5,34.5,32.5,33.5,19.5,46700
8526725,1998-03-06,WABC,34.75,34.75,33.0,33.63,19.58,43800
8526726,1998-03-09,WABC,34.25,34.5,33.0,33.5,19.5,38300
8526727,1998-03-10,WABC,33.25,34.5,33.25,33.25,19.36,40700
8526728,1998-03-11,WABC,33.75,34.5,33.25,33.63,19.58,42700
8526729,1998-03-12,WABC,34.25,34.5,33.13,33.13,19.28,44400
8526730,1998-03-13,WABC,33.94,33.94,33.13,33.75,19.65,43100
8526731,1998-03-16,WABC,33.13,34.0,33.0,33.25,19.36,141500
8526732,1998-03-17,WABC,33.5,33.5,32.25,33.0,19.21,218700
8526733,1998-03-18,WABC,33.0,34.5,33.0,34.0,19.79,268700
8526734,1998-03-19,WABC,34.25,34.25,33.0,33.69,19.61,146000
8526735,1998-03-20,WABC,34.0,34.25,33.5,34.0,19.79,304900
8526736,1998-03-23,WABC,34.0,34.5,33.5,34.13,19.87,245000
8526737,1998-03-24,WABC,34.5,34.5,33.5,34.0,19.79,289100
8526738,1998-03-25,WABC,33.75,34.25,33.75,33.88,19.72,102700
8526739,1998-03-26,WABC,33.25,34.0,33.0,33.5,19.5,218200
8526740,1998-03-27,WABC,34.0,34.0,32.75,33.13,19.28,266400
8526741,1998-03-30,WABC,33.5,33.5,32.38,32.88,19.14,42300
8526742,1998-03-31,WABC,32.5,33.5,32.5,33.38,19.43,230800
8526743,1998-04-01,WABC,33.75,33.88,33.25,33.75,19.65,231300
8526744,1998-04-02,WABC,33.88,33.94,33.5,33.81,19.69,103500
8526745,1998-04-03,WABC,33.5,34.13,33.5,34.09,19.85,240100
8526746,1998-04-06,WABC,34.38,34.75,34.0,34.69,20.19,311000
8526747,1998-04-07,WABC,34.69,34.69,34.13,34.13,19.87,153700
8526748,1998-04-08,WABC,34.13,34.25,33.75,33.75,19.65,159800
8526749,1998-04-09,WABC,33.94,34.25,33.75,33.94,19.76,97100
8526750,1998-04-13,WABC,34.25,34.63,34.0,34.63,20.16,165600
8526751,1998-04-14,WABC,34.63,35.25,34.0,35.0,20.38,237600
8526752,1998-04-15,WABC,35.13,36.38,35.0,36.13,21.03,329100
8526753,1998-04-16,WABC,36.25,36.25,34.63,34.81,20.27,210100
8526754,1998-04-17,WABC,35.13,35.25,33.75,35.0,20.38,150600
8526755,1998-04-20,WABC,35.0,35.38,35.0,35.06,20.41,82100
8526756,1998-04-21,WABC,34.5,35.25,34.25,35.0,20.38,24700
8526757,1998-04-22,WABC,34.38,35.0,34.38,34.38,20.01,150300
8526758,1998-04-23,WABC,34.38,34.88,34.13,34.13,19.87,80200
8526759,1998-04-24,WABC,34.0,34.38,33.0,33.5,19.5,99100
8526760,1998-04-27,WABC,32.63,32.63,31.13,31.94,18.59,173000
8526761,1998-04-28,WABC,32.0,32.88,32.0,32.5,18.92,489500
8526762,1998-04-29,WABC,32.38,33.75,32.13,33.38,19.5,99300
8526763,1998-04-30,WABC,34.0,34.0,33.0,33.0,19.28,132700
8526764,1998-05-01,WABC,32.81,33.75,32.5,33.75,19.72,190100
8526765,1998-05-04,WABC,34.38,34.5,33.63,34.13,19.94,99500
8526766,1998-05-05,WABC,34.13,34.13,33.5,33.69,19.69,46500
8526767,1998-05-06,WABC,34.13,34.13,33.25,33.31,19.47,43900
8526768,1998-05-07,WABC,33.0,34.25,33.0,33.75,19.72,110200
8526769,1998-05-08,WABC,33.25,33.5,32.63,32.63,19.06,146800
8526770,1998-05-11,WABC,32.75,33.5,32.25,32.25,18.85,91400
8526771,1998-05-12,WABC,33.0,33.25,32.38,32.81,19.17,74200
8526772,1998-05-13,WABC,32.75,33.25,32.5,32.63,19.06,59000
8526773,1998-05-14,WABC,32.75,32.75,32.0,32.0,18.7,34300
8526774,1998-05-15,WABC,32.25,32.69,31.5,31.5,18.41,69100
8526775,1998-05-18,WABC,32.13,32.5,31.75,32.0,18.7,63200
8526776,1998-05-19,WABC,32.0,32.63,31.63,32.41,18.94,142300
8526777,1998-05-20,WABC,32.0,32.75,32.0,32.56,19.03,77800
8526778,1998-05-21,WABC,32.38,33.06,32.38,33.0,19.28,86000
8526779,1998-05-22,WABC,32.75,32.81,31.88,31.88,18.63,141300
8526780,1998-05-26,WABC,32.0,32.5,31.5,31.94,18.66,88200
8526781,1998-05-27,WABC,30.88,31.5,29.75,30.63,17.9,390000
8526782,1998-05-28,WABC,30.75,31.25,30.31,31.25,18.26,556700
8526783,1998-05-29,WABC,31.13,31.13,30.75,30.88,18.04,69600
8526784,1998-06-01,WABC,31.0,31.13,30.63,30.69,17.93,50700
8526785,1998-06-02,WABC,31.0,31.25,30.0,30.13,17.6,113300
8526786,1998-06-03,WABC,30.5,30.75,29.88,30.0,17.53,244800
8526787,1998-06-04,WABC,29.88,30.25,29.75,30.0,17.53,419300
8526788,1998-06-05,WABC,29.75,30.25,29.75,30.13,17.6,130600
8526789,1998-06-08,WABC,30.13,30.5,30.0,30.25,17.68,62200
8526790,1998-06-09,WABC,30.31,30.31,29.75,29.75,17.38,99800
8526791,1998-06-10,WABC,29.88,30.0,29.63,29.75,17.38,156000
8526792,1998-06-11,WABC,29.63,29.94,29.25,29.44,17.2,232600
8526793,1998-06-12,WABC,29.44,29.88,28.75,29.25,17.09,56000
8526794,1998-06-15,WABC,28.5,29.0,28.5,28.5,16.65,55900
8526795,1998-06-16,WABC,28.5,29.0,28.5,28.88,16.87,58000
8526796,1998-06-17,WABC,28.63,29.88,28.63,29.75,17.38,157700
8526797,1998-06-18,WABC,29.25,29.38,28.88,29.13,17.02,600000
8526798,1998-06-19,WABC,28.88,29.5,28.75,28.75,16.8,326600
8526799,1998-06-22,WABC,28.75,29.25,28.75,28.81,16.84,39700
8526800,1998-06-23,WABC,29.25,29.88,29.13,29.75,17.38,499200
8526801,1998-06-24,WABC,29.38,29.88,29.25,29.44,17.2,38500
8526802,1998-06-25,WABC,29.25,30.0,29.06,29.06,16.98,47700
8526803,1998-06-26,WABC,29.5,30.06,29.0,30.0,17.53,212100
8526804,1998-06-29,WABC,30.25,32.25,30.25,31.75,18.55,268600
8526805,1998-06-30,WABC,32.0,33.5,31.25,32.13,18.77,385600
8526806,1998-07-01,WABC,32.25,33.63,31.38,32.66,19.08,226600
8526807,1998-07-02,WABC,32.25,33.25,32.25,33.25,19.43,322600
8526808,1998-07-06,WABC,33.38,33.5,32.88,32.88,19.21,40500
8526809,1998-07-07,WABC,32.25,32.88,31.63,32.38,18.92,159200
8526810,1998-07-08,WABC,32.5,33.5,32.5,33.38,19.5,58200
8526811,1998-07-09,WABC,33.25,33.5,32.94,32.94,19.25,32700
8526812,1998-07-10,WABC,33.5,33.5,32.25,32.63,19.06,44900
8526813,1998-07-13,WABC,32.63,33.0,32.5,32.5,18.99,42500
8526814,1998-07-14,WABC,32.5,33.38,32.5,33.13,19.36,129800
8526815,1998-07-15,WABC,32.75,33.25,32.75,33.06,19.32,48600
8526816,1998-07-16,WABC,33.13,33.25,32.25,32.5,18.99,86400
8526817,1998-07-17,WABC,32.75,32.75,32.25,32.31,18.88,145400
8526818,1998-07-20,WABC,32.88,32.88,32.25,32.44,18.95,24400
8526819,1998-07-21,WABC,32.25,32.56,32.0,32.0,18.7,106000
8526820,1998-07-22,WABC,32.0,32.5,32.0,32.31,18.88,61000
8526821,1998-07-23,WABC,32.25,32.25,31.75,31.75,18.55,47100
8526822,1998-07-24,WABC,31.75,32.06,31.75,31.81,18.59,35800
8526823,1998-07-27,WABC,32.0,32.0,31.25,31.38,18.33,134000
8526824,1998-07-28,WABC,31.38,31.75,31.25,31.38,18.33,142800
8526825,1998-07-29,WABC,31.38,31.63,31.06,31.06,18.23,149700
8526826,1998-07-30,WABC,31.13,31.63,30.63,31.44,18.45,133400
8526827,1998-07-31,WABC,31.25,31.38,30.63,30.63,17.98,134300
8526828,1998-08-03,WABC,30.63,31.13,30.63,30.81,18.09,151200
8526829,1998-08-04,WABC,31.0,31.0,29.5,29.5,17.32,239400
8526830,1998-08-05,WABC,29.5,29.94,29.0,29.94,17.57,140300
8526831,1998-08-06,WABC,29.5,30.63,29.5,30.13,17.68,245200
8526832,1998-08-07,WABC,30.06,31.75,30.06,31.0,18.2,169300
8526833,1998-08-10,WABC,30.63,31.0,30.06,30.75,18.05,94800
8526834,1998-08-11,WABC,30.0,30.25,29.44,29.88,17.54,290000
8526835,1998-08-12,WABC,29.75,30.25,29.75,30.0,17.61,109700
8526836,1998-08-13,WABC,29.75,30.25,29.5,29.91,17.55,311500
8526837,1998-08-14,WABC,30.25,30.5,30.0,30.06,17.65,499200
8526838,1998-08-17,WABC,30.25,30.25,29.0,30.0,17.61,147400
8526839,1998-08-18,WABC,29.75,30.56,29.75,30.56,17.94,179800
8526840,1998-08-19,WABC,30.0,30.88,30.0,30.31,17.79,56500
8526841,1998-08-20,WABC,30.44,30.44,29.44,29.5,17.32,461000
8526842,1998-08-21,WABC,30.13,30.13,28.0,28.56,16.77,913500
8526843,1998-08-24,WABC,28.38,29.63,28.38,28.94,16.99,30900
8526844,1998-08-25,WABC,28.5,29.5,28.5,29.0,17.02,66600
8526845,1998-08-26,WABC,28.5,28.63,28.0,28.06,16.47,101300
8526846,1998-08-27,WABC,28.0,28.0,26.88,27.0,15.85,223800
8526847,1998-08-28,WABC,27.5,27.5,26.5,26.63,15.63,202500
8526848,1998-08-31,WABC,26.5,26.56,23.63,24.25,14.23,367000
8526849,1998-09-01,WABC,25.0,26.16,24.0,26.06,15.3,117000
8526850,1998-09-02,WABC,26.5,28.75,26.0,27.75,16.29,104500
8526851,1998-09-03,WABC,27.0,28.0,26.88,27.19,15.96,68600
8526852,1998-09-04,WABC,27.0,27.5,26.75,27.19,15.96,44100
8526853,1998-09-08,WABC,28.0,28.25,27.13,27.75,16.29,95600
8526854,1998-09-09,WABC,27.5,28.0,27.38,27.38,16.07,70700
8526855,1998-09-10,WABC,26.25,27.25,26.0,26.0,15.26,264500
8526856,1998-09-11,WABC,26.94,29.0,26.94,29.0,17.02,131800
8526857,1998-09-14,WABC,29.5,31.0,29.5,30.0,17.61,148400
8526858,1998-09-15,WABC,29.25,30.63,29.25,29.75,17.46,89600
8526859,1998-09-16,WABC,30.0,30.56,29.5,30.06,17.65,68500
8526860,1998-09-17,WABC,29.13,29.88,28.5,29.25,17.17,64000
8526861,1998-09-18,WABC,29.25,31.41,29.13,30.75,18.05,257500
8526862,1998-09-21,WABC,30.0,30.5,29.63,30.03,17.63,73600
8526863,1998-09-22,WABC,30.13,30.25,29.63,29.63,17.39,209000
8526864,1998-09-23,WABC,29.5,30.75,29.5,30.34,17.81,358600
8526865,1998-09-24,WABC,30.88,30.88,29.75,30.0,17.61,324000
8526866,1998-09-25,WABC,29.88,31.5,29.69,31.25,18.34,76400
8526867,1998-09-28,WABC,31.5,31.5,30.75,31.0,18.2,369800
8526868,1998-09-29,WABC,31.0,31.13,30.0,30.5,17.9,102600
8526869,1998-09-30,WABC,29.75,30.5,28.75,28.94,16.99,175900
8526870,1998-10-01,WABC,28.31,28.31,27.88,28.25,16.58,288100
8526871,1998-10-02,WABC,28.25,28.5,27.5,28.25,16.58,130500
8526872,1998-10-05,WABC,27.75,28.5,27.63,28.0,16.44,100100
8526873,1998-10-06,WABC,28.13,28.88,27.5,27.94,16.4,166700
8526874,1998-10-07,WABC,27.0,27.38,26.0,26.25,15.41,183600
8526875,1998-10-08,WABC,26.13,26.13,23.88,24.56,14.42,177000
8526876,1998-10-09,WABC,25.25,26.38,25.0,26.38,15.48,219000
8526877,1998-10-12,WABC,27.0,27.5,26.5,26.5,15.55,87500
8526878,1998-10-13,WABC,26.25,27.0,25.88,25.88,15.19,35100
8526879,1998-10-14,WABC,24.75,27.25,24.13,27.0,15.85,75200
8526880,1998-10-15,WABC,26.75,29.0,26.75,28.13,16.51,223300
8526881,1998-10-16,WABC,28.88,30.0,27.88,28.88,16.95,182700
8526882,1998-10-19,WABC,28.75,30.25,28.75,30.0,17.61,84100
8526883,1998-10-20,WABC,29.75,31.63,29.75,31.0,18.2,308800
8526884,1998-10-21,WABC,30.88,31.06,30.19,30.25,17.76,93800
8526885,1998-10-22,WABC,30.25,30.25,29.5,30.13,17.68,40900
8526886,1998-10-23,WABC,29.5,30.94,29.25,29.75,17.46,113500
8526887,1998-10-26,WABC,29.38,30.88,29.38,30.88,18.12,86100
8526888,1998-10-27,WABC,31.0,31.38,30.38,30.97,18.18,59100
8526889,1998-10-28,WABC,30.38,31.13,30.38,30.88,18.2,34200
8526890,1998-10-29,WABC,30.63,32.19,30.63,32.19,18.98,176800
8526891,1998-10-30,WABC,32.25,33.88,31.88,33.25,19.61,225100
8526892,1998-11-02,WABC,33.06,34.13,33.06,33.63,19.83,231400
8526893,1998-11-03,WABC,33.31,33.94,33.31,33.63,19.83,150600
8526894,1998-11-04,WABC,33.88,34.0,33.25,33.41,19.7,132400
8526895,1998-11-05,WABC,33.13,34.38,32.13,34.38,20.27,110200
8526896,1998-11-06,WABC,33.63,34.75,33.63,34.56,20.38,250600
8526897,1998-11-09,WABC,34.38,34.69,33.13,33.56,19.79,47500
8526898,1998-11-10,WABC,33.25,33.38,32.63,33.19,19.57,31400
8526899,1998-11-11,WABC,32.88,33.38,32.5,32.75,19.31,48400
8526900,1998-11-12,WABC,33.0,33.31,32.5,33.0,19.46,14700
8526901,1998-11-13,WABC,32.88,33.5,32.81,33.38,19.68,16600
8526902,1998-11-16,WABC,33.75,34.0,33.13,34.0,20.05,31600
8526903,1998-11-17,WABC,33.44,34.63,33.38,34.25,20.19,89700
8526904,1998-11-18,WABC,34.13,35.38,34.13,35.38,20.86,165000
8526905,1998-11-19,WABC,35.31,35.41,34.88,35.19,20.75,288400
8526906,1998-11-20,WABC,35.25,35.44,34.88,34.88,20.56,207400
8526907,1998-11-23,WABC,34.75,35.44,34.75,35.25,20.78,259000
8526908,1998-11-24,WABC,35.13,35.88,35.13,35.63,21.01,219000
8526909,1998-11-25,WABC,35.69,35.88,35.5,35.88,21.15,84500
8526910,1998-11-27,WABC,36.0,36.0,35.75,35.88,21.15,17200
8526911,1998-11-30,WABC,35.63,36.5,35.5,36.13,21.3,249200
8526912,1998-12-01,WABC,35.75,36.0,35.63,36.0,21.23,237100
8526913,1998-12-02,WABC,35.63,36.0,35.63,35.94,21.19,228000
8526914,1998-12-03,WABC,35.75,36.0,35.38,35.5,20.93,44000
8526915,1998-12-04,WABC,35.5,35.91,35.25,35.63,21.01,55300
8526916,1998-12-07,WABC,35.38,37.0,35.38,36.94,21.78,57300
8526917,1998-12-08,WABC,36.88,37.0,36.5,36.75,21.67,23200
8526918,1998-12-09,WABC,37.0,37.0,35.63,35.66,21.02,197000
8526919,1998-12-10,WABC,35.63,35.63,34.5,34.63,20.42,280800
8526920,1998-12-11,WABC,34.5,35.25,34.5,35.25,20.78,440100
8526921,1998-12-14,WABC,35.0,35.25,35.0,35.13,20.71,237100
8526922,1998-12-15,WABC,35.13,35.5,35.13,35.25,20.78,149300
8526923,1998-12-16,WABC,35.19,35.56,35.19,35.56,20.97,192100
8526924,1998-12-17,WABC,35.75,35.75,35.5,35.75,21.08,21800
8526925,1998-12-18,WABC,35.69,36.0,35.5,35.88,21.15,281500
8526926,1998-12-21,WABC,35.81,36.0,35.69,35.81,21.12,420000
8526927,1998-12-22,WABC,35.75,36.13,35.75,35.88,21.15,58500
8526928,1998-12-23,WABC,35.88,36.88,35.88,36.88,21.74,52700
8526929,1998-12-24,WABC,36.25,37.25,36.25,36.94,21.78,96600
8526930,1998-12-28,WABC,37.0,37.0,36.63,37.0,21.82,84900
8526931,1998-12-29,WABC,36.75,37.25,35.88,35.88,21.15,48300
8526932,1998-12-30,WABC,36.25,36.31,35.5,36.25,21.37,40700
8526933,1998-12-31,WABC,36.13,36.75,36.13,36.75,21.67,28200
8526934,1999-01-04,WABC,36.81,37.5,36.38,37.5,22.11,118900
8526935,1999-01-05,WABC,37.0,37.5,36.25,36.88,21.74,210200
8526936,1999-01-06,WABC,36.69,36.88,36.25,36.75,21.67,38200
8526937,1999-01-07,WABC,36.25,36.69,35.75,35.81,21.12,67600
8526938,1999-01-08,WABC,35.75,36.63,35.75,36.38,21.45,111400
8526939,1999-01-11,WABC,36.19,36.63,35.63,35.75,21.08,51400
8526940,1999-01-12,WABC,35.63,35.94,34.75,35.13,20.71,288400
8526941,1999-01-13,WABC,34.38,35.38,34.0,34.69,20.45,79500
8526942,1999-01-14,WABC,34.5,34.75,33.75,33.75,19.9,73200
8526943,1999-01-15,WABC,33.81,34.69,33.81,34.69,20.45,171200
8526944,1999-01-19,WABC,34.75,35.25,34.75,35.0,20.64,176100
8526945,1999-01-20,WABC,35.0,35.38,35.0,35.13,20.71,98000
8526946,1999-01-21,WABC,34.75,35.0,34.5,34.94,20.6,65600
8526947,1999-01-22,WABC,34.5,35.25,34.5,34.75,20.49,40500
8526948,1999-01-25,WABC,34.5,34.75,34.38,34.56,20.38,27300
8526949,1999-01-26,WABC,34.44,34.81,34.31,34.69,20.45,36600
8526950,1999-01-27,WABC,34.63,34.75,34.63,34.69,20.45,73100
8526951,1999-01-28,WABC,34.69,35.0,34.69,34.94,20.6,94600
8526952,1999-01-29,WABC,34.88,35.5,34.81,35.19,20.75,120800
8526953,1999-02-01,WABC,35.0,35.19,34.0,34.31,20.23,95900
8526954,1999-02-02,WABC,34.25,34.75,34.13,34.38,20.27,84600
8526955,1999-02-03,WABC,34.0,34.5,34.0,34.38,20.36,57100
8526956,1999-02-04,WABC,34.13,34.56,33.25,33.25,19.7,158600
8526957,1999-02-05,WABC,33.31,33.38,33.0,33.0,19.55,72800
8526958,1999-02-08,WABC,33.25,33.38,32.94,33.38,19.77,19900
8526959,1999-02-09,WABC,33.13,33.13,32.38,32.63,19.33,68000
8526960,1999-02-10,WABC,32.5,33.0,32.5,32.63,19.33,32000
8526961,1999-02-11,WABC,32.75,33.5,32.63,33.25,19.7,76300
8526962,1999-02-12,WABC,32.75,33.25,32.5,32.5,19.25,123600
8526963,1999-02-16,WABC,32.5,33.31,32.5,33.0,19.55,77500
8526964,1999-02-17,WABC,32.75,33.0,32.5,32.63,19.33,60300
8526965,1999-02-18,WABC,33.25,33.25,32.75,32.75,19.4,44700
8526966,1999-02-19,WABC,33.25,33.25,32.75,32.88,19.47,293200
8526967,1999-02-22,WABC,33.13,33.13,32.75,33.0,19.55,59800
8526968,1999-02-23,WABC,32.88,33.19,32.75,32.94,19.51,166700
8526969,1999-02-24,WABC,32.88,33.06,32.38,32.38,19.18,56300
8526970,1999-02-25,WABC,32.5,33.38,32.13,33.25,19.7,132100
8526971,1999-02-26,WABC,33.63,33.75,32.81,33.5,19.84,131900
8526972,1999-03-01,WABC,33.63,33.63,33.25,33.5,19.84,46200
8526973,1999-03-02,WABC,33.38,33.75,33.19,33.25,19.7,56200
8526974,1999-03-03,WABC,33.63,33.63,33.06,33.19,19.66,113200
8526975,1999-03-04,WABC,33.13,33.31,33.13,33.13,19.62,96700
8526976,1999-03-05,WABC,33.25,34.0,33.25,33.88,20.07,65900
8526977,1999-03-08,WABC,33.75,34.81,33.63,34.13,20.22,270200
8526978,1999-03-09,WABC,34.06,34.13,32.88,32.88,19.47,111100
8526979,1999-03-10,WABC,33.25,33.38,32.75,33.25,19.7,86100
8526980,1999-03-11,WABC,33.38,33.63,33.25,33.44,19.81,41800
8526981,1999-03-12,WABC,33.5,33.5,33.25,33.38,19.77,25600
8526982,1999-03-15,WABC,33.25,34.0,33.25,33.88,20.07,83000
8526983,1999-03-16,WABC,33.56,34.0,33.25,33.38,19.77,111700
8526984,1999-03-17,WABC,33.38,33.63,33.38,33.56,19.88,123400
8526985,1999-03-18,WABC,33.5,33.75,33.5,33.63,19.92,20700
8526986,1999-03-19,WABC,33.5,34.0,33.5,33.63,19.92,94100
8526987,1999-03-22,WABC,33.75,33.75,33.5,33.69,19.96,91100
8526988,1999-03-23,WABC,33.5,33.75,32.63,32.75,19.4,119800
8526989,1999-03-24,WABC,32.75,33.13,32.75,32.88,19.47,167700
8526990,1999-03-25,WABC,32.75,33.0,32.75,32.88,19.47,38900
8526991,1999-03-26,WABC,32.75,33.13,32.75,32.75,19.4,61400
8526992,1999-03-29,WABC,32.63,32.88,32.63,32.88,19.47,191700
8526993,1999-03-30,WABC,32.5,32.75,32.25,32.38,19.18,85100
8526994,1999-03-31,WABC,32.25,32.25,31.5,31.63,18.73,102700
8526995,1999-04-01,WABC,31.63,31.88,31.0,31.38,18.59,40400
8526996,1999-04-05,WABC,31.38,32.13,31.38,32.06,18.99,39200
8526997,1999-04-06,WABC,31.63,32.5,31.63,32.0,18.96,116600
8526998,1999-04-07,WABC,32.13,32.38,31.25,31.75,18.81,154600
8526999,1999-04-08,WABC,31.63,31.88,29.94,30.94,18.33,142700
8527000,1999-04-09,WABC,30.75,31.0,30.5,30.69,18.18,98200
8527001,1999-04-12,WABC,30.0,30.5,29.75,30.0,17.77,121200
8527002,1999-04-13,WABC,29.81,30.75,29.81,30.0,17.77,320000
8527003,1999-04-14,WABC,29.94,32.19,29.94,32.0,18.96,190400
8527004,1999-04-15,WABC,32.25,32.69,31.75,31.81,18.85,89100
8527005,1999-04-16,WABC,31.81,32.0,29.75,30.56,18.1,208400
8527006,1999-04-19,WABC,30.75,31.38,30.63,31.25,18.51,100900
8527007,1999-04-20,WABC,30.88,32.5,30.88,32.5,19.25,74600
8527008,1999-04-21,WABC,32.0,33.38,32.0,32.75,19.4,81500
8527009,1999-04-22,WABC,32.63,33.31,32.25,32.81,19.44,131000
8527010,1999-04-23,WABC,32.69,32.78,32.25,32.63,19.33,64100
8527011,1999-04-26,WABC,32.38,33.38,32.25,32.88,19.47,181400
8527012,1999-04-27,WABC,33.0,33.13,32.75,32.94,19.51,202200
8527013,1999-04-28,WABC,32.94,33.75,32.75,33.75,20.09,108200
8527014,1999-04-29,WABC,33.0,33.94,33.0,33.38,19.87,193500
8527015,1999-04-30,WABC,33.38,34.13,32.88,33.38,19.87,94800
8527016,1999-05-03,WABC,33.0,34.19,33.0,34.06,20.28,95200
8527017,1999-05-04,WABC,33.94,34.19,33.75,34.19,20.35,266200
8527018,1999-05-05,WABC,34.06,34.38,33.88,34.25,20.39,107400
8527019,1999-05-06,WABC,34.0,34.38,34.0,34.06,20.28,48200
8527020,1999-05-07,WABC,34.0,34.63,34.0,34.5,20.54,82900
8527021,1999-05-10,WABC,34.44,34.5,34.38,34.5,20.54,55600
8527022,1999-05-11,WABC,34.5,35.0,34.5,34.88,20.76,50100
8527023,1999-05-12,WABC,34.5,35.0,34.5,35.0,20.83,43000
8527024,1999-05-13,WABC,34.75,35.13,34.75,35.05,20.86,124400
8527025,1999-05-14,WABC,34.88,35.0,34.38,34.55,20.56,211700
8527026,1999-05-17,WABC,34.63,34.63,34.0,34.13,20.31,122500
8527027,1999-05-18,WABC,33.88,34.06,33.63,33.81,20.13,92200
8527028,1999-05-19,WABC,33.63,34.13,33.25,34.0,20.24,378200
8527029,1999-05-20,WABC,33.88,34.25,33.88,34.0,20.24,34900
8527030,1999-05-21,WABC,34.13,34.25,34.0,34.13,20.31,311500
8527031,1999-05-24,WABC,34.0,34.06,33.75,33.94,20.2,106200
8527032,1999-05-25,WABC,33.88,34.0,33.75,33.88,20.17,105200
8527033,1999-05-26,WABC,33.75,34.5,33.69,34.38,20.46,193900
8527034,1999-05-27,WABC,34.13,34.75,34.06,34.75,20.69,132000
8527035,1999-05-28,WABC,34.25,34.75,34.13,34.56,20.57,85000
8527036,1999-06-01,WABC,34.38,34.5,34.13,34.38,20.46,165900
8527037,1999-06-02,WABC,34.25,34.38,34.06,34.13,20.31,93300
8527038,1999-06-03,WABC,34.25,34.63,34.25,34.38,20.46,201200
8527039,1999-06-04,WABC,34.5,34.64,34.38,34.64,20.62,110700
8527040,1999-06-07,WABC,34.5,34.88,34.5,34.5,20.54,58500
8527041,1999-06-08,WABC,35.75,36.75,35.69,35.81,21.32,1448000
8527042,1999-06-09,WABC,35.81,35.94,35.5,35.53,21.15,950600
8527043,1999-06-10,WABC,35.56,35.63,34.94,35.25,20.98,59700
8527044,1999-06-11,WABC,35.22,35.88,35.13,35.38,21.06,298400
8527045,1999-06-14,WABC,35.25,35.75,35.13,35.31,21.02,433100
8527046,1999-06-15,WABC,34.88,36.56,34.75,36.56,21.76,2525400
8527047,1999-06-16,WABC,36.5,36.63,36.0,36.38,21.65,403100
8527048,1999-06-17,WABC,36.38,37.5,36.0,36.84,21.93,303900
8527049,1999-06-18,WABC,36.81,37.0,36.69,36.69,21.84,326400
8527050,1999-06-21,WABC,36.69,37.0,36.69,36.88,21.95,129300
8527051,1999-06-22,WABC,37.0,37.19,36.88,37.13,22.1,265700
8527052,1999-06-23,WABC,36.88,37.19,36.81,37.06,22.06,434200
8527053,1999-06-24,WABC,37.0,37.13,36.56,36.56,21.76,540700
8527054,1999-06-25,WABC,36.56,37.13,36.5,36.88,21.95,592400
8527055,1999-06-28,WABC,36.88,37.25,36.69,37.0,22.03,131100
8527056,1999-06-29,WABC,36.88,37.0,36.06,36.31,21.62,365600
8527057,1999-06-30,WABC,36.28,36.52,35.5,36.5,21.73,429500
8527058,1999-07-01,WABC,36.0,36.13,35.44,35.44,21.1,222000
8527059,1999-07-02,WABC,35.63,35.63,35.0,35.25,20.98,140900
8527060,1999-07-06,WABC,35.19,35.75,34.75,35.63,21.21,108800
8527061,1999-07-07,WABC,35.75,35.75,35.19,35.38,21.06,117900
8527062,1999-07-08,WABC,35.13,35.19,34.63,34.88,20.76,199900
8527063,1999-07-09,WABC,34.88,35.0,34.63,34.81,20.72,370400
8527064,1999-07-12,WABC,34.81,35.13,34.38,34.38,20.46,132600
8527065,1999-07-13,WABC,34.38,35.0,34.38,34.75,20.69,135300
8527066,1999-07-14,WABC,34.13,35.25,33.88,35.06,20.87,401200
8527067,1999-07-15,WABC,35.0,36.75,34.88,35.38,21.06,386500
8527068,1999-07-16,WABC,35.44,36.06,35.38,36.06,21.47,189600
8527069,1999-07-19,WABC,35.88,36.56,35.5,36.5,21.73,191200
8527070,1999-07-20,WABC,36.13,36.38,35.5,35.63,21.21,350300
8527071,1999-07-21,WABC,35.75,36.19,35.25,35.75,21.28,255000
8527072,1999-07-22,WABC,35.63,35.75,35.0,35.5,21.13,138800
8527073,1999-07-23,WABC,35.5,35.5,35.13,35.44,21.1,160700
8527074,1999-07-26,WABC,35.13,35.13,34.81,34.81,20.72,169800
8527075,1999-07-27,WABC,35.0,35.0,34.69,34.88,20.76,76000
8527076,1999-07-28,WABC,34.75,34.81,34.19,34.38,20.56,99900
8527077,1999-07-29,WABC,34.25,34.25,33.44,33.5,20.03,159400
8527078,1999-07-30,WABC,33.75,33.88,33.44,33.5,20.03,124600
8527079,1999-08-02,WABC,33.88,33.88,33.44,33.75,20.18,133500
8527080,1999-08-03,WABC,33.69,34.31,33.25,34.31,20.52,169900
8527081,1999-08-04,WABC,34.0,34.13,33.44,33.5,20.03,188800
8527082,1999-08-05,WABC,33.5,33.75,33.44,33.44,20.0,44400
8527083,1999-08-06,WABC,33.81,33.81,33.0,33.13,19.81,119100
8527084,1999-08-09,WABC,33.38,33.63,33.19,33.56,20.07,150800
8527085,1999-08-10,WABC,33.63,33.63,32.19,32.41,19.38,155800
8527086,1999-08-11,WABC,32.63,33.63,32.38,33.63,20.11,125800
8527087,1999-08-12,WABC,33.25,33.44,33.13,33.38,19.96,115000
8527088,1999-08-13,WABC,33.25,34.5,33.25,34.0,20.33,110500
8527089,1999-08-16,WABC,34.0,34.44,33.13,33.44,20.0,56700
8527090,1999-08-17,WABC,33.5,33.75,33.38,33.5,20.03,452300
8527091,1999-08-18,WABC,33.38,33.75,33.13,33.25,19.88,399600
8527092,1999-08-19,WABC,33.38,33.38,32.63,33.13,19.81,164600
8527093,1999-08-20,WABC,33.03,33.38,33.0,33.19,19.85,144400
8527094,1999-08-23,WABC,33.28,33.75,33.25,33.56,20.07,103300
8527095,1999-08-24,WABC,33.44,33.94,33.25,33.94,20.3,163100
8527096,1999-08-25,WABC,33.56,33.88,33.0,33.13,19.81,99600
8527097,1999-08-26,WABC,33.25,34.38,33.13,33.44,20.0,228900
8527098,1999-08-27,WABC,33.13,34.25,33.0,33.38,19.96,220400
8527099,1999-08-30,WABC,33.56,33.56,32.25,32.31,19.32,64000
8527100,1999-08-31,WABC,32.38,32.63,31.94,31.94,19.1,79400
8527101,1999-09-01,WABC,32.44,32.88,32.0,32.81,19.62,71900
8527102,1999-09-02,WABC,32.5,32.69,31.38,31.75,18.99,91300
8527103,1999-09-03,WABC,31.88,32.88,31.88,32.31,19.32,142700
8527104,1999-09-07,WABC,32.75,32.75,31.75,31.88,19.06,59000
8527105,1999-09-08,WABC,31.88,32.31,31.75,31.81,19.02,69200
8527106,1999-09-09,WABC,31.81,31.88,31.5,31.63,18.91,82500
8527107,1999-09-10,WABC,31.63,31.81,31.31,31.5,18.84,342200
8527108,1999-09-13,WABC,31.25,32.25,31.25,31.5,18.84,32800
8527109,1999-09-14,WABC,31.69,31.69,30.75,30.75,18.39,80700
8527110,1999-09-15,WABC,30.75,31.25,30.44,30.69,18.35,98200
8527111,1999-09-16,WABC,30.44,30.88,30.13,30.38,18.16,102200
8527112,1999-09-17,WABC,30.38,30.88,30.34,30.88,18.46,250300
8527113,1999-09-20,WABC,30.81,30.88,29.88,30.25,18.09,35500
8527114,1999-09-21,WABC,29.88,30.0,29.0,29.13,17.42,83200
8527115,1999-09-22,WABC,29.19,29.25,28.88,28.94,17.31,169000
8527116,1999-09-23,WABC,29.25,29.38,28.88,29.25,17.49,112500
8527117,1999-09-24,WABC,28.88,30.25,28.88,29.81,17.83,143600
8527118,1999-09-27,WABC,29.94,30.5,29.94,30.13,18.02,55500
8527119,1999-09-28,WABC,30.38,30.38,29.56,30.06,17.98,49200
8527120,1999-09-29,WABC,30.19,30.19,29.81,30.0,17.94,26500
8527121,1999-09-30,WABC,29.75,30.5,29.75,30.25,18.09,188700
8527122,1999-10-01,WABC,30.31,30.31,29.94,30.13,18.02,71000
8527123,1999-10-04,WABC,30.09,31.25,30.0,31.13,18.61,104500
8527124,1999-10-05,WABC,31.38,31.5,30.75,30.94,18.5,77300
8527125,1999-10-06,WABC,30.75,31.56,30.69,31.56,18.88,115700
8527126,1999-10-07,WABC,31.47,31.56,31.31,31.5,18.84,45700
8527127,1999-10-08,WABC,31.44,32.06,31.25,31.88,19.06,48700
8527128,1999-10-11,WABC,31.88,32.38,31.69,31.75,18.99,119200
8527129,1999-10-12,WABC,31.25,31.44,30.75,31.22,18.67,91600
8527130,1999-10-13,WABC,31.22,31.25,30.69,30.81,18.43,30600
8527131,1999-10-14,WABC,30.88,31.38,30.75,31.19,18.65,27800
8527132,1999-10-15,WABC,30.84,30.84,30.19,30.63,18.31,59600
8527133,1999-10-18,WABC,30.75,31.0,30.38,30.94,18.5,34100
8527134,1999-10-19,WABC,30.75,32.5,30.5,31.81,19.02,138400
8527135,1999-10-20,WABC,31.63,32.0,31.56,31.56,18.88,42800
8527136,1999-10-21,WABC,31.25,31.56,31.25,31.38,18.76,38300
8527137,1999-10-22,WABC,31.38,32.63,31.38,32.63,19.51,135400
8527138,1999-10-25,WABC,32.0,32.06,31.75,32.06,19.17,113900
8527139,1999-10-26,WABC,32.06,32.81,32.06,32.5,19.44,186400
8527140,1999-10-27,WABC,32.31,34.38,32.31,34.0,20.33,170300
8527141,1999-10-28,WABC,34.38,35.06,34.19,35.06,20.97,223700
8527142,1999-10-29,WABC,35.0,35.13,34.31,34.44,20.59,130300
8527143,1999-11-01,WABC,34.25,35.06,33.94,33.94,20.3,63500
8527144,1999-11-02,WABC,34.19,34.88,34.19,34.75,20.78,70100
8527145,1999-11-03,WABC,35.0,35.0,34.13,34.56,20.78,57600
8527146,1999-11-04,WABC,34.38,34.94,34.38,34.94,21.0,80000
8527147,1999-11-05,WABC,35.0,35.31,34.88,35.13,21.11,119300
8527148,1999-11-08,WABC,35.03,35.06,34.5,34.75,20.89,44100
8527149,1999-11-09,WABC,34.75,34.75,34.31,34.75,20.89,74500
8527150,1999-11-10,WABC,34.53,34.53,34.13,34.25,20.59,335600
8527151,1999-11-11,WABC,34.13,34.31,33.81,33.81,20.33,43900
8527152,1999-11-12,WABC,34.0,34.44,33.63,34.44,20.7,162300
8527153,1999-11-15,WABC,34.31,34.38,33.81,34.13,20.51,75300
8527154,1999-11-16,WABC,34.25,34.5,33.88,34.13,20.51,112100
8527155,1999-11-17,WABC,33.75,34.13,33.38,33.56,20.18,106600
8527156,1999-11-18,WABC,33.88,34.0,32.88,33.22,19.97,57800
8527157,1999-11-19,WABC,33.28,33.44,32.5,32.94,19.8,206400
8527158,1999-11-22,WABC,32.94,33.0,32.5,32.81,19.72,76100
8527159,1999-11-23,WABC,32.78,32.88,31.63,31.94,19.2,73600
8527160,1999-11-24,WABC,31.97,32.69,31.88,32.69,19.65,124200
8527161,1999-11-26,WABC,32.38,32.75,31.94,32.5,19.54,30300
8527162,1999-11-29,WABC,32.25,32.25,31.5,31.5,18.94,72500
8527163,1999-11-30,WABC,31.5,31.88,31.38,31.44,18.9,100700
8527164,1999-12-01,WABC,31.5,32.0,31.25,31.88,19.16,38000
8527165,1999-12-02,WABC,32.13,32.13,31.5,31.5,18.94,117300
8527166,1999-12-03,WABC,31.5,32.0,31.38,31.63,19.01,181000
8527167,1999-12-06,WABC,31.38,31.38,30.75,30.88,18.56,120100
8527168,1999-12-07,WABC,30.75,30.88,30.0,30.19,18.15,193500
8527169,1999-12-08,WABC,29.88,30.19,29.5,29.5,17.73,230000
8527170,1999-12-09,WABC,29.38,29.81,28.5,28.56,17.17,187000
8527171,1999-12-10,WABC,28.63,29.17,28.5,28.81,17.32,243300
8527172,1999-12-13,WABC,28.69,29.0,27.88,28.0,16.83,175300
8527173,1999-12-14,WABC,27.75,27.75,27.25,27.25,16.38,185700
8527174,1999-12-15,WABC,27.25,27.75,27.13,27.63,16.61,102300
8527175,1999-12-16,WABC,27.5,27.59,26.38,26.88,16.16,146400
8527176,1999-12-17,WABC,26.63,27.63,26.5,27.25,16.38,286400
8527177,1999-12-20,WABC,27.25,27.38,26.69,26.69,16.04,125000
8527178,1999-12-21,WABC,26.88,27.06,26.69,27.06,16.27,108300
8527179,1999-12-22,WABC,27.06,27.06,26.44,26.63,16.01,71700
8527180,1999-12-23,WABC,26.88,27.38,26.81,27.22,16.36,126600
8527181,1999-12-27,WABC,27.06,27.69,27.06,27.63,16.61,235000
8527182,1999-12-28,WABC,27.69,27.69,27.0,27.09,16.29,95600
8527183,1999-12-29,WABC,27.13,27.5,27.0,27.38,16.46,51200
8527184,1999-12-30,WABC,27.31,27.88,27.13,27.59,16.59,64200
8527185,1999-12-31,WABC,27.22,28.0,27.19,27.94,16.79,39900
8527186,2000-01-03,WABC,27.75,27.75,25.13,25.69,15.44,145600
8527187,2000-01-04,WABC,24.75,25.5,24.38,25.25,15.18,142400
8527188,2000-01-05,WABC,25.5,26.06,25.13,26.06,15.67,146900
8527189,2000-01-06,WABC,25.75,26.63,25.5,26.13,15.7,383700
8527190,2000-01-07,WABC,26.31,26.63,26.13,26.5,15.93,138900
8527191,2000-01-10,WABC,26.13,26.63,24.75,24.81,14.92,140400
8527192,2000-01-11,WABC,24.88,25.44,24.5,24.69,14.84,72300
8527193,2000-01-12,WABC,24.38,24.88,24.31,24.56,14.77,124900
8527194,2000-01-13,WABC,24.78,25.56,24.78,25.5,15.33,109900
8527195,2000-01-14,WABC,25.38,27.13,25.38,26.5,15.93,154800
8527196,2000-01-18,WABC,26.38,26.5,25.69,26.41,15.87,78700
8527197,2000-01-19,WABC,26.06,26.44,25.5,25.94,15.59,71600
8527198,2000-01-20,WABC,25.56,25.75,24.88,25.0,15.03,69900
8527199,2000-01-21,WABC,25.22,25.38,24.75,24.81,14.92,241500
8527200,2000-01-24,WABC,24.75,25.0,23.38,23.5,14.13,159000
8527201,2000-01-25,WABC,23.69,24.88,23.13,24.81,14.92,157700
8527202,2000-01-26,WABC,25.0,25.38,24.75,24.88,14.95,340300
8527203,2000-01-27,WABC,25.0,25.5,24.88,25.31,15.22,412200
8527204,2000-01-28,WABC,25.19,25.25,24.0,24.19,14.54,184800
8527205,2000-01-31,WABC,24.5,25.31,24.13,25.25,15.18,177500
8527206,2000-02-01,WABC,25.19,25.31,24.38,24.75,14.88,177400
8527207,2000-02-02,WABC,24.88,24.88,24.13,24.41,14.78,246000
8527208,2000-02-03,WABC,24.5,25.13,24.38,25.0,15.14,208900
8527209,2000-02-04,WABC,25.0,25.0,24.56,24.69,14.95,128600
8527210,2000-02-07,WABC,24.63,24.81,23.75,23.88,14.46,61000
8527211,2000-02-08,WABC,24.19,24.81,24.06,24.5,14.84,221600
8527212,2000-02-09,WABC,24.72,24.94,24.38,24.94,15.1,252700
8527213,2000-02-10,WABC,24.63,24.88,24.25,24.56,14.87,108400
8527214,2000-02-11,WABC,24.31,24.63,23.63,23.63,14.31,72000
8527215,2000-02-14,WABC,23.75,23.94,23.5,23.94,14.5,77900
8527216,2000-02-15,WABC,23.75,24.38,23.25,24.0,14.53,135400
8527217,2000-02-16,WABC,24.19,24.19,23.38,24.06,14.57,90400
8527218,2000-02-17,WABC,23.94,24.06,23.75,24.06,14.57,118300
8527219,2000-02-18,WABC,24.06,24.06,23.25,23.25,14.08,227300
8527220,2000-02-22,WABC,23.56,23.88,23.13,23.5,14.23,132800
8527221,2000-02-23,WABC,23.53,23.69,23.13,23.38,14.15,96200
8527222,2000-02-24,WABC,23.13,23.13,21.94,22.75,13.78,107900
8527223,2000-02-25,WABC,22.81,23.13,22.5,22.75,13.78,68300
8527224,2000-02-28,WABC,22.5,23.25,22.5,22.94,13.89,75200
8527225,2000-02-29,WABC,22.94,23.13,22.5,22.69,13.74,101600
8527226,2000-03-01,WABC,22.69,23.13,22.38,23.03,13.95,113600
8527227,2000-03-02,WABC,22.81,22.81,22.13,22.25,13.47,71500
8527228,2000-03-03,WABC,22.25,22.63,21.94,22.19,13.44,332700
8527229,2000-03-06,WABC,22.06,22.38,21.63,21.88,13.25,139600
8527230,2000-03-07,WABC,21.88,21.94,20.75,21.0,12.72,123000
8527231,2000-03-08,WABC,20.97,21.25,20.75,21.19,12.83,76200
8527232,2000-03-09,WABC,21.0,22.25,21.0,22.19,13.44,90000
8527233,2000-03-10,WABC,22.0,22.38,21.94,22.25,13.47,94200
8527234,2000-03-13,WABC,22.06,22.31,21.25,21.75,13.17,319700
8527235,2000-03-14,WABC,22.25,22.47,21.63,21.81,13.21,95700
8527236,2000-03-15,WABC,21.75,23.0,21.5,22.81,13.81,180100
8527237,2000-03-16,WABC,23.38,25.56,22.88,25.5,15.44,159300
8527238,2000-03-17,WABC,24.69,25.5,24.63,24.94,15.1,134800
8527239,2000-03-20,WABC,24.81,24.88,24.0,24.13,14.61,71700
8527240,2000-03-21,WABC,24.14,25.13,24.13,25.0,15.14,84800
8527241,2000-03-22,WABC,25.13,25.25,24.88,25.0,15.14,97100
8527242,2000-03-23,WABC,25.0,25.31,24.81,25.25,15.29,93800
8527243,2000-03-24,WABC,25.19,25.31,24.38,24.44,14.8,75500
8527244,2000-03-27,WABC,24.88,24.88,23.94,24.19,14.65,60400
8527245,2000-03-28,WABC,24.44,25.5,24.13,25.44,15.4,70300
8527246,2000-03-29,WABC,25.25,25.75,24.5,25.56,15.48,89000
8527247,2000-03-30,WABC,24.88,26.19,24.75,26.13,15.82,90200
8527248,2000-03-31,WABC,26.25,28.38,25.88,27.75,16.8,630800
8527249,2000-04-03,WABC,27.75,28.25,27.27,27.81,16.84,330500
8527250,2000-04-04,WABC,27.88,27.94,26.5,26.94,16.31,159000
8527251,2000-04-05,WABC,27.13,27.31,26.88,26.94,16.31,104500
8527252,2000-04-06,WABC,27.25,27.25,26.44,26.75,16.2,51100
8527253,2000-04-07,WABC,26.88,26.88,26.0,26.06,15.78,53300
8527254,2000-04-10,WABC,26.25,26.5,25.56,25.81,15.63,203700
8527255,2000-04-11,WABC,25.88,26.25,25.88,26.25,15.9,101500
8527256,2000-04-12,WABC,26.0,27.75,26.0,27.0,16.35,188900
8527257,2000-04-13,WABC,27.0,27.19,26.31,27.0,16.35,174300
8527258,2000-04-14,WABC,26.31,26.59,25.5,25.81,15.63,89800
8527259,2000-04-17,WABC,25.81,26.0,25.0,25.25,15.29,166600
8527260,2000-04-18,WABC,25.25,26.0,25.13,25.69,15.55,191300
8527261,2000-04-19,WABC,25.63,26.0,25.63,25.75,15.59,194300
8527262,2000-04-20,WABC,25.75,26.13,25.75,26.06,15.78,354800
8527263,2000-04-24,WABC,25.75,26.0,25.75,25.94,15.71,156100
8527264,2000-04-25,WABC,26.0,26.13,26.0,26.13,15.82,123800
8527265,2000-04-26,WABC,26.13,26.38,26.0,26.19,15.86,170300
8527266,2000-04-27,WABC,26.06,26.16,25.38,25.44,15.4,50500
8527267,2000-04-28,WABC,25.5,25.56,24.75,25.06,15.18,143500
8527268,2000-05-01,WABC,25.06,25.88,25.0,25.5,15.44,140700
8527269,2000-05-02,WABC,25.38,25.38,25.0,25.25,15.29,102800
8527270,2000-05-03,WABC,24.88,25.31,24.5,24.56,14.98,23500
8527271,2000-05-04,WABC,24.38,24.69,24.38,24.44,14.9,71300
8527272,2000-05-05,WABC,24.5,24.5,24.31,24.38,14.87,53400
8527273,2000-05-08,WABC,24.38,25.19,24.38,24.94,15.21,293500
8527274,2000-05-09,WABC,24.88,25.38,24.88,25.19,15.36,113100
8527275,2000-05-10,WABC,25.19,25.19,24.88,24.88,15.17,51800
8527276,2000-05-11,WABC,25.13,25.38,25.06,25.25,15.4,132900
8527277,2000-05-12,WABC,25.13,25.75,25.13,25.5,15.55,130600
8527278,2000-05-15,WABC,25.38,26.0,25.25,26.0,15.86,164300
8527279,2000-05-16,WABC,25.94,26.25,25.88,26.25,16.01,61100
8527280,2000-05-17,WABC,26.19,26.19,25.75,25.94,15.82,42200
8527281,2000-05-18,WABC,25.78,26.5,25.75,26.13,15.93,68600
8527282,2000-05-19,WABC,26.5,26.5,25.38,25.63,15.63,135400
8527283,2000-05-22,WABC,26.0,26.19,25.75,25.75,15.7,29100
8527284,2000-05-23,WABC,25.75,26.75,25.75,26.69,16.28,107700
8527285,2000-05-24,WABC,26.66,27.69,26.63,27.69,16.89,125700
8527286,2000-05-25,WABC,27.69,28.06,27.25,27.94,17.04,155200
8527287,2000-05-26,WABC,27.69,28.25,27.63,27.94,17.04,116100
8527288,2000-05-30,WABC,28.25,28.5,28.06,28.5,17.38,102300
8527289,2000-05-31,WABC,28.41,28.63,28.13,28.56,17.42,126000
8527290,2000-06-01,WABC,28.5,29.13,28.5,29.13,17.76,117100
8527291,2000-06-02,WABC,29.09,30.19,29.09,30.06,18.33,219000
8527292,2000-06-05,WABC,30.0,30.19,29.5,29.56,18.03,276200
8527293,2000-06-06,WABC,29.56,29.75,29.06,29.06,17.72,108800
8527294,2000-06-07,WABC,29.06,29.88,29.06,29.63,18.07,78300
8527295,2000-06-08,WABC,29.38,29.63,29.0,29.5,17.99,49400
8527296,2000-06-09,WABC,29.47,29.56,28.75,28.81,17.57,69100
8527297,2000-06-12,WABC,28.81,29.81,28.81,29.81,18.18,90000
8527298,2000-06-13,WABC,29.63,29.75,28.88,29.13,17.76,174200
8527299,2000-06-14,WABC,28.75,29.19,28.75,29.13,17.76,179000
8527300,2000-06-15,WABC,28.63,29.06,28.38,28.88,17.61,143300
8527301,2000-06-16,WABC,28.81,28.88,26.63,26.63,16.24,282800
8527302,2000-06-19,WABC,26.88,27.81,26.38,27.81,16.96,103600
8527303,2000-06-20,WABC,27.38,28.0,27.38,27.94,17.04,169900
8527304,2000-06-21,WABC,27.72,27.94,27.0,27.13,16.54,231000
8527305,2000-06-22,WABC,27.0,27.38,27.0,27.13,16.54,94700
8527306,2000-06-23,WABC,27.19,28.13,26.94,27.81,16.96,62900
8527307,2000-06-26,WABC,27.91,28.44,27.88,28.44,17.34,72500
8527308,2000-06-27,WABC,28.13,29.5,28.13,29.19,17.8,150000
8527309,2000-06-28,WABC,29.13,29.75,29.06,29.44,17.95,133300
8527310,2000-06-29,WABC,29.44,30.13,29.38,29.88,18.22,367700
8527311,2000-06-30,WABC,30.13,30.13,25.75,26.13,15.93,831500
8527312,2000-07-03,WABC,26.75,28.25,26.75,27.5,16.77,171200
8527313,2000-07-05,WABC,27.38,28.38,26.94,27.81,16.96,335600
8527314,2000-07-06,WABC,27.81,27.94,27.38,27.75,16.92,215300
8527315,2000-07-07,WABC,27.94,28.38,27.38,27.69,16.89,155700
8527316,2000-07-10,WABC,27.38,28.19,27.38,28.13,17.15,71200
8527317,2000-07-11,WABC,28.13,28.25,27.63,28.25,17.23,126100
8527318,2000-07-12,WABC,28.06,29.5,28.06,29.13,17.76,125000
8527319,2000-07-13,WABC,29.13,29.36,28.06,28.06,17.11,178500
8527320,2000-07-14,WABC,28.38,29.63,28.0,29.63,18.07,272300
8527321,2000-07-17,WABC,29.0,29.63,28.81,29.0,17.69,79000
8527322,2000-07-18,WABC,28.94,28.94,28.38,28.38,17.31,139700
8527323,2000-07-19,WABC,28.44,28.75,28.25,28.25,17.23,75500
8527324,2000-07-20,WABC,28.25,29.0,28.19,28.25,17.23,131300
8527325,2000-07-21,WABC,28.22,28.38,27.25,27.5,16.77,181700
8527326,2000-07-24,WABC,27.06,27.69,27.03,27.56,16.81,69900
8527327,2000-07-25,WABC,27.75,27.75,27.31,27.69,16.89,46300
8527328,2000-07-26,WABC,27.69,27.94,27.0,27.0,16.47,112500
8527329,2000-07-27,WABC,27.13,28.44,27.0,28.0,17.08,259500
8527330,2000-07-28,WABC,28.0,28.06,27.31,27.38,16.7,107300
8527331,2000-07-31,WABC,27.31,27.75,27.13,27.75,16.92,78400
8527332,2000-08-01,WABC,27.88,27.88,27.63,27.63,16.85,78100
8527333,2000-08-02,WABC,27.75,27.75,27.44,27.56,16.93,83000
8527334,2000-08-03,WABC,27.5,28.38,27.38,28.31,17.39,124000
8527335,2000-08-04,WABC,28.5,29.06,28.34,29.0,17.81,86800
8527336,2000-08-07,WABC,28.63,29.25,28.5,29.25,17.96,29400
8527337,2000-08-08,WABC,28.75,29.25,28.75,29.19,17.92,51600
8527338,2000-08-09,WABC,29.0,29.25,28.38,28.88,17.73,51400
8527339,2000-08-10,WABC,28.94,29.13,28.69,29.06,17.85,35700
8527340,2000-08-11,WABC,28.94,29.44,28.81,29.25,17.96,32600
8527341,2000-08-14,WABC,29.13,29.69,29.13,29.69,18.23,50700
8527342,2000-08-15,WABC,29.63,29.69,29.31,29.38,18.04,48300
8527343,2000-08-16,WABC,29.5,29.63,29.34,29.38,18.04,57900
8527344,2000-08-17,WABC,29.38,29.94,29.33,29.81,18.31,87800
8527345,2000-08-18,WABC,29.66,30.0,29.44,29.88,18.35,156700
8527346,2000-08-21,WABC,29.94,29.94,29.56,29.69,18.23,50300
8527347,2000-08-22,WABC,29.66,30.31,29.5,29.94,18.38,119300
8527348,2000-08-23,WABC,29.81,30.0,29.5,29.5,18.12,239000
8527349,2000-08-24,WABC,29.5,29.88,29.5,29.63,18.19,53000
8527350,2000-08-25,WABC,29.63,30.13,29.63,29.88,18.35,106600
8527351,2000-08-28,WABC,30.0,30.13,29.84,29.94,18.38,92400
8527352,2000-08-29,WABC,29.91,30.06,29.75,30.0,18.42,251900
8527353,2000-08-30,WABC,29.94,30.13,29.94,30.13,18.5,39500
8527354,2000-08-31,WABC,30.13,30.5,30.13,30.31,18.62,108900
8527355,2000-09-01,WABC,30.31,30.88,30.25,30.88,18.96,129000
8527356,2000-09-05,WABC,30.56,31.06,30.44,31.0,19.04,169100
8527357,2000-09-06,WABC,31.13,31.5,30.94,31.44,19.31,81000
8527358,2000-09-07,WABC,31.5,31.56,31.19,31.38,19.27,70600
8527359,2000-09-08,WABC,31.28,31.75,31.19,31.5,19.34,86700
8527360,2000-09-11,WABC,31.5,32.25,31.44,31.81,19.54,141600
8527361,2000-09-12,WABC,31.69,32.31,31.69,32.25,19.81,108800
8527362,2000-09-13,WABC,32.06,32.44,32.0,32.25,19.81,53800
8527363,2000-09-14,WABC,32.19,33.5,32.19,33.0,20.27,181900
8527364,2000-09-15,WABC,32.41,32.88,32.41,32.75,20.11,223800
8527365,2000-09-18,WABC,32.53,32.53,31.31,31.38,19.27,147500
8527366,2000-09-19,WABC,31.34,32.0,31.31,31.94,19.61,66800
8527367,2000-09-20,WABC,31.88,32.13,31.5,32.0,19.65,113400
8527368,2000-09-21,WABC,31.88,32.0,31.44,31.69,19.46,248000
8527369,2000-09-22,WABC,31.44,31.69,30.88,31.38,19.27,193600
8527370,2000-09-25,WABC,31.31,32.19,31.25,32.06,19.69,52600
8527371,2000-09-26,WABC,31.94,32.44,31.94,32.31,19.84,90300
8527372,2000-09-27,WABC,32.19,32.88,32.19,32.69,20.07,204800
8527373,2000-09-28,WABC,32.66,33.69,32.66,33.56,20.61,317300
8527374,2000-09-29,WABC,33.28,33.69,33.19,33.44,20.53,316400
8527375,2000-10-02,WABC,33.25,33.88,33.19,33.81,20.76,113700
8527376,2000-10-03,WABC,33.75,34.0,33.63,33.88,20.8,142800
8527377,2000-10-04,WABC,33.5,34.38,33.5,34.31,21.07,139700
8527378,2000-10-05,WABC,34.13,35.5,32.63,35.0,21.49,607400
8527379,2000-10-06,WABC,34.83,35.19,34.0,34.06,20.92,163400
8527380,2000-10-09,WABC,34.02,34.06,33.19,33.63,20.65,106700
8527381,2000-10-10,WABC,33.39,33.44,32.56,32.94,20.23,137700
8527382,2000-10-11,WABC,32.56,32.75,31.31,31.81,19.54,160500
8527383,2000-10-12,WABC,31.58,31.94,30.63,30.69,18.85,281000
8527384,2000-10-13,WABC,30.58,32.44,30.58,32.44,19.92,70900
8527385,2000-10-16,WABC,32.13,32.88,31.75,32.48,19.95,76800
8527386,2000-10-17,WABC,32.5,32.63,32.13,32.44,19.92,91000
8527387,2000-10-18,WABC,32.19,33.0,32.13,32.81,20.15,175000
8527388,2000-10-19,WABC,32.81,33.75,32.81,33.7,20.7,79800
8527389,2000-10-20,WABC,33.63,33.73,33.5,33.56,20.61,196500
8527390,2000-10-23,WABC,33.31,33.63,33.31,33.56,20.61,183600
8527391,2000-10-24,WABC,33.5,34.0,33.5,33.69,20.69,63400
8527392,2000-10-25,WABC,33.5,34.73,33.5,33.75,20.73,115300
8527393,2000-10-26,WABC,33.69,34.31,33.13,34.31,21.07,143900
8527394,2000-10-27,WABC,33.88,35.0,33.75,34.94,21.46,60600
8527395,2000-10-30,WABC,34.94,35.88,34.88,35.69,21.92,264500
8527396,2000-10-31,WABC,35.73,36.0,35.5,35.94,22.07,177500
8527397,2000-11-01,WABC,35.38,35.81,35.38,35.75,22.07,145100
8527398,2000-11-02,WABC,35.69,36.06,35.63,35.88,22.15,138400
8527399,2000-11-03,WABC,36.0,36.13,35.38,35.94,22.19,65400
8527400,2000-11-06,WABC,35.98,36.13,35.75,35.81,22.11,24200
8527401,2000-11-07,WABC,35.69,35.75,35.25,35.31,21.8,91000
8527402,2000-11-08,WABC,35.27,36.25,35.25,35.31,21.8,134400
8527403,2000-11-09,WABC,35.13,35.63,34.75,35.19,21.72,281800
8527404,2000-11-10,WABC,35.16,35.16,34.25,34.38,21.22,239400
8527405,2000-11-13,WABC,34.25,34.69,33.06,33.44,20.64,144000
8527406,2000-11-14,WABC,33.69,34.63,33.25,33.31,20.57,138200
8527407,2000-11-15,WABC,33.13,33.5,32.63,33.38,20.6,71600
8527408,2000-11-16,WABC,33.5,33.5,32.75,32.75,20.22,56100
8527409,2000-11-17,WABC,32.63,33.0,32.31,32.31,19.95,334300
8527410,2000-11-20,WABC,32.31,32.31,31.75,32.0,19.76,215100
8527411,2000-11-21,WABC,32.06,32.25,31.81,32.13,19.83,171900
8527412,2000-11-22,WABC,32.13,32.5,31.94,32.38,19.99,108300
8527413,2000-11-24,WABC,32.38,33.0,32.31,33.0,20.37,58100
8527414,2000-11-27,WABC,32.88,33.63,32.63,33.19,20.49,90000
8527415,2000-11-28,WABC,33.19,33.69,32.88,33.5,20.68,101400
8527416,2000-11-29,WABC,33.33,33.81,33.06,33.81,20.88,149800
8527417,2000-11-30,WABC,33.63,34.69,33.56,34.06,21.03,196600
8527418,2000-12-01,WABC,34.25,35.5,34.06,35.5,21.92,186600
8527419,2000-12-04,WABC,35.19,36.0,34.81,35.88,22.15,232100
8527420,2000-12-05,WABC,35.77,36.19,35.63,35.88,22.15,145000
8527421,2000-12-06,WABC,35.89,37.13,35.88,36.63,22.61,150300
8527422,2000-12-07,WABC,36.56,37.5,36.25,36.31,22.42,75900
8527423,2000-12-08,WABC,36.25,38.13,36.13,37.94,23.42,233400
8527424,2000-12-11,WABC,38.23,39.38,37.38,39.19,24.19,232300
8527425,2000-12-12,WABC,39.13,39.19,37.88,38.0,23.46,131000
8527426,2000-12-13,WABC,38.0,38.56,36.75,37.0,22.84,165400
8527427,2000-12-14,WABC,36.63,37.44,35.88,37.06,22.88,173200
8527428,2000-12-15,WABC,36.94,37.5,36.63,37.3,23.03,269300
8527429,2000-12-18,WABC,37.25,38.69,37.25,38.56,23.81,150900
8527430,2000-12-19,WABC,38.45,39.38,38.31,38.69,23.88,136400
8527431,2000-12-20,WABC,38.08,39.5,38.06,39.25,24.23,394600
8527432,2000-12-21,WABC,39.25,40.31,39.19,40.31,24.89,284900
8527433,2000-12-22,WABC,40.38,42.0,40.38,41.63,25.7,174900
8527434,2000-12-26,WABC,41.73,42.75,41.31,42.69,26.35,102200
8527435,2000-12-27,WABC,42.33,43.31,42.33,42.81,26.43,134200
8527436,2000-12-28,WABC,42.88,43.94,42.63,43.75,27.01,181700
8527437,2000-12-29,WABC,43.81,43.81,42.81,43.0,26.55,258500
8527438,2001-01-02,WABC,42.64,42.64,40.25,40.38,24.93,521600
8527439,2001-01-03,WABC,38.56,41.38,38.56,41.38,25.54,369300
8527440,2001-01-04,WABC,41.42,42.38,41.25,42.0,25.93,374800
8527441,2001-01-05,WABC,41.45,41.45,40.19,40.75,25.16,313700
8527442,2001-01-08,WABC,40.0,40.56,39.75,40.13,24.77,179500
8527443,2001-01-09,WABC,40.0,40.5,38.5,39.0,24.08,95300
8527444,2001-01-10,WABC,38.81,40.38,38.5,40.31,24.89,307800
8527445,2001-01-11,WABC,40.19,40.19,39.88,40.13,24.77,56000
8527446,2001-01-12,WABC,40.06,40.06,38.75,39.0,24.08,91400
8527447,2001-01-16,WABC,38.81,39.63,38.81,39.56,24.42,135000
8527448,2001-01-17,WABC,39.25,40.06,39.25,39.69,24.5,94600
8527449,2001-01-18,WABC,39.88,39.88,38.8,38.88,24.0,88500
8527450,2001-01-19,WABC,38.75,38.94,38.25,38.38,23.69,149000
8527451,2001-01-22,WABC,38.19,39.19,38.13,38.94,24.04,179000
8527452,2001-01-23,WABC,38.89,39.38,38.88,39.38,24.31,165500
8527453,2001-01-24,WABC,39.25,39.63,39.19,39.44,24.35,141800
8527454,2001-01-25,WABC,39.38,39.38,38.88,38.88,24.0,809100
8527455,2001-01-26,WABC,39.13,39.56,38.88,39.06,24.12,703600
8527456,2001-01-29,WABC,39.31,39.69,39.19,39.31,24.27,292600
8527457,2001-01-30,WABC,39.25,39.94,39.25,39.69,24.5,379700
8527458,2001-01-31,WABC,39.75,39.81,39.25,39.56,24.54,251300
8527459,2001-02-01,WABC,39.56,39.63,39.19,39.38,24.43,483500
8527460,2001-02-02,WABC,39.25,39.69,38.81,38.81,24.08,164400
8527461,2001-02-05,WABC,38.75,39.63,38.75,39.56,24.54,220200
8527462,2001-02-06,WABC,39.5,39.56,38.88,39.19,24.31,223500
8527463,2001-02-07,WABC,39.06,39.25,38.69,39.25,24.35,305200
8527464,2001-02-08,WABC,39.25,39.56,38.38,38.55,23.91,165700
8527465,2001-02-09,WABC,38.56,39.13,38.44,39.0,24.19,114100
8527466,2001-02-12,WABC,38.81,39.25,38.75,39.13,24.27,163600
8527467,2001-02-13,WABC,39.13,39.5,39.0,39.28,24.37,169300
8527468,2001-02-14,WABC,39.38,39.44,38.86,39.25,24.35,170200
8527469,2001-02-15,WABC,39.19,39.31,38.88,39.0,24.19,100800
8527470,2001-02-16,WABC,38.0,39.19,38.0,38.88,24.12,148300
8527471,2001-02-20,WABC,39.0,39.13,37.63,37.63,23.34,60200
8527472,2001-02-21,WABC,37.94,38.25,37.19,37.31,23.15,98600
8527473,2001-02-22,WABC,37.63,37.63,36.0,36.88,22.88,138100
8527474,2001-02-23,WABC,36.69,38.13,36.69,38.0,23.57,175300
8527475,2001-02-26,WABC,38.0,38.75,37.88,38.56,23.92,126200
8527476,2001-02-27,WABC,38.81,39.0,37.81,38.25,23.73,82700
8527477,2001-02-28,WABC,38.38,38.88,37.34,38.69,24.0,197100
8527478,2001-03-01,WABC,38.58,38.63,37.75,38.5,23.88,240400
8527479,2001-03-02,WABC,38.38,38.63,38.25,38.44,23.84,321400
8527480,2001-03-05,WABC,38.38,38.63,37.81,37.81,23.46,124700
8527481,2001-03-06,WABC,37.63,38.56,37.5,38.5,23.88,96100
8527482,2001-03-07,WABC,38.5,38.81,38.31,38.56,23.92,221800
8527483,2001-03-08,WABC,38.69,38.88,38.69,38.81,24.08,115100
8527484,2001-03-09,WABC,38.81,38.88,38.13,38.13,23.65,132800
8527485,2001-03-12,WABC,38.19,38.25,37.13,37.13,23.03,91200
8527486,2001-03-13,WABC,37.19,38.13,36.75,38.06,23.61,189000
8527487,2001-03-14,WABC,37.69,37.86,36.19,36.25,22.49,166200
8527488,2001-03-15,WABC,36.34,37.0,36.25,36.94,22.91,158100
8527489,2001-03-16,WABC,36.81,36.94,35.88,35.94,22.29,181800
8527490,2001-03-19,WABC,35.5,36.31,35.25,35.75,22.18,443600
8527491,2001-03-20,WABC,36.0,36.5,35.25,35.25,21.87,484700
8527492,2001-03-21,WABC,35.08,35.13,33.81,34.19,21.21,373000
8527493,2001-03-22,WABC,34.25,34.25,33.0,33.94,21.05,236300
8527494,2001-03-23,WABC,34.25,36.25,33.94,35.75,22.18,297100
8527495,2001-03-26,WABC,35.45,35.88,35.31,35.63,22.1,123200
8527496,2001-03-27,WABC,35.81,36.94,35.44,36.31,22.53,110500
8527497,2001-03-28,WABC,36.13,36.56,35.56,36.17,22.44,222500
8527498,2001-03-29,WABC,35.63,36.63,35.38,36.25,22.49,117600
8527499,2001-03-30,WABC,36.38,37.75,36.19,37.75,23.42,350500
8527500,2001-04-02,WABC,37.56,38.75,37.25,37.5,23.26,172200
8527501,2001-04-03,WABC,37.39,37.94,37.19,37.63,23.34,121800
8527502,2001-04-04,WABC,37.63,37.63,35.69,36.06,22.37,165000
8527503,2001-04-05,WABC,36.06,37.88,36.0,37.81,23.46,151200
8527504,2001-04-06,WABC,37.56,37.75,35.81,36.5,22.64,200500
8527505,2001-04-09,WABC,36.75,37.25,36.32,37.24,23.1,74900
8527506,2001-04-10,WABC,37.25,38.25,37.25,38.25,23.73,107900
8527507,2001-04-11,WABC,38.25,38.31,37.73,37.83,23.47,77000
8527508,2001-04-12,WABC,37.75,38.15,37.72,38.15,23.67,49400
8527509,2001-04-16,WABC,37.89,38.02,36.82,36.98,22.94,108800
8527510,2001-04-17,WABC,37.08,37.09,36.57,36.71,22.77,99500
8527511,2001-04-18,WABC,37.1,38.0,36.66,37.0,22.95,161000
8527512,2001-04-19,WABC,36.78,37.49,36.38,37.49,23.26,99000
8527513,2001-04-20,WABC,37.37,37.37,36.42,36.9,22.89,103100
8527514,2001-04-23,WABC,36.65,36.7,35.75,35.83,22.23,146100
8527515,2001-04-24,WABC,36.04,36.05,35.65,35.94,22.3,247500
8527516,2001-04-25,WABC,35.69,36.33,35.45,36.33,22.54,208900
8527517,2001-04-26,WABC,36.33,36.8,36.12,36.68,22.75,100700
8527518,2001-04-27,WABC,36.7,37.7,36.7,37.65,23.36,199400
8527519,2001-04-30,WABC,37.51,37.92,36.57,36.6,22.7,272300
8527520,2001-05-01,WABC,36.6,37.23,36.57,37.03,22.97,175800
8527521,2001-05-02,WABC,36.96,37.22,36.67,37.0,23.08,66200
8527522,2001-05-03,WABC,36.78,37.3,36.42,36.89,23.02,60400
8527523,2001-05-04,WABC,36.77,37.75,36.3,37.7,23.52,114900
8527524,2001-05-07,WABC,37.5,37.73,36.51,36.51,22.78,146400
8527525,2001-05-08,WABC,36.71,36.95,36.44,36.6,22.83,56200
8527526,2001-05-09,WABC,36.5,36.64,36.2,36.35,22.68,85400
8527527,2001-05-10,WABC,36.42,36.5,35.85,35.9,22.4,176200
8527528,2001-05-11,WABC,36.13,36.24,35.85,35.95,22.43,143500
8527529,2001-05-14,WABC,35.95,36.41,35.86,36.16,22.56,91400
8527530,2001-05-15,WABC,36.05,36.82,36.05,36.82,22.97,151500
8527531,2001-05-16,WABC,36.5,37.36,36.14,37.01,23.09,191300
8527532,2001-05-17,WABC,37.08,38.46,36.83,38.43,23.98,608300
8527533,2001-05-18,WABC,38.31,38.4,37.31,37.68,23.51,264000
8527534,2001-05-21,WABC,37.4,38.12,37.4,37.82,23.6,128100
8527535,2001-05-22,WABC,37.61,38.84,37.61,38.62,24.09,99700
8527536,2001-05-23,WABC,38.8,38.8,37.93,38.16,23.81,150800
8527537,2001-05-24,WABC,38.24,38.84,38.15,38.84,24.23,112300
8527538,2001-05-25,WABC,38.55,38.95,38.36,38.84,24.23,70600
8527539,2001-05-29,WABC,38.9,38.9,38.31,38.51,24.03,87200
8527540,2001-05-30,WABC,38.59,38.59,37.98,37.98,23.7,66900
8527541,2001-05-31,WABC,37.95,38.75,37.95,38.2,23.83,123500
8527542,2001-06-01,WABC,38.03,38.99,37.85,38.88,24.26,49600
8527543,2001-06-04,WABC,38.23,38.75,38.2,38.57,24.06,85300
8527544,2001-06-05,WABC,38.31,38.75,38.16,38.75,24.18,201600
8527545,2001-06-06,WABC,38.38,38.52,38.01,38.02,23.72,31900
8527546,2001-06-07,WABC,38.06,38.4,37.9,37.99,23.7,26400
8527547,2001-06-08,WABC,38.06,38.25,37.69,38.25,23.86,42300
8527548,2001-06-11,WABC,37.9,38.3,37.67,37.67,23.5,98600
8527549,2001-06-12,WABC,37.99,38.05,37.6,38.0,23.71,123700
8527550,2001-06-13,WABC,37.96,38.24,37.77,37.8,23.58,56000
8527551,2001-06-14,WABC,37.47,37.55,36.71,37.4,23.33,80300
8527552,2001-06-15,WABC,36.76,37.6,36.7,37.43,23.35,266000
8527553,2001-06-18,WABC,37.49,37.71,37.08,37.2,23.21,92100
8527554,2001-06-19,WABC,37.12,37.85,37.12,37.38,23.32,39000
8527555,2001-06-20,WABC,37.5,38.05,37.32,37.85,23.61,130900
8527556,2001-06-21,WABC,37.71,38.24,37.71,38.18,23.82,111100
8527557,2001-06-22,WABC,38.07,38.17,37.33,37.9,23.65,76200
8527558,2001-06-25,WABC,37.7,37.93,37.18,37.23,23.23,42600
8527559,2001-06-26,WABC,37.59,38.44,36.82,38.31,23.9,118500
8527560,2001-06-27,WABC,38.11,38.97,38.11,38.73,24.16,70700
8527561,2001-06-28,WABC,38.43,39.43,38.43,39.1,24.39,88200
8527562,2001-06-29,WABC,39.1,39.33,38.6,39.25,24.49,83400
8527563,2001-07-02,WABC,39.2,39.2,38.41,38.98,24.32,82900
8527564,2001-07-03,WABC,39.14,39.15,38.65,38.87,24.25,27600
8527565,2001-07-05,WABC,38.63,39.07,38.59,38.6,24.08,41400
8527566,2001-07-06,WABC,38.48,38.5,37.81,37.81,23.59,31800
8527567,2001-07-09,WABC,37.66,37.88,37.27,37.77,23.56,55700
8527568,2001-07-10,WABC,37.38,37.87,36.73,36.95,23.05,83600
8527569,2001-07-11,WABC,36.99,37.32,36.39,36.97,23.06,41200
8527570,2001-07-12,WABC,37.33,38.35,37.1,38.35,23.93,29900
8527571,2001-07-13,WABC,38.05,38.28,37.6,38.24,23.86,50800
8527572,2001-07-16,WABC,38.25,38.3,37.43,37.54,23.42,51100
8527573,2001-07-17,WABC,37.19,38.5,37.19,38.41,23.96,48500
8527574,2001-07-18,WABC,38.18,39.04,37.93,38.59,24.08,108400
8527575,2001-07-19,WABC,39.05,39.05,38.25,38.44,23.98,82800
8527576,2001-07-20,WABC,38.45,38.6,38.2,38.23,23.85,97900
8527577,2001-07-23,WABC,38.6,38.61,38.13,38.15,23.8,51900
8527578,2001-07-24,WABC,38.13,38.45,37.56,37.9,23.65,93900
8527579,2001-07-25,WABC,37.84,37.95,37.3,37.95,23.68,111400
8527580,2001-07-26,WABC,37.62,38.35,37.59,38.28,23.88,71800
8527581,2001-07-27,WABC,38.35,39.36,38.29,39.2,24.46,172000
8527582,2001-07-30,WABC,39.24,39.3,38.79,38.97,24.31,101100
8527583,2001-07-31,WABC,38.99,40.0,38.91,39.45,24.61,126600
8527584,2001-08-01,WABC,39.5,39.76,39.15,39.52,24.79,96600
8527585,2001-08-02,WABC,39.22,39.85,39.2,39.5,24.78,160400
8527586,2001-08-03,WABC,39.5,39.5,38.97,39.17,24.57,43700
8527587,2001-08-06,WABC,39.01,39.75,39.01,39.15,24.56,57300
8527588,2001-08-07,WABC,39.12,39.71,38.87,39.59,24.83,79900
8527589,2001-08-08,WABC,39.44,39.99,39.2,39.55,24.81,80200
8527590,2001-08-09,WABC,39.58,39.8,39.09,39.68,24.89,48800
8527591,2001-08-10,WABC,39.82,40.07,39.38,39.85,24.99,192700
8527592,2001-08-13,WABC,39.99,40.9,39.7,40.65,25.5,131600
8527593,2001-08-14,WABC,40.53,41.3,40.53,40.86,25.63,171200
8527594,2001-08-15,WABC,40.86,41.43,40.47,40.74,25.55,78700
8527595,2001-08-16,WABC,40.66,41.2,40.45,41.2,25.84,66000
8527596,2001-08-17,WABC,41.0,41.0,40.5,40.52,25.42,107500
8527597,2001-08-20,WABC,40.61,41.15,40.41,41.14,25.8,82000
8527598,2001-08-21,WABC,41.24,41.93,41.0,41.67,26.14,193100
8527599,2001-08-22,WABC,41.5,41.65,40.85,41.5,26.03,255800
8527600,2001-08-23,WABC,41.32,41.75,41.19,41.4,25.97,188100
8527601,2001-08-24,WABC,41.28,41.4,41.04,41.4,25.97,178300
8527602,2001-08-27,WABC,41.39,41.39,39.42,39.71,24.91,84800
8527603,2001-08-28,WABC,39.37,39.97,39.0,39.26,24.62,94100
8527604,2001-08-29,WABC,39.26,39.49,38.44,38.8,24.34,199300
8527605,2001-08-30,WABC,38.7,39.2,38.61,38.86,24.37,134800
8527606,2001-08-31,WABC,38.93,39.6,38.84,39.08,24.51,67000
8527607,2001-09-04,WABC,38.85,39.11,38.56,38.66,24.25,115000
8527608,2001-09-05,WABC,38.89,38.95,38.37,38.43,24.1,42500
8527609,2001-09-06,WABC,38.35,38.64,38.01,38.01,23.84,93100
8527610,2001-09-07,WABC,38.01,38.01,36.8,36.99,23.2,84600
8527611,2001-09-10,WABC,37.0,37.2,36.76,37.12,23.28,77500
8527612,2001-09-17,WABC,36.65,36.65,35.36,35.42,22.22,83000
8527613,2001-09-18,WABC,35.77,36.58,35.16,36.55,22.93,94700
8527614,2001-09-19,WABC,36.46,37.47,36.3,37.21,23.34,109200
8527615,2001-09-20,WABC,37.21,37.21,35.22,35.3,22.14,116700
8527616,2001-09-21,WABC,34.79,34.79,33.19,33.94,21.29,442200
8527617,2001-09-24,WABC,34.0,35.18,33.9,34.98,21.94,161600
8527618,2001-09-25,WABC,34.89,36.18,34.72,36.0,22.58,73000
8527619,2001-09-26,WABC,35.68,35.83,34.96,35.3,22.14,120600
8527620,2001-09-27,WABC,35.31,36.1,35.07,35.85,22.49,193100
8527621,2001-09-28,WABC,36.11,36.31,35.61,36.05,22.61,221700
8527622,2001-10-01,WABC,36.0,36.05,34.77,35.36,22.18,168800
8527623,2001-10-02,WABC,35.45,36.57,35.09,36.15,22.67,88000
8527624,2001-10-03,WABC,36.0,37.17,36.0,37.12,23.28,134300
8527625,2001-10-04,WABC,37.12,37.12,35.16,35.16,22.05,94700
8527626,2001-10-05,WABC,35.0,35.02,34.13,34.74,21.79,123600
8527627,2001-10-08,WABC,34.85,34.85,32.15,32.55,20.42,45700
8527628,2001-10-09,WABC,32.85,33.46,31.92,32.77,20.55,110400
8527629,2001-10-10,WABC,32.53,32.94,32.34,32.77,20.55,233900
8527630,2001-10-11,WABC,33.01,34.12,33.01,33.4,20.95,190900
8527631,2001-10-12,WABC,33.33,33.64,32.71,33.35,20.92,98700
8527632,2001-10-15,WABC,33.23,33.84,32.7,33.69,21.13,79600
8527633,2001-10-16,WABC,33.85,34.93,33.55,34.73,21.78,128100
8527634,2001-10-17,WABC,34.88,35.16,34.31,34.41,21.58,98100
8527635,2001-10-18,WABC,34.0,35.09,34.0,34.83,21.85,118100
8527636,2001-10-19,WABC,35.0,35.35,34.67,35.35,22.17,98100
8527637,2001-10-22,WABC,35.35,35.89,35.0,35.89,22.51,127800
8527638,2001-10-23,WABC,35.7,35.99,34.88,35.07,22.0,162700
8527639,2001-10-24,WABC,34.95,35.53,34.95,35.3,22.14,93900
8527640,2001-10-25,WABC,35.25,36.37,34.76,36.37,22.81,60600
8527641,2001-10-26,WABC,36.06,37.3,36.01,37.27,23.38,107500
8527642,2001-10-29,WABC,37.2,37.2,35.72,35.89,22.51,333500
8527643,2001-10-30,WABC,35.91,36.7,35.64,36.61,22.96,143700
8527644,2001-10-31,WABC,36.53,36.96,35.99,36.54,23.05,155700
8527645,2001-11-01,WABC,36.59,37.45,36.54,37.19,23.46,155400
8527646,2001-11-02,WABC,36.96,37.22,36.55,36.91,23.28,143200
8527647,2001-11-05,WABC,36.96,37.19,36.78,36.91,23.28,261700
8527648,2001-11-06,WABC,37.13,37.9,36.75,37.54,23.68,119800
8527649,2001-11-07,WABC,37.61,38.73,37.61,38.52,24.3,297200
8527650,2001-11-08,WABC,38.66,38.92,38.23,38.69,24.41,152900
8527651,2001-11-09,WABC,38.6,38.6,38.16,38.35,24.19,122400
8527652,2001-11-12,WABC,38.55,38.94,37.78,38.8,24.48,53400
8527653,2001-11-13,WABC,38.61,39.03,38.17,38.38,24.21,128100
8527654,2001-11-14,WABC,38.39,38.94,38.37,38.94,24.56,123400
8527655,2001-11-15,WABC,38.94,39.25,38.45,38.87,24.52,101200
8527656,2001-11-16,WABC,38.87,39.1,38.77,39.04,24.63,240000
8527657,2001-11-19,WABC,38.76,39.5,38.55,38.99,24.6,126500
8527658,2001-11-20,WABC,39.03,39.25,38.58,38.69,24.41,217300
8527659,2001-11-21,WABC,38.77,38.85,38.19,38.6,24.35,42600
8527660,2001-11-23,WABC,38.35,39.56,38.35,39.11,24.67,28500
8527661,2001-11-26,WABC,39.02,39.72,38.56,39.72,25.06,82000
8527662,2001-11-27,WABC,39.5,39.84,38.95,39.0,24.6,82900
8527663,2001-11-28,WABC,39.31,39.31,38.48,38.75,24.45,172700
8527664,2001-11-29,WABC,38.76,39.89,38.54,39.85,25.14,91800
8527665,2001-11-30,WABC,39.57,39.84,38.98,38.99,24.6,131800
8527666,2001-12-03,WABC,38.95,38.96,37.85,38.59,24.34,161900
8527667,2001-12-04,WABC,38.34,39.65,38.3,39.41,24.86,71400
8527668,2001-12-05,WABC,39.2,40.0,39.2,39.99,25.23,43400
8527669,2001-12-06,WABC,39.77,40.0,39.17,39.86,25.15,55800
8527670,2001-12-07,WABC,40.0,40.4,39.76,40.4,25.49,71900
8527671,2001-12-10,WABC,39.99,40.09,39.5,39.51,24.92,63300
8527672,2001-12-11,WABC,39.47,39.61,38.94,39.03,24.62,159500
8527673,2001-12-12,WABC,39.01,39.28,38.82,38.96,24.58,361000
8527674,2001-12-13,WABC,38.82,38.83,38.16,38.17,24.08,167800
8527675,2001-12-14,WABC,38.18,38.31,38.08,38.12,24.05,161200
8527676,2001-12-17,WABC,38.05,38.66,38.05,38.56,24.33,259000
8527677,2001-12-18,WABC,38.66,38.68,38.26,38.68,24.4,108000
8527678,2001-12-19,WABC,38.1,38.58,38.1,38.58,24.34,228800
8527679,2001-12-20,WABC,38.31,39.47,38.26,39.17,24.71,177300
8527680,2001-12-21,WABC,39.1,39.69,38.61,39.44,24.88,310300
8527681,2001-12-24,WABC,39.53,39.86,39.29,39.69,25.04,52000
8527682,2001-12-26,WABC,39.69,40.0,39.55,40.0,25.23,54700
8527683,2001-12-27,WABC,40.01,40.01,39.5,39.92,25.18,86100
8527684,2001-12-28,WABC,39.71,39.94,39.42,39.8,25.11,71600
8527685,2001-12-31,WABC,39.5,40.1,39.28,39.57,24.96,96600
8527686,2002-01-02,WABC,39.94,39.94,38.2,39.08,24.65,155300
8527687,2002-01-03,WABC,39.07,39.79,38.62,39.78,25.09,118200
8527688,2002-01-04,WABC,39.62,40.02,38.99,39.1,24.67,109100
8527689,2002-01-07,WABC,39.18,39.8,38.82,38.94,24.56,425900
8527690,2002-01-08,WABC,39.0,39.1,38.6,38.76,24.45,90900
8527691,2002-01-09,WABC,38.97,39.56,38.29,38.4,24.22,204800
8527692,2002-01-10,WABC,38.25,39.2,38.25,39.0,24.6,86000
8527693,2002-01-11,WABC,39.05,39.12,38.2,38.24,24.12,48100
8527694,2002-01-14,WABC,36.0,38.0,36.0,37.46,23.63,104200
8527695,2002-01-15,WABC,37.3,38.79,37.3,38.78,24.46,55600
8527696,2002-01-16,WABC,38.06,39.22,37.83,38.56,24.33,129400
8527697,2002-01-17,WABC,38.71,39.08,38.47,39.06,24.64,65700
8527698,2002-01-18,WABC,38.84,39.18,37.83,37.88,23.9,60400
8527699,2002-01-22,WABC,37.92,38.43,37.9,38.15,24.07,52200
8527700,2002-01-23,WABC,38.21,39.4,38.08,39.31,24.8,79300
8527701,2002-01-24,WABC,39.28,39.98,39.1,39.62,24.99,89900
8527702,2002-01-25,WABC,39.61,39.82,39.25,39.69,25.04,63000
8527703,2002-01-28,WABC,39.53,39.58,39.35,39.54,24.94,89700
8527704,2002-01-29,WABC,39.4,39.95,38.67,39.02,24.62,130900
8527705,2002-01-30,WABC,39.02,39.47,38.15,39.46,25.03,221700
8527706,2002-01-31,WABC,39.37,39.9,39.37,39.75,25.22,100800
8527707,2002-02-01,WABC,39.6,39.84,39.6,39.74,25.21,87200
8527708,2002-02-04,WABC,39.68,39.82,39.15,39.22,24.88,257300
8527709,2002-02-05,WABC,39.1,39.67,39.1,39.67,25.17,141600
8527710,2002-02-06,WABC,39.4,39.68,39.25,39.51,25.07,100500
8527711,2002-02-07,WABC,39.4,39.97,39.3,39.41,25.0,82400
8527712,2002-02-08,WABC,39.33,40.05,39.33,40.0,25.38,268700
8527713,2002-02-11,WABC,39.92,40.0,39.7,39.99,25.37,43000
8527714,2002-02-12,WABC,39.9,40.02,39.71,39.75,25.22,47300
8527715,2002-02-13,WABC,39.72,40.05,39.66,40.05,25.41,48300
8527716,2002-02-14,WABC,40.07,40.47,39.61,40.22,25.52,82600
8527717,2002-02-15,WABC,40.3,40.75,39.89,40.34,25.59,108600
8527718,2002-02-19,WABC,40.28,40.45,39.98,40.14,25.47,99200
8527719,2002-02-20,WABC,40.15,40.89,40.1,40.88,25.94,217300
8527720,2002-02-21,WABC,40.88,40.91,40.15,40.19,25.5,94700
8527721,2002-02-22,WABC,40.22,40.69,40.12,40.69,25.81,107000
8527722,2002-02-25,WABC,40.57,41.42,40.47,41.42,26.28,131300
8527723,2002-02-26,WABC,41.25,41.33,40.75,41.04,26.04,82000
8527724,2002-02-27,WABC,41.14,41.42,40.81,41.15,26.11,150600
8527725,2002-02-28,WABC,40.99,41.3,40.8,41.13,26.09,158500
8527726,2002-03-01,WABC,41.13,42.0,40.49,41.9,26.58,252400
8527727,2002-03-04,WABC,41.97,43.0,41.73,42.87,27.2,224800
8527728,2002-03-05,WABC,42.95,43.55,42.72,42.98,27.27,340600
8527729,2002-03-06,WABC,42.98,43.0,42.62,42.96,27.25,88600
8527730,2002-03-07,WABC,42.99,43.05,42.3,42.34,26.86,105500
8527731,2002-03-08,WABC,42.32,42.82,42.24,42.25,26.8,205100
8527732,2002-03-11,WABC,42.62,42.95,42.49,42.8,27.15,215400
8527733,2002-03-12,WABC,42.91,42.91,42.42,42.42,26.91,258400
8527734,2002-03-13,WABC,42.64,43.31,42.4,42.4,26.9,167900
8527735,2002-03-14,WABC,42.49,42.77,42.34,42.76,27.13,82600
8527736,2002-03-15,WABC,42.27,43.59,42.15,43.42,27.55,245000
8527737,2002-03-18,WABC,43.25,43.65,42.79,43.5,27.6,187500
8527738,2002-03-19,WABC,43.4,43.65,43.01,43.22,27.42,82700
8527739,2002-03-20,WABC,43.16,43.16,42.35,42.35,26.87,135900
8527740,2002-03-21,WABC,42.34,42.59,41.74,42.56,27.0,77500
8527741,2002-03-22,WABC,42.37,42.83,42.1,42.63,27.05,90900
8527742,2002-03-25,WABC,42.63,42.63,41.58,41.81,26.53,76000
8527743,2002-03-26,WABC,41.63,42.95,41.63,42.84,27.18,96300
8527744,2002-03-27,WABC,42.78,43.4,42.77,43.17,27.39,172900
8527745,2002-03-28,WABC,43.15,43.17,42.75,42.75,27.12,67400
8527746,2002-04-01,WABC,42.8,42.8,41.6,42.17,26.75,117400
8527747,2002-04-02,WABC,42.21,42.75,42.21,42.34,26.86,232000
8527748,2002-04-03,WABC,42.4,42.4,41.86,41.94,26.61,162000
8527749,2002-04-04,WABC,41.99,42.3,41.91,42.17,26.75,116900
8527750,2002-04-05,WABC,42.3,42.9,42.29,42.6,27.03,97900
8527751,2002-04-08,WABC,42.8,43.1,42.45,42.95,27.25,98500
8527752,2002-04-09,WABC,43.14,43.43,43.0,43.16,27.38,80400
8527753,2002-04-10,WABC,43.22,43.95,43.03,43.94,27.88,109200
8527754,2002-04-11,WABC,43.95,44.08,43.3,43.43,27.55,96100
8527755,2002-04-12,WABC,43.51,44.65,43.48,44.64,28.32,111500
8527756,2002-04-15,WABC,44.46,44.8,44.05,44.58,28.28,164200
8527757,2002-04-16,WABC,44.64,44.95,44.42,44.93,28.5,141000
8527758,2002-04-17,WABC,44.67,44.95,43.82,44.54,28.26,235000
8527759,2002-04-18,WABC,44.53,44.6,44.0,44.34,28.13,342200
8527760,2002-04-19,WABC,44.48,44.82,44.11,44.58,28.28,90800
8527761,2002-04-22,WABC,44.69,44.69,44.02,44.02,27.93,175600
8527762,2002-04-23,WABC,44.03,44.24,43.63,43.67,27.71,75100
8527763,2002-04-24,WABC,43.75,44.59,43.75,43.89,27.84,114400
8527764,2002-04-25,WABC,43.8,44.46,43.63,44.39,28.16,61400
8527765,2002-04-26,WABC,44.33,44.47,43.65,43.65,27.69,76200
8527766,2002-04-29,WABC,43.81,43.98,43.04,43.34,27.5,102500
8527767,2002-04-30,WABC,43.52,44.35,43.0,44.25,28.07,147600
8527768,2002-05-01,WABC,44.19,44.57,43.51,44.55,28.4,116100
8527769,2002-05-02,WABC,44.31,45.38,44.3,45.23,28.84,152400
8527770,2002-05-03,WABC,45.1,45.57,44.62,45.17,28.8,103400
8527771,2002-05-06,WABC,45.38,45.48,44.89,44.95,28.66,124200
8527772,2002-05-07,WABC,45.14,45.45,45.04,45.1,28.76,99600
8527773,2002-05-08,WABC,45.3,45.32,44.71,44.88,28.61,248900
8527774,2002-05-09,WABC,44.96,45.25,44.16,44.16,28.16,109700
8527775,2002-05-10,WABC,44.13,44.19,43.49,43.68,27.85,72400
8527776,2002-05-13,WABC,43.92,44.4,43.74,44.2,28.18,96000
8527777,2002-05-14,WABC,44.23,45.57,44.1,45.44,28.97,117600
8527778,2002-05-15,WABC,45.55,45.72,44.99,45.47,28.99,99200
8527779,2002-05-16,WABC,45.49,45.49,44.94,45.21,28.83,75100
8527780,2002-05-17,WABC,45.43,45.77,44.95,45.67,29.12,149200
8527781,2002-05-20,WABC,45.78,45.78,44.59,44.69,28.49,70700
8527782,2002-05-21,WABC,44.96,45.14,44.5,44.62,28.45,98100
8527783,2002-05-22,WABC,44.61,44.7,43.98,44.25,28.21,49700
8527784,2002-05-23,WABC,44.24,45.35,44.16,45.35,28.91,108200
8527785,2002-05-24,WABC,44.97,45.6,44.74,44.77,28.54,114400
8527786,2002-05-28,WABC,44.77,44.77,43.96,43.98,28.04,71600
8527787,2002-05-29,WABC,43.97,44.45,43.5,43.54,27.76,67300
8527788,2002-05-30,WABC,43.18,44.84,43.15,44.38,28.3,184100
8527789,2002-05-31,WABC,44.39,44.92,44.1,44.48,28.36,150400
8527790,2002-06-03,WABC,44.35,44.52,43.31,43.64,27.82,128300
8527791,2002-06-04,WABC,43.3,43.99,42.44,43.05,27.45,117000
8527792,2002-06-05,WABC,43.04,43.45,42.76,42.99,27.41,57700
8527793,2002-06-06,WABC,43.24,43.24,41.65,41.65,26.56,149400
8527794,2002-06-07,WABC,40.85,42.43,39.54,42.05,26.81,165200
8527795,2002-06-10,WABC,41.89,42.64,41.78,42.33,26.99,89100
8527796,2002-06-11,WABC,42.11,42.59,42.03,42.23,26.93,106600
8527797,2002-06-12,WABC,42.3,42.53,41.52,42.22,26.92,86400
8527798,2002-06-13,WABC,41.58,42.21,41.22,41.22,26.28,94700
8527799,2002-06-14,WABC,41.16,42.1,40.68,42.09,26.84,144500
8527800,2002-06-17,WABC,41.84,43.07,41.84,42.95,27.38,93300
8527801,2002-06-18,WABC,42.94,43.36,42.84,42.92,27.37,89300
8527802,2002-06-19,WABC,42.91,43.24,42.1,42.11,26.85,120900
8527803,2002-06-20,WABC,42.12,42.24,41.59,41.63,26.54,161900
8527804,2002-06-21,WABC,42.24,42.25,40.49,41.18,26.26,300400
8527805,2002-06-24,WABC,41.27,41.59,40.77,40.92,26.09,177800
8527806,2002-06-25,WABC,41.07,41.2,40.83,40.91,26.08,261300
8527807,2002-06-26,WABC,40.79,40.95,39.47,40.02,25.52,273500
8527808,2002-06-27,WABC,39.92,40.55,39.57,40.2,25.63,414400
8527809,2002-06-28,WABC,40.1,41.02,39.14,39.18,24.98,838600
8527810,2002-07-01,WABC,39.32,40.75,39.32,40.05,25.54,235200
8527811,2002-07-02,WABC,40.0,40.68,39.95,40.06,25.54,175700
8527812,2002-07-03,WABC,40.05,40.14,39.56,40.0,25.5,234000
8527813,2002-07-05,WABC,40.12,40.77,39.86,40.76,25.99,82900
8527814,2002-07-08,WABC,40.76,40.76,40.25,40.32,25.71,99300
8527815,2002-07-09,WABC,40.46,40.6,40.0,40.01,25.51,123000
8527816,2002-07-10,WABC,40.0,40.3,38.86,38.97,24.85,150900
8527817,2002-07-11,WABC,38.8,39.14,37.5,38.66,24.65,168900
8527818,2002-07-12,WABC,38.78,38.95,38.24,38.73,24.69,134400
8527819,2002-07-15,WABC,38.56,38.56,37.33,38.43,24.5,122400
8527820,2002-07-16,WABC,37.68,38.49,37.68,38.41,24.49,110200
8527821,2002-07-17,WABC,38.6,39.22,38.2,38.65,24.64,196800
8527822,2002-07-18,WABC,38.54,39.1,38.06,38.45,24.52,321600
8527823,2002-07-19,WABC,38.34,38.34,37.19,37.7,24.04,175200
8527824,2002-07-22,WABC,37.55,37.99,36.79,37.01,23.6,184800
8527825,2002-07-23,WABC,36.75,37.05,35.29,35.57,22.68,402600
8527826,2002-07-24,WABC,35.21,37.49,34.5,37.41,23.85,207100
8527827,2002-07-25,WABC,37.19,38.25,36.79,37.79,24.09,152300
8527828,2002-07-26,WABC,37.87,38.28,37.5,38.04,24.25,107000
8527829,2002-07-29,WABC,37.81,40.05,37.81,39.94,25.47,115000
8527830,2002-07-30,WABC,40.0,40.11,38.87,39.29,25.05,237900
8527831,2002-07-31,WABC,39.25,39.53,38.87,39.06,25.04,292500
8527832,2002-08-01,WABC,38.85,39.14,38.11,38.13,24.45,110000
8527833,2002-08-02,WABC,38.23,38.86,37.4,37.68,24.16,144000
8527834,2002-08-05,WABC,37.58,37.69,36.8,36.81,23.6,59500
8527835,2002-08-06,WABC,37.07,38.98,36.9,38.26,24.53,112000
8527836,2002-08-07,WABC,38.52,38.97,37.89,38.54,24.71,118000
8527837,2002-08-08,WABC,38.7,39.85,38.04,39.76,25.49,141100
8527838,2002-08-09,WABC,39.64,40.27,39.22,40.0,25.65,104000
8527839,2002-08-12,WABC,40.0,40.61,39.25,40.39,25.9,146700
8527840,2002-08-13,WABC,40.38,40.64,39.88,39.95,25.62,207600
8527841,2002-08-14,WABC,39.9,41.08,39.6,41.04,26.31,324400
8527842,2002-08-15,WABC,41.09,41.71,40.94,41.6,26.67,114200
8527843,2002-08-16,WABC,41.6,41.72,40.99,41.61,26.68,125600
8527844,2002-08-19,WABC,41.74,42.42,41.39,42.24,27.08,82200
8527845,2002-08-20,WABC,42.25,42.26,41.15,41.67,26.72,73000
8527846,2002-08-21,WABC,41.88,42.42,41.54,42.18,27.04,77600
8527847,2002-08-22,WABC,42.23,42.28,41.63,41.8,26.8,64000
8527848,2002-08-23,WABC,41.78,42.03,41.12,41.3,26.48,87200
8527849,2002-08-26,WABC,41.29,42.15,41.1,42.15,27.03,62700
8527850,2002-08-27,WABC,42.24,42.44,41.55,41.55,26.64,107600
8527851,2002-08-28,WABC,41.55,41.66,41.15,41.21,26.42,62500
8527852,2002-08-29,WABC,41.12,41.97,41.05,41.8,26.8,63500
8527853,2002-08-30,WABC,41.53,42.26,41.43,41.72,26.75,51700
8527854,2002-09-03,WABC,41.63,41.63,40.4,40.7,26.1,99800
8527855,2002-09-04,WABC,40.82,41.42,40.18,41.4,26.54,63100
8527856,2002-09-05,WABC,40.55,41.36,40.36,40.94,26.25,88600
8527857,2002-09-06,WABC,41.27,42.89,41.09,42.25,27.09,116000
8527858,2002-09-09,WABC,42.19,42.82,41.35,42.54,27.28,84900
8527859,2002-09-10,WABC,42.69,42.7,41.79,42.27,27.1,83100
8527860,2002-09-11,WABC,42.15,42.6,41.54,42.03,26.95,55900
8527861,2002-09-12,WABC,41.94,41.94,40.76,40.76,26.13,75200
8527862,2002-09-13,WABC,40.73,41.43,40.6,41.32,26.49,45000
8527863,2002-09-16,WABC,41.25,41.25,40.73,40.74,26.12,48700
8527864,2002-09-17,WABC,40.93,41.12,40.26,40.26,25.81,79600
8527865,2002-09-18,WABC,40.25,40.33,39.65,40.01,25.65,169900
8527866,2002-09-19,WABC,39.9,40.02,39.5,39.6,25.39,142900
8527867,2002-09-20,WABC,40.25,40.26,39.56,39.9,25.58,186600
8527868,2002-09-23,WABC,39.9,40.05,39.36,39.78,25.51,103800
8527869,2002-09-24,WABC,39.5,40.0,39.05,39.13,25.09,97300
8527870,2002-09-25,WABC,39.15,40.39,39.01,40.26,25.81,97300
8527871,2002-09-26,WABC,40.35,41.06,40.05,40.96,26.26,75100
8527872,2002-09-27,WABC,40.84,41.5,40.38,40.6,26.03,139800
8527873,2002-09-30,WABC,40.38,40.47,39.31,40.28,25.83,218000
8527874,2002-10-01,WABC,40.41,41.52,39.94,41.52,26.62,122400
8527875,2002-10-02,WABC,41.42,41.42,39.67,40.46,25.94,245800
8527876,2002-10-03,WABC,40.43,40.43,38.64,38.64,24.78,176600
8527877,2002-10-04,WABC,38.85,38.96,37.49,37.63,24.13,300600
8527878,2002-10-07,WABC,37.7,37.7,35.66,35.8,22.95,218500
8527879,2002-10-08,WABC,36.01,38.02,35.91,37.81,24.24,211000
8527880,2002-10-09,WABC,37.67,37.67,36.22,36.49,23.4,79600
8527881,2002-10-10,WABC,36.21,38.79,36.15,38.72,24.83,125300
8527882,2002-10-11,WABC,38.8,40.39,38.8,40.0,25.65,150900
8527883,2002-10-14,WABC,40.0,40.83,39.64,40.4,25.9,97600
8527884,2002-10-15,WABC,40.65,42.0,40.34,41.8,26.8,123900
8527885,2002-10-16,WABC,41.75,41.85,40.26,40.79,26.15,68300
8527886,2002-10-17,WABC,40.74,41.7,40.74,41.68,26.72,140100
8527887,2002-10-18,WABC,41.52,42.23,41.22,41.7,26.74,118800
8527888,2002-10-21,WABC,41.68,42.1,41.05,42.03,26.95,99100
8527889,2002-10-22,WABC,42.03,42.1,41.28,41.67,26.72,47600
8527890,2002-10-23,WABC,41.88,42.68,41.2,42.68,27.37,107900
8527891,2002-10-24,WABC,42.55,42.55,41.78,41.82,26.81,115600
8527892,2002-10-25,WABC,41.75,43.47,41.39,43.15,27.67,127000
8527893,2002-10-28,WABC,43.29,43.29,42.6,42.83,27.46,99800
8527894,2002-10-29,WABC,42.65,42.93,41.79,42.37,27.17,96400
8527895,2002-10-30,WABC,42.23,42.5,41.88,42.27,27.26,81700
8527896,2002-10-31,WABC,42.41,42.85,42.0,42.48,27.39,106800
8527897,2002-11-01,WABC,42.29,43.59,42.03,43.35,27.95,123700
8527898,2002-11-04,WABC,43.59,43.59,42.52,42.7,27.53,114800
8527899,2002-11-05,WABC,42.5,42.82,41.93,42.23,27.23,125200
8527900,2002-11-06,WABC,42.05,42.14,41.28,41.48,26.75,131800
8527901,2002-11-07,WABC,41.45,41.45,39.64,39.87,25.71,230300
8527902,2002-11-08,WABC,39.75,40.1,39.4,39.84,25.69,141600
8527903,2002-11-11,WABC,39.91,40.2,39.45,39.45,25.44,107000
8527904,2002-11-12,WABC,39.36,40.92,39.36,40.2,25.92,192900
8527905,2002-11-13,WABC,39.98,40.88,39.75,40.2,25.92,72800
8527906,2002-11-14,WABC,40.49,41.08,40.47,41.07,26.48,67700
8527907,2002-11-15,WABC,41.08,41.64,40.35,41.61,26.83,130200
8527908,2002-11-18,WABC,41.75,41.75,40.65,40.72,26.26,52100
8527909,2002-11-19,WABC,40.3,40.65,39.75,39.8,25.66,91700
8527910,2002-11-20,WABC,39.92,40.4,39.64,40.33,26.01,170700
8527911,2002-11-21,WABC,40.13,41.25,40.13,41.2,26.57,124800
8527912,2002-11-22,WABC,41.02,41.42,40.74,41.05,26.47,114800
8527913,2002-11-25,WABC,40.96,41.5,40.7,41.14,26.53,53400
8527914,2002-11-26,WABC,40.85,41.1,40.26,40.49,26.11,77100
8527915,2002-11-27,WABC,40.64,41.37,40.64,41.24,26.59,105500
8527916,2002-11-29,WABC,41.28,41.29,40.75,41.09,26.5,30300
8527917,2002-12-02,WABC,41.18,41.34,40.68,41.07,26.48,60300
8527918,2002-12-03,WABC,40.95,41.03,40.73,40.85,26.34,77100
8527919,2002-12-04,WABC,40.66,41.04,40.27,40.91,26.38,48000
8527920,2002-12-05,WABC,40.89,40.9,40.16,40.43,26.07,45300
8527921,2002-12-06,WABC,40.2,40.66,40.05,40.63,26.2,64900
8527922,2002-12-09,WABC,40.31,40.31,39.5,39.52,25.48,103500
8527923,2002-12-10,WABC,39.75,40.03,39.38,39.95,25.76,55200
8527924,2002-12-11,WABC,39.29,39.97,39.28,39.92,25.74,120600
8527925,2002-12-12,WABC,39.62,40.03,39.5,39.76,25.64,40900
8527926,2002-12-13,WABC,39.77,40.12,39.43,39.78,25.65,45200
8527927,2002-12-16,WABC,39.75,40.39,39.75,40.35,26.02,65600
8527928,2002-12-17,WABC,40.47,40.48,39.97,39.98,25.78,55700
8527929,2002-12-18,WABC,39.64,40.0,39.05,39.63,25.55,124900
8527930,2002-12-19,WABC,39.51,40.11,39.43,39.9,25.73,126200
8527931,2002-12-20,WABC,40.1,40.11,39.71,40.05,25.83,105400
8527932,2002-12-23,WABC,40.09,40.09,39.59,39.75,25.63,50800
8527933,2002-12-24,WABC,39.57,39.78,39.57,39.59,25.53,8800
8527934,2002-12-26,WABC,39.57,40.19,39.57,40.12,25.87,39500
8527935,2002-12-27,WABC,39.66,40.06,39.66,39.76,25.64,42900
8527936,2002-12-30,WABC,40.05,40.14,39.9,40.04,25.82,48000
8527937,2002-12-31,WABC,40.16,40.34,39.82,40.18,25.91,103500
8527938,2003-01-02,WABC,40.26,40.85,39.94,40.63,26.2,103800
8527939,2003-01-03,WABC,40.62,40.62,40.27,40.58,26.17,49500
8527940,2003-01-06,WABC,40.51,41.94,40.31,41.48,26.75,109900
8527941,2003-01-07,WABC,41.35,41.74,41.05,41.15,26.53,64100
8527942,2003-01-08,WABC,41.25,41.26,40.42,40.53,26.14,30900
8527943,2003-01-09,WABC,40.5,41.21,40.5,41.0,26.44,42700
8527944,2003-01-10,WABC,40.97,41.35,40.94,41.2,26.57,86200
8527945,2003-01-13,WABC,41.1,41.86,41.1,41.86,26.99,154800
8527946,2003-01-14,WABC,41.67,41.8,41.63,41.79,26.95,92500
8527947,2003-01-15,WABC,41.72,41.86,41.44,41.65,26.86,183400
8527948,2003-01-16,WABC,41.59,41.84,41.39,41.47,26.74,58200
8527949,2003-01-17,WABC,41.46,41.46,40.88,40.97,26.42,62700
8527950,2003-01-21,WABC,40.87,41.55,40.87,41.12,26.52,106100
8527951,2003-01-22,WABC,40.92,41.22,40.28,40.28,25.97,46200
8527952,2003-01-23,WABC,40.19,41.05,40.17,40.9,26.37,80700
8527953,2003-01-24,WABC,40.81,40.81,40.06,40.08,25.84,87200
8527954,2003-01-27,WABC,40.04,40.37,39.75,39.86,25.7,132700
8527955,2003-01-28,WABC,39.79,40.49,39.73,40.39,26.04,312200
8527956,2003-01-29,WABC,40.22,40.69,40.0,40.56,26.31,198700
8527957,2003-01-30,WABC,40.5,40.96,40.4,40.47,26.25,149000
8527958,2003-01-31,WABC,40.53,41.0,40.3,40.82,26.48,202100
8527959,2003-02-03,WABC,40.81,41.0,40.56,40.75,26.43,144300
8527960,2003-02-04,WABC,40.75,40.94,40.5,40.69,26.4,139700
8527961,2003-02-05,WABC,40.65,41.0,40.38,40.38,26.19,107000
8527962,2003-02-06,WABC,40.59,40.69,40.04,40.31,26.15,109100
8527963,2003-02-07,WABC,40.1,40.43,40.1,40.25,26.11,103700
8527964,2003-02-10,WABC,40.16,40.3,40.0,40.3,26.14,60600
8527965,2003-02-11,WABC,40.06,40.39,39.99,40.09,26.01,66500
8527966,2003-02-12,WABC,39.9,40.25,39.59,39.59,25.68,66100
8527967,2003-02-13,WABC,39.9,40.21,39.6,39.67,25.73,64500
8527968,2003-02-14,WABC,39.59,40.64,39.59,40.51,26.28,121100
8527969,2003-02-18,WABC,40.6,41.16,40.32,41.16,26.7,155500
8527970,2003-02-19,WABC,40.75,41.19,40.75,41.01,26.6,127300
8527971,2003-02-20,WABC,40.7,41.2,40.7,41.08,26.65,116400
8527972,2003-02-21,WABC,41.0,41.65,40.95,41.64,27.01,93200
8527973,2003-02-24,WABC,41.68,41.68,40.71,40.72,26.41,57800
8527974,2003-02-25,WABC,40.7,41.23,40.45,41.21,26.73,64800
8527975,2003-02-26,WABC,41.1,41.14,40.05,40.07,25.99,193700
8527976,2003-02-27,WABC,39.96,40.71,39.93,40.52,26.28,243400
8527977,2003-02-28,WABC,40.68,41.0,40.52,40.68,26.39,80000
8527978,2003-03-03,WABC,41.07,41.16,40.19,40.23,26.1,96100
8527979,2003-03-04,WABC,40.14,40.39,40.06,40.06,25.99,80700
8527980,2003-03-05,WABC,40.16,40.5,39.83,40.43,26.23,76200
8527981,2003-03-06,WABC,39.95,40.32,39.95,40.2,26.08,86700
8527982,2003-03-07,WABC,40.1,40.65,40.0,40.6,26.34,83600
8527983,2003-03-10,WABC,40.41,40.5,39.75,39.75,25.79,129900
8527984,2003-03-11,WABC,39.85,40.11,39.25,39.25,25.46,93400
8527985,2003-03-12,WABC,39.39,39.39,38.77,38.96,25.27,159700
8527986,2003-03-13,WABC,38.9,39.15,38.69,38.85,25.2,243300
8527987,2003-03-14,WABC,38.95,39.0,38.61,38.7,25.1,145700
8527988,2003-03-17,WABC,38.74,39.0,38.07,38.99,25.29,196300
8527989,2003-03-18,WABC,38.87,39.05,38.77,39.0,25.3,135300
8527990,2003-03-19,WABC,39.0,39.26,38.95,39.23,25.45,119000
8527991,2003-03-20,WABC,39.07,39.46,38.63,39.44,25.58,131400
8527992,2003-03-21,WABC,39.67,39.75,39.18,39.73,25.77,102200
8527993,2003-03-24,WABC,39.5,39.5,38.49,38.81,25.18,103100
8527994,2003-03-25,WABC,38.85,39.72,38.7,39.63,25.71,152100
8527995,2003-03-26,WABC,39.4,39.59,39.3,39.3,25.49,79500
8527996,2003-03-27,WABC,39.24,39.4,39.06,39.34,25.52,52600
8527997,2003-03-28,WABC,39.36,39.54,39.0,39.49,25.62,54000
8527998,2003-03-31,WABC,39.27,39.66,39.06,39.49,25.62,104300
8527999,2003-04-01,WABC,39.6,39.71,39.24,39.65,25.72,129900
8528000,2003-04-02,WABC,39.66,40.0,39.65,39.92,25.9,90700
8528001,2003-04-03,WABC,39.95,40.07,39.51,39.85,25.85,169800
8528002,2003-04-04,WABC,40.2,40.21,39.85,40.21,26.08,115200
8528003,2003-04-07,WABC,40.08,40.86,39.84,39.84,25.84,201000
8528004,2003-04-08,WABC,40.1,40.43,39.72,40.33,26.16,92400
8528005,2003-04-09,WABC,40.27,40.54,39.84,40.05,25.98,167900
8528006,2003-04-10,WABC,40.08,40.55,39.95,40.29,26.14,46600
8528007,2003-04-11,WABC,40.3,40.84,40.25,40.53,26.29,43700
8528008,2003-04-14,WABC,40.38,40.89,40.37,40.85,26.5,40800
8528009,2003-04-15,WABC,40.73,41.43,40.59,41.43,26.88,86000
8528010,2003-04-16,WABC,41.38,41.53,41.11,41.21,26.73,105800
8528011,2003-04-17,WABC,41.17,41.49,40.72,41.37,26.84,190500
8528012,2003-04-21,WABC,41.4,41.52,41.15,41.5,26.92,57700
8528013,2003-04-22,WABC,41.55,42.23,41.26,42.23,27.39,213800
8528014,2003-04-23,WABC,42.06,42.8,42.03,42.77,27.74,79800
8528015,2003-04-24,WABC,42.8,42.94,42.25,42.9,27.83,137800
8528016,2003-04-25,WABC,42.8,42.8,42.4,42.74,27.72,94000
8528017,2003-04-28,WABC,42.76,43.48,42.6,43.34,28.11,123600
8528018,2003-04-29,WABC,43.34,43.39,42.25,43.31,28.09,133900
8528019,2003-04-30,WABC,42.72,43.24,42.72,43.06,28.09,90400
8528020,2003-05-01,WABC,42.9,43.17,42.51,43.1,28.11,96200
8528021,2003-05-02,WABC,43.22,43.66,42.9,43.6,28.44,75300
8528022,2003-05-05,WABC,43.69,43.89,43.37,43.88,28.62,133500
8528023,2003-05-06,WABC,43.77,44.05,43.73,44.01,28.71,136600
8528024,2003-05-07,WABC,44.0,44.0,43.6,43.76,28.54,67600
8528025,2003-05-08,WABC,43.82,43.82,42.84,42.85,27.95,229200
8528026,2003-05-09,WABC,42.95,42.96,42.76,42.78,27.91,85200
8528027,2003-05-12,WABC,42.74,43.15,42.65,43.02,28.06,71400
8528028,2003-05-13,WABC,43.19,43.19,42.79,42.89,27.98,103600
8528029,2003-05-14,WABC,42.91,42.99,42.45,42.63,27.81,161400
8528030,2003-05-15,WABC,43.0,43.01,42.43,42.5,27.72,163200
8528031,2003-05-16,WABC,42.62,42.62,42.3,42.51,27.73,183000
8528032,2003-05-19,WABC,42.55,42.55,41.56,41.7,27.2,100500
8528033,2003-05-20,WABC,41.37,42.14,41.36,41.97,27.38,84000
8528034,2003-05-21,WABC,41.88,42.25,41.88,42.14,27.49,42100
8528035,2003-05-22,WABC,41.93,42.25,41.8,41.84,27.29,66200
8528036,2003-05-23,WABC,41.84,42.16,41.72,42.16,27.5,18300
8528037,2003-05-27,WABC,41.97,43.31,41.95,43.29,28.24,122900
8528038,2003-05-28,WABC,43.32,43.56,43.26,43.46,28.35,208400
8528039,2003-05-29,WABC,43.49,43.59,43.06,43.06,28.09,77000
8528040,2003-05-30,WABC,43.54,44.51,43.38,44.43,28.98,154000
8528041,2003-06-02,WABC,44.48,44.56,43.77,44.03,28.72,67000
8528042,2003-06-03,WABC,44.01,44.11,43.56,43.78,28.56,70300
8528043,2003-06-04,WABC,43.48,44.23,43.48,44.1,28.77,106300
8528044,2003-06-05,WABC,43.91,44.51,43.86,44.42,28.98,47100
8528045,2003-06-06,WABC,44.52,44.66,44.29,44.35,28.93,82800
8528046,2003-06-09,WABC,44.29,44.3,43.37,43.37,28.29,78700
8528047,2003-06-10,WABC,43.48,43.72,43.18,43.7,28.51,95100
8528048,2003-06-11,WABC,43.58,43.85,43.38,43.85,28.6,43600
8528049,2003-06-12,WABC,43.87,43.87,43.3,43.61,28.45,42000
8528050,2003-06-13,WABC,43.2,43.53,43.02,43.08,28.1,87000
8528051,2003-06-16,WABC,43.29,44.17,42.94,44.13,28.79,71300
8528052,2003-06-17,WABC,43.93,44.06,43.32,43.58,28.43,102800
8528053,2003-06-18,WABC,43.71,43.71,43.27,43.48,28.36,158900
8528054,2003-06-19,WABC,43.4,43.56,43.06,43.06,28.09,156000
8528055,2003-06-20,WABC,43.59,44.25,43.33,43.56,28.41,145800
8528056,2003-06-23,WABC,43.58,43.58,42.99,43.0,28.05,121300
8528057,2003-06-24,WABC,43.07,43.43,42.78,42.88,27.97,131100
8528058,2003-06-25,WABC,42.87,43.47,42.87,43.12,28.13,139800
8528059,2003-06-26,WABC,43.11,43.67,42.9,43.67,28.49,89700
8528060,2003-06-27,WABC,43.59,43.61,43.31,43.4,28.31,71200
8528061,2003-06-30,WABC,43.33,43.74,42.98,43.08,28.1,98300
8528062,2003-07-01,WABC,43.15,43.76,42.8,43.71,28.51,77000
8528063,2003-07-02,WABC,43.78,43.78,43.4,43.67,28.49,60100
8528064,2003-07-03,WABC,43.41,43.9,43.39,43.61,28.45,38400
8528065,2003-07-07,WABC,43.72,44.3,43.69,44.3,28.9,110500
8528066,2003-07-08,WABC,44.18,44.36,43.96,44.26,28.87,61500
8528067,2003-07-09,WABC,43.63,44.32,43.62,44.14,28.79,74100
8528068,2003-07-10,WABC,44.13,44.13,43.66,43.74,28.53,44300
8528069,2003-07-11,WABC,43.75,44.35,43.75,44.17,28.81,36500
8528070,2003-07-14,WABC,44.35,44.76,44.08,44.72,29.17,37500
8528071,2003-07-15,WABC,44.66,44.81,43.85,43.92,28.65,48000
8528072,2003-07-16,WABC,44.14,44.7,43.84,44.67,29.14,69000
8528073,2003-07-17,WABC,44.56,44.7,44.33,44.69,29.15,170400
8528074,2003-07-18,WABC,44.72,44.93,44.57,44.89,29.28,96000
8528075,2003-07-21,WABC,44.75,44.93,44.36,44.71,29.16,126900
8528076,2003-07-22,WABC,44.6,44.93,44.58,44.87,29.27,90900
8528077,2003-07-23,WABC,44.9,44.9,44.43,44.78,29.21,95000
8528078,2003-07-24,WABC,44.92,45.01,44.69,44.74,29.18,138000
8528079,2003-07-25,WABC,44.74,45.03,44.62,44.7,29.16,68700
8528080,2003-07-28,WABC,44.79,44.84,44.4,44.46,29.0,53300
8528081,2003-07-29,WABC,44.63,44.74,44.35,44.45,28.99,186600
8528082,2003-07-30,WABC,44.4,44.75,44.2,44.73,29.35,154200
8528083,2003-07-31,WABC,44.48,44.71,43.98,44.25,29.03,83300
8528084,2003-08-01,WABC,44.1,44.19,43.85,43.9,28.8,166000
8528085,2003-08-04,WABC,43.87,44.0,43.21,43.93,28.82,93200
8528086,2003-08-05,WABC,43.86,44.01,43.72,43.8,28.74,70100
8528087,2003-08-06,WABC,43.8,44.01,43.56,43.61,28.61,162800
8528088,2003-08-07,WABC,43.61,43.87,43.54,43.63,28.63,66400
8528089,2003-08-08,WABC,43.6,43.8,43.52,43.73,28.69,82900
8528090,2003-08-11,WABC,43.74,43.88,43.54,43.73,28.69,72400
8528091,2003-08-12,WABC,43.83,43.86,43.65,43.85,28.77,72100
8528092,2003-08-13,WABC,43.92,43.98,43.65,43.86,28.78,88200
8528093,2003-08-14,WABC,43.95,43.98,43.71,43.81,28.75,66300
8528094,2003-08-15,WABC,44.02,44.02,43.66,43.97,28.85,50300
8528095,2003-08-18,WABC,44.01,44.09,43.81,43.99,28.86,51300
8528096,2003-08-19,WABC,43.95,44.09,43.74,44.0,28.87,43100
8528097,2003-08-20,WABC,43.99,44.27,43.88,44.27,29.05,40700
8528098,2003-08-21,WABC,44.5,44.53,44.08,44.17,28.98,89400
8528099,2003-08-22,WABC,44.05,44.39,43.28,43.44,28.5,51200
8528100,2003-08-25,WABC,43.33,43.58,43.05,43.18,28.33,26500
8528101,2003-08-26,WABC,43.13,43.45,42.67,43.38,28.46,43300
8528102,2003-08-27,WABC,43.43,43.46,43.0,43.02,28.23,30100
8528103,2003-08-28,WABC,43.18,43.32,43.01,43.18,28.33,28600
8528104,2003-08-29,WABC,43.01,44.1,43.01,44.08,28.92,88400
8528105,2003-09-02,WABC,43.99,44.5,43.79,44.5,29.2,46800
8528106,2003-09-03,WABC,44.53,44.62,44.31,44.34,29.09,47200
8528107,2003-09-04,WABC,44.38,44.64,44.2,44.59,29.26,61600
8528108,2003-09-05,WABC,44.53,44.87,44.45,44.68,29.32,46900
8528109,2003-09-08,WABC,44.62,45.03,44.5,45.03,29.55,167000
8528110,2003-09-09,WABC,45.03,45.13,44.78,45.0,29.53,65400
8528111,2003-09-10,WABC,44.8,44.86,44.11,44.44,29.16,65500
8528112,2003-09-11,WABC,44.31,44.57,44.22,44.41,29.14,79200
8528113,2003-09-12,WABC,44.17,44.91,44.16,44.91,29.47,37700
8528114,2003-09-15,WABC,44.96,44.96,44.61,44.75,29.36,30700
8528115,2003-09-16,WABC,44.61,45.17,44.61,44.86,29.43,46100
8528116,2003-09-17,WABC,44.81,45.15,44.8,44.97,29.51,42700
8528117,2003-09-18,WABC,45.14,45.5,44.86,45.39,29.78,72600
8528118,2003-09-19,WABC,45.32,45.76,45.11,45.64,29.95,105000
8528119,2003-09-22,WABC,45.53,45.73,45.03,45.18,29.64,51100
8528120,2003-09-23,WABC,45.2,45.57,45.19,45.57,29.9,87100
8528121,2003-09-24,WABC,45.54,45.54,45.0,45.1,29.59,67100
8528122,2003-09-25,WABC,45.1,45.44,45.0,45.01,29.53,61600
8528123,2003-09-26,WABC,45.05,45.05,44.54,44.66,29.3,73100
8528124,2003-09-29,WABC,44.59,44.97,44.59,44.81,29.4,72600
8528125,2003-09-30,WABC,44.61,44.61,44.45,44.48,29.19,157200
8528126,2003-10-01,WABC,44.45,45.3,44.45,44.99,29.52,60600
8528127,2003-10-02,WABC,44.99,45.11,44.65,44.75,29.36,53200
8528128,2003-10-03,WABC,44.7,45.06,44.7,44.83,29.41,91300
8528129,2003-10-06,WABC,44.64,44.95,44.63,44.77,29.38,72300
8528130,2003-10-07,WABC,44.6,45.39,44.6,45.31,29.73,94000
8528131,2003-10-08,WABC,45.22,45.45,44.7,44.7,29.33,73700
8528132,2003-10-09,WABC,44.99,45.1,44.71,45.02,29.54,71800
8528133,2003-10-10,WABC,45.3,45.32,44.61,44.74,29.36,28400
8528134,2003-10-13,WABC,44.87,45.45,44.87,45.1,29.59,56600
8528135,2003-10-14,WABC,45.07,45.77,45.06,45.46,29.83,79900
8528136,2003-10-15,WABC,45.78,45.92,45.48,45.77,30.03,53900
8528137,2003-10-16,WABC,45.64,46.05,45.64,45.99,30.18,123200
8528138,2003-10-17,WABC,45.76,46.26,45.75,46.18,30.3,100500
8528139,2003-10-20,WABC,46.03,46.6,46.03,46.47,30.49,105300
8528140,2003-10-21,WABC,46.42,46.7,46.31,46.7,30.64,126700
8528141,2003-10-22,WABC,46.52,46.89,46.4,46.57,30.56,155100
8528142,2003-10-23,WABC,46.79,47.37,46.46,47.06,30.88,101500
8528143,2003-10-24,WABC,47.11,47.12,46.91,47.05,30.87,60600
8528144,2003-10-27,WABC,47.13,48.83,47.05,48.53,31.84,210800
8528145,2003-10-28,WABC,48.86,50.86,48.61,50.86,33.37,317500
8528146,2003-10-29,WABC,50.75,50.75,49.6,49.96,32.95,312800
8528147,2003-10-30,WABC,49.95,50.06,49.62,50.0,32.98,88400
8528148,2003-10-31,WABC,49.96,50.31,49.96,50.06,33.02,120500
8528149,2003-11-03,WABC,49.94,50.91,49.93,50.63,33.39,106600
8528150,2003-11-04,WABC,50.87,51.57,50.75,51.17,33.75,135400
8528151,2003-11-05,WABC,51.24,51.39,50.66,51.27,33.81,134300
8528152,2003-11-06,WABC,51.49,51.69,51.1,51.63,34.05,84800
8528153,2003-11-07,WABC,51.65,51.79,51.64,51.73,34.12,123800
8528154,2003-11-10,WABC,51.71,51.9,51.3,51.3,33.83,142500
8528155,2003-11-11,WABC,51.21,52.03,51.15,51.74,34.12,108400
8528156,2003-11-12,WABC,51.45,52.25,51.45,52.08,34.35,69500
8528157,2003-11-13,WABC,52.19,52.19,51.85,52.02,34.31,115400
8528158,2003-11-14,WABC,52.02,52.14,51.71,51.82,34.18,115900
8528159,2003-11-17,WABC,51.82,51.87,51.15,51.86,34.2,126900
8528160,2003-11-18,WABC,51.66,51.97,51.66,51.75,34.13,56300
8528161,2003-11-19,WABC,51.7,51.99,51.64,51.89,34.22,61100
8528162,2003-11-20,WABC,51.75,51.9,50.95,50.99,33.63,113000
8528163,2003-11-21,WABC,51.32,51.45,51.0,51.44,33.93,75800
8528164,2003-11-24,WABC,51.53,52.32,51.34,52.32,34.51,78600
8528165,2003-11-25,WABC,52.18,53.05,52.16,53.0,34.95,74300
8528166,2003-11-26,WABC,52.92,53.24,52.92,53.09,35.01,48800
8528167,2003-11-28,WABC,53.19,53.2,52.8,52.8,34.82,49800
8528168,2003-12-01,WABC,53.06,53.25,52.71,53.2,35.09,61800
8528169,2003-12-02,WABC,53.2,53.55,53.13,53.28,35.14,60700
8528170,2003-12-03,WABC,53.15,53.38,52.43,52.53,34.64,84000
8528171,2003-12-04,WABC,52.68,52.68,51.22,51.25,33.8,200600
8528172,2003-12-05,WABC,51.29,51.3,50.55,50.64,33.4,157400
8528173,2003-12-08,WABC,50.69,51.06,50.2,50.3,33.17,242900
8528174,2003-12-09,WABC,50.25,50.32,49.27,49.51,32.65,208200
8528175,2003-12-10,WABC,49.26,49.82,49.26,49.61,32.72,104800
8528176,2003-12-11,WABC,49.71,50.03,49.65,49.87,32.89,85300
8528177,2003-12-12,WABC,49.86,50.0,49.86,50.0,32.98,57400
8528178,2003-12-15,WABC,49.95,50.11,48.9,48.98,32.3,161900
8528179,2003-12-16,WABC,48.9,49.78,48.86,49.75,32.81,146200
8528180,2003-12-17,WABC,49.42,49.83,49.31,49.83,32.86,45100
8528181,2003-12-18,WABC,49.5,50.05,49.4,50.0,32.98,67500
8528182,2003-12-19,WABC,49.73,50.5,49.66,50.48,33.29,131900
8528183,2003-12-22,WABC,50.5,50.5,50.16,50.49,33.3,50800
8528184,2003-12-23,WABC,50.1,50.9,50.0,50.88,33.56,46600
8528185,2003-12-24,WABC,50.84,50.89,50.43,50.47,33.29,11500
8528186,2003-12-26,WABC,50.44,50.71,50.2,50.2,33.11,10700
8528187,2003-12-29,WABC,50.43,50.6,49.86,50.29,33.17,57200
8528188,2003-12-30,WABC,50.0,50.5,50.0,50.34,33.2,48000
8528189,2003-12-31,WABC,50.15,50.5,49.61,49.78,32.83,48300
8528190,2004-01-02,WABC,49.85,50.08,49.55,49.6,32.71,54800
8528191,2004-01-05,WABC,49.72,49.89,49.23,49.7,32.78,87100
8528192,2004-01-06,WABC,49.11,50.02,49.11,49.93,32.93,140000
8528193,2004-01-07,WABC,49.83,49.83,49.41,49.6,32.71,66000
8528194,2004-01-08,WABC,50.16,50.16,49.14,49.34,32.54,42200
8528195,2004-01-09,WABC,49.14,49.59,48.79,48.79,32.18,97900
8528196,2004-01-12,WABC,48.78,49.03,47.6,47.92,31.6,299400
8528197,2004-01-13,WABC,47.85,47.93,47.4,47.9,31.59,245900
8528198,2004-01-14,WABC,47.88,47.97,47.63,47.85,31.56,85200
8528199,2004-01-15,WABC,48.0,48.89,47.85,48.89,32.24,135100
8528200,2004-01-16,WABC,48.95,49.34,48.84,49.16,32.42,55500
8528201,2004-01-20,WABC,49.35,49.5,48.9,49.5,32.65,58700
8528202,2004-01-21,WABC,49.24,49.98,49.24,49.8,32.84,86100
8528203,2004-01-22,WABC,49.95,50.04,49.45,49.5,32.65,83600
8528204,2004-01-23,WABC,49.45,49.8,49.3,49.34,32.54,83300
8528205,2004-01-26,WABC,49.44,50.12,49.1,49.62,32.72,133400
8528206,2004-01-27,WABC,49.58,50.21,49.55,50.16,33.08,103100
8528207,2004-01-28,WABC,50.22,50.28,49.53,49.55,32.68,123000
8528208,2004-01-29,WABC,49.7,49.72,49.2,49.41,32.76,96700
8528209,2004-01-30,WABC,49.4,49.52,49.06,49.34,32.71,42000
8528210,2004-02-02,WABC,49.19,49.67,49.16,49.66,32.92,75100
8528211,2004-02-03,WABC,49.56,49.96,49.44,49.51,32.82,75200
8528212,2004-02-04,WABC,49.45,49.7,49.1,49.28,32.67,67800
8528213,2004-02-05,WABC,49.13,49.16,48.71,48.98,32.47,88600
8528214,2004-02-06,WABC,48.92,50.05,48.92,50.05,33.18,56700
8528215,2004-02-09,WABC,49.8,50.25,49.8,49.91,33.09,48000
8528216,2004-02-10,WABC,50.1,50.23,49.65,50.23,33.3,80500
8528217,2004-02-11,WABC,49.59,50.14,49.36,50.14,33.24,75600
8528218,2004-02-12,WABC,50.15,50.15,49.85,50.06,33.19,42200
8528219,2004-02-13,WABC,50.11,50.35,49.85,50.35,33.38,85200
8528220,2004-02-17,WABC,50.38,50.99,50.28,50.45,33.45,94000
8528221,2004-02-18,WABC,50.4,51.02,50.4,50.91,33.75,69800
8528222,2004-02-19,WABC,51.0,51.11,50.6,50.9,33.75,72500
8528223,2004-02-20,WABC,50.9,51.02,50.49,50.68,33.6,62200
8528224,2004-02-23,WABC,50.95,50.95,49.65,49.85,33.05,121400
8528225,2004-02-24,WABC,49.72,50.25,49.6,49.7,32.95,116900
8528226,2004-02-25,WABC,49.55,49.95,49.35,49.95,33.12,64800
8528227,2004-02-26,WABC,49.94,50.25,49.74,50.2,33.28,90900
8528228,2004-02-27,WABC,50.0,50.71,50.0,50.16,33.26,88100
8528229,2004-03-01,WABC,50.08,50.74,50.08,50.63,33.57,93000
8528230,2004-03-02,WABC,50.5,50.68,50.17,50.32,33.36,75400
8528231,2004-03-03,WABC,50.33,50.5,49.97,50.5,33.48,75300
8528232,2004-03-04,WABC,50.28,51.17,50.28,51.17,33.93,80200
8528233,2004-03-05,WABC,51.09,51.67,51.09,51.63,34.23,30600
8528234,2004-03-08,WABC,51.69,51.69,51.01,51.14,33.91,43400
8528235,2004-03-09,WABC,51.02,51.07,50.54,50.8,33.68,29300
8528236,2004-03-10,WABC,50.58,50.79,50.03,50.05,33.18,88100
8528237,2004-03-11,WABC,50.11,50.19,49.58,49.6,32.88,120700
8528238,2004-03-12,WABC,49.57,50.53,49.55,50.5,33.48,49800
8528239,2004-03-15,WABC,50.41,50.41,49.6,49.73,32.97,80100
8528240,2004-03-16,WABC,49.83,50.18,49.71,50.04,33.18,42800
8528241,2004-03-17,WABC,49.94,50.79,49.94,50.44,33.44,22000
8528242,2004-03-18,WABC,50.4,50.55,49.94,50.11,33.22,27100
8528243,2004-03-19,WABC,50.49,50.66,49.82,49.86,33.06,62300
8528244,2004-03-22,WABC,49.8,49.86,48.56,48.8,32.35,88400
8528245,2004-03-23,WABC,49.23,49.25,48.84,49.06,32.53,76200
8528246,2004-03-24,WABC,49.0,49.24,48.84,48.84,32.38,78200
8528247,2004-03-25,WABC,49.07,49.84,48.82,49.72,32.96,38800
8528248,2004-03-26,WABC,49.83,49.83,49.36,49.42,32.76,45000
8528249,2004-03-29,WABC,49.4,50.48,49.4,50.09,33.21,95900
8528250,2004-03-30,WABC,49.89,50.13,49.76,50.13,33.24,28600
8528251,2004-03-31,WABC,49.67,50.68,49.47,50.46,33.45,52600
8528252,2004-04-01,WABC,50.33,50.75,50.33,50.75,33.65,68100
8528253,2004-04-02,WABC,50.75,50.9,49.72,49.88,33.07,52000
8528254,2004-04-05,WABC,49.97,50.17,49.56,50.13,33.24,46200
8528255,2004-04-06,WABC,49.9,50.36,49.88,50.33,33.37,31300
8528256,2004-04-07,WABC,49.9,50.58,49.66,50.2,33.28,68800
8528257,2004-04-08,WABC,50.2,50.49,50.0,50.14,33.24,49000
8528258,2004-04-12,WABC,50.1,50.67,50.09,50.6,33.55,20700
8528259,2004-04-13,WABC,50.61,50.93,48.53,48.79,32.35,87500
8528260,2004-04-14,WABC,48.6,49.0,47.33,47.82,31.7,71200
8528261,2004-04-15,WABC,47.8,48.05,47.16,47.58,31.54,98300
8528262,2004-04-16,WABC,47.7,49.25,47.62,49.05,32.52,112500
8528263,2004-04-19,WABC,48.96,49.64,48.93,49.6,32.88,100800
8528264,2004-04-20,WABC,49.55,50.0,48.4,48.4,32.09,175000
8528265,2004-04-21,WABC,48.4,49.59,48.19,49.59,32.88,125800
8528266,2004-04-22,WABC,49.47,50.01,49.31,49.98,33.14,69700
8528267,2004-04-23,WABC,49.73,50.07,49.4,49.66,32.92,85900
8528268,2004-04-26,WABC,49.86,50.03,49.57,49.97,33.13,61800
8528269,2004-04-27,WABC,49.75,50.55,49.75,49.92,33.1,69400
8528270,2004-04-28,WABC,50.04,50.11,49.31,49.59,32.88,88500
8528271,2004-04-29,WABC,49.94,50.0,49.01,49.17,32.78,50400
8528272,2004-04-30,WABC,49.0,49.27,48.6,48.6,32.4,63400
8528273,2004-05-03,WABC,48.73,49.38,48.45,49.28,32.86,79200
8528274,2004-05-04,WABC,49.25,49.9,49.09,49.58,33.06,48900
8528275,2004-05-05,WABC,49.62,50.76,49.58,49.81,33.21,143800
8528276,2004-05-06,WABC,49.81,49.81,48.75,49.15,32.77,65000
8528277,2004-05-07,WABC,49.0,49.19,47.82,47.87,31.92,55300
8528278,2004-05-10,WABC,47.81,48.03,47.1,47.66,31.78,61000
8528279,2004-05-11,WABC,47.94,48.2,47.5,47.72,31.82,39800
8528280,2004-05-12,WABC,47.55,48.1,46.83,48.01,32.01,44100
8528281,2004-05-13,WABC,47.89,48.7,47.89,48.66,32.44,88000
8528282,2004-05-14,WABC,48.7,49.0,47.93,48.58,32.39,106400
8528283,2004-05-17,WABC,48.49,48.49,47.64,48.07,32.05,29500
8528284,2004-05-18,WABC,48.23,48.67,47.95,48.64,32.43,12800
8528285,2004-05-19,WABC,48.66,49.03,48.02,48.13,32.09,45100
8528286,2004-05-20,WABC,48.01,48.59,48.01,48.2,32.14,98800
8528287,2004-05-21,WABC,48.14,48.4,47.82,47.82,31.88,200300
8528288,2004-05-24,WABC,48.07,48.26,47.82,47.9,31.94,96000
8528289,2004-05-25,WABC,47.77,49.31,47.77,49.08,32.72,139200
8528290,2004-05-26,WABC,49.06,50.49,48.67,50.4,33.6,118500
8528291,2004-05-27,WABC,50.55,50.63,49.24,49.47,32.98,55800
8528292,2004-05-28,WABC,49.6,49.85,49.35,49.38,32.92,45700
8528293,2004-06-01,WABC,49.58,49.92,49.25,49.56,33.04,53500
8528294,2004-06-02,WABC,49.83,49.95,49.57,49.7,33.14,65100
8528295,2004-06-03,WABC,49.55,49.87,49.11,49.11,32.74,31800
8528296,2004-06-04,WABC,49.31,50.2,49.11,50.05,33.37,57500
8528297,2004-06-07,WABC,50.24,50.63,49.97,50.63,33.76,36900
8528298,2004-06-08,WABC,50.43,50.87,50.38,50.53,33.69,36600
8528299,2004-06-09,WABC,50.66,50.91,49.91,50.02,33.35,56400
8528300,2004-06-10,WABC,50.16,50.63,50.16,50.55,33.7,33300
8528301,2004-06-14,WABC,50.51,50.69,50.16,50.43,33.62,89200
8528302,2004-06-15,WABC,50.6,50.95,50.41,50.41,33.61,76400
8528303,2004-06-16,WABC,50.47,51.01,50.47,50.95,33.97,79800
8528304,2004-06-17,WABC,51.02,51.93,50.5,51.46,34.31,75600
8528305,2004-06-18,WABC,51.64,52.0,51.22,52.0,34.67,166400
8528306,2004-06-21,WABC,51.98,52.61,51.66,52.59,35.06,126200
8528307,2004-06-22,WABC,52.5,53.0,52.32,52.99,35.33,121200
8528308,2004-06-23,WABC,52.98,52.98,52.65,52.97,35.32,94800
8528309,2004-06-24,WABC,52.98,53.5,52.53,52.79,35.2,165600
8528310,2004-06-25,WABC,52.46,53.13,47.67,52.55,35.04,923100
8528311,2004-06-28,WABC,52.5,52.79,51.95,52.62,35.08,153200
8528312,2004-06-29,WABC,52.64,52.92,52.17,52.91,35.28,106000
8528313,2004-06-30,WABC,52.94,53.04,52.22,52.45,34.97,108500
8528314,2004-07-01,WABC,52.55,52.61,51.52,51.55,34.37,213300
8528315,2004-07-02,WABC,51.63,51.91,51.36,51.83,34.56,78800
8528316,2004-07-06,WABC,51.67,51.89,51.54,51.57,34.38,91200
8528317,2004-07-07,WABC,51.42,52.15,51.4,51.56,34.38,68000
8528318,2004-07-08,WABC,51.35,52.0,50.78,50.84,33.9,175600
8528319,2004-07-09,WABC,51.0,51.13,50.77,50.92,33.95,43500
8528320,2004-07-12,WABC,51.02,51.7,50.9,51.58,34.39,70500
8528321,2004-07-13,WABC,51.55,51.69,51.28,51.28,34.19,31800
8528322,2004-07-14,WABC,51.16,51.79,50.8,51.1,34.07,70900
8528323,2004-07-15,WABC,50.84,51.38,50.77,51.01,34.01,55200
8528324,2004-07-16,WABC,51.15,51.3,50.57,50.57,33.72,80100
8528325,2004-07-19,WABC,50.54,51.18,50.54,50.54,33.7,64800
8528326,2004-07-20,WABC,50.54,52.08,50.54,51.88,34.59,134500
8528327,2004-07-21,WABC,51.8,52.69,50.66,50.9,33.94,98000
8528328,2004-07-22,WABC,50.8,50.94,49.9,50.6,33.74,106400
8528329,2004-07-23,WABC,50.53,51.07,50.34,50.36,33.58,94500
8528330,2004-07-26,WABC,50.68,50.7,50.06,50.41,33.61,77000
8528331,2004-07-27,WABC,50.63,51.54,50.43,51.38,34.26,53300
8528332,2004-07-28,WABC,51.25,51.44,50.03,50.77,33.85,125700
8528333,2004-07-29,WABC,50.75,51.2,50.27,51.17,34.31,62500
8528334,2004-07-30,WABC,50.81,51.29,50.61,50.73,34.01,74300
8528335,2004-08-02,WABC,50.47,51.04,50.01,50.94,34.15,60400
8528336,2004-08-03,WABC,50.66,51.0,50.04,50.1,33.59,69300
8528337,2004-08-04,WABC,50.01,51.14,49.75,50.43,33.81,110900
8528338,2004-08-05,WABC,50.57,50.63,49.67,50.05,33.56,106100
8528339,2004-08-06,WABC,49.89,50.01,49.04,49.04,32.88,96800
8528340,2004-08-09,WABC,49.39,49.39,49.03,49.12,32.93,87200
8528341,2004-08-10,WABC,49.22,50.5,49.2,50.49,33.85,83800
8528342,2004-08-11,WABC,50.25,50.6,49.35,50.38,33.78,83400
8528343,2004-08-12,WABC,50.09,50.45,49.77,49.92,33.47,51700
8528344,2004-08-13,WABC,50.21,50.75,50.21,50.66,33.97,64700
8528345,2004-08-16,WABC,50.74,51.64,50.43,51.64,34.62,92300
8528346,2004-08-17,WABC,51.74,51.92,51.45,51.92,34.81,51700
8528347,2004-08-18,WABC,51.69,53.0,51.61,53.0,35.53,94500
8528348,2004-08-19,WABC,52.79,52.94,52.49,52.61,35.27,62200
8528349,2004-08-20,WABC,52.62,53.39,52.44,53.39,35.8,81700
8528350,2004-08-23,WABC,53.02,53.44,52.7,52.88,35.45,61100
8528351,2004-08-24,WABC,53.25,53.45,52.85,53.34,35.76,60800
8528352,2004-08-25,WABC,53.45,54.15,53.12,54.06,36.24,85600
8528353,2004-08-26,WABC,53.74,54.2,53.21,53.23,35.69,55900
8528354,2004-08-27,WABC,53.17,53.73,53.05,53.57,35.92,63100
8528355,2004-08-30,WABC,53.36,53.57,52.86,53.02,35.55,61400
8528356,2004-08-31,WABC,53.02,53.91,52.36,52.74,35.36,141000
8528357,2004-09-01,WABC,53.13,53.76,52.74,53.51,35.88,130400
8528358,2004-09-02,WABC,53.58,54.1,53.3,54.05,36.24,118200
8528359,2004-09-03,WABC,54.18,54.57,53.6,53.94,36.16,72300
8528360,2004-09-07,WABC,54.09,55.37,53.94,54.96,36.85,94200
8528361,2004-09-08,WABC,54.67,55.27,54.13,54.39,36.47,74300
8528362,2004-09-09,WABC,54.49,55.74,54.09,55.53,37.23,104000
8528363,2004-09-10,WABC,55.45,55.66,54.96,55.65,37.31,92200
8528364,2004-09-13,WABC,55.68,56.2,55.25,55.8,37.41,55500
8528365,2004-09-14,WABC,55.65,56.1,55.0,55.33,37.1,99900
8528366,2004-09-15,WABC,55.43,55.43,54.61,54.66,36.65,55900
8528367,2004-09-16,WABC,54.98,55.51,54.89,55.25,37.04,61000
8528368,2004-09-17,WABC,56.16,56.18,54.86,55.27,37.06,173700
8528369,2004-09-20,WABC,55.27,55.27,54.49,54.49,36.53,68300
8528370,2004-09-21,WABC,54.85,55.0,54.57,54.67,36.65,116000
8528371,2004-09-22,WABC,54.6,54.66,53.22,54.51,36.55,111000
8528372,2004-09-23,WABC,54.73,54.95,54.41,54.61,36.61,53300
8528373,2004-09-24,WABC,54.64,55.44,54.52,55.0,36.87,53100
8528374,2004-09-27,WABC,54.94,55.34,54.13,54.25,36.37,68900
8528375,2004-09-28,WABC,54.47,55.07,54.41,55.02,36.89,137700
8528376,2004-09-29,WABC,54.75,54.95,54.55,54.76,36.71,114900
8528377,2004-09-30,WABC,54.74,55.07,54.61,54.89,36.8,79600
8528378,2004-10-01,WABC,55.07,56.21,54.64,56.18,37.67,78200
8528379,2004-10-04,WABC,56.15,56.5,55.96,56.24,37.71,73800
8528380,2004-10-05,WABC,56.36,56.54,56.04,56.27,37.73,41200
8528381,2004-10-06,WABC,56.27,57.12,56.18,57.12,38.3,51800
8528382,2004-10-07,WABC,57.11,57.11,55.39,55.46,37.18,44600
8528383,2004-10-08,WABC,55.27,55.99,55.06,55.12,36.96,36900
8528384,2004-10-11,WABC,55.05,55.99,55.0,55.99,37.54,44700
8528385,2004-10-12,WABC,55.65,56.76,55.34,56.49,37.87,52800
8528386,2004-10-13,WABC,56.77,56.87,55.37,55.72,37.36,60200
8528387,2004-10-14,WABC,55.6,55.76,54.43,54.43,36.49,58900
8528388,2004-10-15,WABC,54.41,55.37,54.41,54.89,36.8,124800
8528389,2004-10-18,WABC,54.89,56.15,54.73,56.14,37.64,89300
8528390,2004-10-19,WABC,55.82,56.58,55.34,55.5,37.21,35600
8528391,2004-10-20,WABC,55.18,55.65,54.64,55.3,37.08,57500
8528392,2004-10-21,WABC,55.25,55.64,54.76,55.58,37.26,65300
8528393,2004-10-22,WABC,55.46,55.63,54.83,55.03,36.89,102400
8528394,2004-10-25,WABC,54.82,55.87,54.6,55.65,37.31,74100
8528395,2004-10-26,WABC,55.47,55.97,54.53,55.92,37.49,115500
8528396,2004-10-27,WABC,56.0,57.24,55.84,57.22,38.36,91100
8528397,2004-10-28,WABC,56.83,57.61,56.6,56.99,38.21,57800
8528398,2004-10-29,WABC,56.99,57.73,56.91,57.19,38.34,121100
8528399,2004-11-01,WABC,57.28,57.6,56.59,57.56,38.59,82100
8528400,2004-11-02,WABC,57.69,57.95,56.86,57.25,38.38,104300
8528401,2004-11-03,WABC,57.5,58.75,57.5,58.75,39.39,164400
8528402,2004-11-04,WABC,58.74,59.5,57.92,59.43,40.04,92800
8528403,2004-11-05,WABC,59.6,59.7,58.61,59.23,39.9,89700
8528404,2004-11-08,WABC,58.7,59.24,58.47,58.6,39.48,54700
8528405,2004-11-09,WABC,58.85,59.7,58.64,59.65,40.18,115300
8528406,2004-11-10,WABC,59.37,60.39,59.33,60.11,40.49,86600
8528407,2004-11-11,WABC,59.85,60.68,59.85,60.68,40.88,68900
8528408,2004-11-12,WABC,60.23,61.08,59.95,61.05,41.13,46500
8528409,2004-11-15,WABC,60.8,61.2,60.29,60.75,40.92,86700
8528410,2004-11-16,WABC,60.75,60.75,59.34,59.35,39.98,104300
8528411,2004-11-17,WABC,59.8,59.89,59.2,59.61,40.16,73700
8528412,2004-11-18,WABC,59.79,59.8,59.16,59.63,40.17,104000
8528413,2004-11-19,WABC,58.52,59.05,57.37,57.56,38.78,190700
8528414,2004-11-22,WABC,57.62,57.62,57.39,57.5,38.74,163100
8528415,2004-11-23,WABC,57.72,57.74,56.76,57.6,38.8,128600
8528416,2004-11-24,WABC,57.4,57.96,57.4,57.9,39.01,74200
8528417,2004-11-26,WABC,57.92,57.97,57.7,57.72,38.88,15300
8528418,2004-11-29,WABC,57.99,58.21,56.79,57.9,39.01,129600
8528419,2004-11-30,WABC,57.75,58.52,57.7,58.16,39.18,120400
8528420,2004-12-01,WABC,58.16,59.64,58.07,59.1,39.81,78100
8528421,2004-12-02,WABC,58.83,59.66,58.83,59.44,40.04,64100
8528422,2004-12-03,WABC,59.02,59.43,58.08,58.08,39.13,63000
8528423,2004-12-06,WABC,58.0,58.48,57.6,57.73,38.89,117800
8528424,2004-12-07,WABC,57.35,57.73,56.48,56.5,38.06,122300
8528425,2004-12-08,WABC,56.5,56.9,56.33,56.74,38.22,83800
8528426,2004-12-09,WABC,56.29,56.9,55.77,56.8,38.26,77200
8528427,2004-12-10,WABC,56.37,57.11,56.13,57.08,38.45,92000
8528428,2004-12-13,WABC,57.12,57.94,57.0,57.94,39.03,70900
8528429,2004-12-14,WABC,57.81,58.26,57.65,58.22,39.22,68500
8528430,2004-12-15,WABC,57.99,58.46,57.99,58.44,39.37,117400
8528431,2004-12-16,WABC,58.07,58.4,57.8,57.84,38.96,136300
8528432,2004-12-17,WABC,57.41,57.98,57.39,57.64,38.83,125700
8528433,2004-12-20,WABC,58.05,58.09,57.26,57.36,38.64,84000
8528434,2004-12-21,WABC,57.75,58.06,57.55,58.01,39.08,150000
8528435,2004-12-22,WABC,58.12,58.76,58.01,58.61,39.48,96100
8528436,2004-12-23,WABC,58.64,58.65,57.95,58.29,39.27,252000
8528437,2004-12-27,WABC,58.44,58.56,57.42,57.43,38.69,72400
8528438,2004-12-28,WABC,57.41,58.51,57.41,58.51,39.42,84800
8528439,2004-12-29,WABC,58.03,58.47,58.02,58.44,39.37,121000
8528440,2004-12-30,WABC,58.3,58.56,58.3,58.41,39.35,72100
8528441,2004-12-31,WABC,58.63,58.7,58.2,58.31,39.28,47500
8528442,2005-01-03,WABC,58.31,58.44,57.05,57.92,39.02,108500
8528443,2005-01-04,WABC,58.1,58.24,56.92,56.92,38.34,149400
8528444,2005-01-05,WABC,57.06,57.73,56.75,56.81,38.27,192200
8528445,2005-01-06,WABC,56.81,57.56,56.55,56.88,38.32,210000
8528446,2005-01-07,WABC,57.17,57.49,56.5,56.55,38.1,136400
8528447,2005-01-10,WABC,56.49,57.45,56.49,57.0,38.4,160900
8528448,2005-01-11,WABC,56.92,57.45,56.48,57.05,38.43,120100
8528449,2005-01-12,WABC,56.9,57.43,56.77,57.18,38.52,120700
8528450,2005-01-13,WABC,57.02,57.3,56.18,56.68,38.18,209400
8528451,2005-01-14,WABC,56.65,57.01,56.41,56.87,38.31,142900
8528452,2005-01-18,WABC,56.34,57.97,56.25,57.78,38.92,91600
8528453,2005-01-19,WABC,57.49,57.71,56.51,56.66,38.17,112100
8528454,2005-01-20,WABC,56.64,56.64,55.1,55.19,37.18,207500
8528455,2005-01-21,WABC,54.86,55.0,52.8,53.38,35.96,400900
8528456,2005-01-24,WABC,53.33,53.45,52.61,52.73,35.52,241200
8528457,2005-01-25,WABC,52.99,53.05,52.03,52.67,35.48,132900
8528458,2005-01-26,WABC,52.67,53.17,52.53,53.14,35.8,145600
8528459,2005-01-27,WABC,52.9,53.44,51.97,52.08,35.08,218000
8528460,2005-01-28,WABC,52.5,52.5,51.62,52.04,35.06,82400
8528461,2005-01-31,WABC,52.37,52.65,51.9,51.92,34.98,150600
8528462,2005-02-01,WABC,52.5,53.31,51.64,52.55,35.4,267300
8528463,2005-02-02,WABC,52.77,52.78,52.01,52.35,35.27,136400
8528464,2005-02-03,WABC,51.82,52.35,51.64,52.33,35.46,109000
8528465,2005-02-04,WABC,52.17,52.99,52.17,52.9,35.84,99100
8528466,2005-02-07,WABC,52.7,53.64,52.7,53.08,35.96,102900
8528467,2005-02-08,WABC,52.91,53.3,52.91,53.19,36.04,96800
8528468,2005-02-09,WABC,53.05,53.39,51.75,51.82,35.11,112100
8528469,2005-02-10,WABC,52.02,52.11,51.45,51.45,34.86,225600
8528470,2005-02-11,WABC,51.35,51.75,50.82,51.7,35.03,186800
8528471,2005-02-14,WABC,52.18,53.12,51.96,53.04,35.94,220000
8528472,2005-02-15,WABC,53.11,53.34,52.72,52.94,35.87,119600
8528473,2005-02-16,WABC,52.91,53.35,52.78,53.03,35.93,86800
8528474,2005-02-17,WABC,53.34,53.34,52.46,52.46,35.54,99300
8528475,2005-02-18,WABC,52.31,52.69,52.3,52.41,35.51,120300
8528476,2005-02-22,WABC,52.22,52.58,51.29,51.41,34.83,147000
8528477,2005-02-23,WABC,51.55,52.03,51.4,51.6,34.96,127500
8528478,2005-02-24,WABC,51.7,52.0,51.41,51.9,35.16,83800
8528479,2005-02-25,WABC,52.0,52.4,51.74,52.4,35.5,173200
8528480,2005-02-28,WABC,52.07,52.71,51.68,52.09,35.29,79700
8528481,2005-03-01,WABC,52.22,52.99,52.04,52.78,35.76,148900
8528482,2005-03-02,WABC,52.51,53.55,52.48,53.31,36.12,183600
8528483,2005-03-03,WABC,53.55,54.08,53.29,53.65,36.35,145400
8528484,2005-03-04,WABC,53.71,55.0,53.7,54.64,37.02,211900
8528485,2005-03-07,WABC,54.53,54.75,53.76,53.77,36.43,188900
8528486,2005-03-08,WABC,53.79,54.1,53.61,54.09,36.65,260500
8528487,2005-03-09,WABC,54.0,54.15,53.18,53.34,36.14,143300
8528488,2005-03-10,WABC,53.25,53.96,53.2,53.3,36.11,107500
8528489,2005-03-11,WABC,53.43,53.68,52.7,53.05,35.94,141100
8528490,2005-03-14,WABC,53.19,53.45,52.81,53.07,35.96,161400
8528491,2005-03-15,WABC,54.12,54.88,53.75,54.26,36.76,258700
8528492,2005-03-16,WABC,54.2,54.88,54.2,54.22,36.74,154700
8528493,2005-03-17,WABC,54.5,54.77,54.21,54.35,36.82,140200
8528494,2005-03-18,WABC,54.38,54.68,54.15,54.45,36.89,332100
8528495,2005-03-21,WABC,54.25,54.46,53.39,53.75,36.42,89800
8528496,2005-03-22,WABC,53.58,54.22,52.61,52.7,35.71,87600
8528497,2005-03-23,WABC,52.6,52.8,51.77,51.94,35.19,98100
8528498,2005-03-24,WABC,51.75,52.28,51.7,51.78,35.08,198600
8528499,2005-03-28,WABC,51.71,52.14,51.45,51.65,35.0,111400
8528500,2005-03-29,WABC,51.48,51.72,51.32,51.51,34.9,159500
8528501,2005-03-30,WABC,51.67,52.46,51.48,52.33,35.46,81600
8528502,2005-03-31,WABC,52.06,52.39,51.51,51.77,35.08,124900
8528503,2005-04-01,WABC,51.99,52.4,50.65,50.85,34.45,154700
8528504,2005-04-04,WABC,50.93,51.82,50.53,51.51,34.9,76700
8528505,2005-04-05,WABC,51.59,52.1,51.25,51.26,34.73,174300
8528506,2005-04-06,WABC,51.4,52.25,51.36,51.39,34.82,55600
8528507,2005-04-07,WABC,51.56,52.22,51.03,51.85,35.13,61600
8528508,2005-04-08,WABC,51.94,51.94,50.51,50.84,34.45,198400
8528509,2005-04-11,WABC,50.84,50.95,50.44,50.57,34.26,142800
8528510,2005-04-12,WABC,50.25,50.96,50.07,50.32,34.09,199400
8528511,2005-04-13,WABC,50.21,50.59,49.81,49.96,33.85,115300
8528512,2005-04-14,WABC,49.88,49.88,49.04,49.04,33.23,142200
8528513,2005-04-15,WABC,49.04,49.6,48.77,49.03,33.22,154400
8528514,2005-04-18,WABC,48.83,49.96,48.83,49.8,33.74,193000
8528515,2005-04-19,WABC,49.85,49.9,48.85,49.58,33.59,219600
8528516,2005-04-20,WABC,50.03,50.07,49.14,49.24,33.36,263300
8528517,2005-04-21,WABC,49.47,49.95,48.48,49.62,33.62,227500
8528518,2005-04-22,WABC,49.34,49.69,48.57,49.07,33.25,216500
8528519,2005-04-25,WABC,49.29,49.95,49.01,49.85,33.78,121100
8528520,2005-04-26,WABC,49.62,49.85,48.98,48.98,33.19,218400
8528521,2005-04-27,WABC,48.85,50.18,48.55,49.63,33.63,119600
8528522,2005-04-28,WABC,49.26,49.88,48.83,49.42,33.48,139100
8528523,2005-04-29,WABC,49.65,49.98,49.35,49.89,33.8,418100
8528524,2005-05-02,WABC,49.97,51.18,49.68,51.08,34.61,126700
8528525,2005-05-03,WABC,50.83,51.74,50.73,50.96,34.53,164300
8528526,2005-05-04,WABC,51.09,52.27,50.99,51.95,35.2,191400
8528527,2005-05-05,WABC,51.85,52.86,51.56,52.74,35.94,244800
8528528,2005-05-06,WABC,53.0,53.09,52.22,52.82,36.0,294600
8528529,2005-05-09,WABC,52.75,53.42,52.5,53.42,36.4,132600
8528530,2005-05-10,WABC,53.07,53.45,52.0,52.37,35.69,147000
8528531,2005-05-11,WABC,52.05,52.74,51.67,52.41,35.72,117600
8528532,2005-05-12,WABC,52.32,52.7,51.03,51.52,35.11,110000
8528533,2005-05-13,WABC,51.39,51.63,50.57,51.13,34.84,129600
8528534,2005-05-16,WABC,51.03,52.56,50.97,52.53,35.8,88100
8528535,2005-05-17,WABC,52.31,52.89,51.82,52.79,35.98,94400
8528536,2005-05-18,WABC,52.94,53.38,52.7,53.38,36.38,132600
8528537,2005-05-19,WABC,53.39,53.74,52.77,53.47,36.44,75300
8528538,2005-05-20,WABC,53.5,53.5,52.59,53.37,36.37,72700
8528539,2005-05-23,WABC,53.38,53.7,53.2,53.52,36.47,141000
8528540,2005-05-24,WABC,53.74,53.74,52.91,53.0,36.12,144100
8528541,2005-05-25,WABC,52.8,53.02,51.71,51.83,35.32,107900
8528542,2005-05-26,WABC,52.2,52.8,51.84,52.8,35.98,84700
8528543,2005-05-27,WABC,52.5,53.01,52.15,53.01,36.13,49700
8528544,2005-05-31,WABC,52.79,53.21,52.51,52.65,35.88,66200
8528545,2005-06-01,WABC,52.38,53.75,52.01,53.05,36.15,142700
8528546,2005-06-02,WABC,53.07,53.07,52.56,52.85,36.02,43600
8528547,2005-06-03,WABC,52.41,53.03,51.9,51.91,35.38,55300
8528548,2005-06-06,WABC,50.53,50.98,49.9,50.81,34.63,223000
8528549,2005-06-07,WABC,50.69,51.93,50.69,50.87,34.67,235900
8528550,2005-06-08,WABC,50.65,51.48,50.63,50.75,34.59,96400
8528551,2005-06-09,WABC,50.55,50.96,50.08,50.87,34.67,99800
8528552,2005-06-10,WABC,50.99,51.27,50.76,51.17,34.87,124700
8528553,2005-06-13,WABC,50.89,51.86,50.89,51.76,35.27,86200
8528554,2005-06-14,WABC,51.62,52.07,51.4,51.9,35.37,135700
8528555,2005-06-15,WABC,52.0,52.14,51.25,52.05,35.47,136500
8528556,2005-06-16,WABC,51.91,52.5,51.26,52.48,35.76,157500
8528557,2005-06-17,WABC,52.36,52.67,51.88,52.38,35.7,316500
8528558,2005-06-20,WABC,52.4,52.72,51.87,52.47,35.76,90500
8528559,2005-06-21,WABC,52.47,52.8,52.43,52.75,35.95,81500
8528560,2005-06-22,WABC,52.76,53.09,52.76,52.94,36.08,110000
8528561,2005-06-23,WABC,52.84,53.0,52.33,52.37,35.69,113500
8528562,2005-06-24,WABC,52.36,52.56,51.79,52.28,35.63,180500
8528563,2005-06-27,WABC,52.05,52.46,51.88,52.12,35.52,69900
8528564,2005-06-28,WABC,51.94,53.5,51.94,53.5,36.46,70000
8528565,2005-06-29,WABC,53.5,53.82,53.25,53.64,36.55,100200
8528566,2005-06-30,WABC,53.48,54.11,52.76,52.81,35.99,109700
8528567,2005-07-01,WABC,53.31,53.95,53.04,53.6,36.53,182900
8528568,2005-07-05,WABC,53.26,54.94,53.26,54.78,37.33,217700
8528569,2005-07-06,WABC,54.76,54.95,53.64,53.64,36.55,86000
8528570,2005-07-07,WABC,53.28,54.39,52.67,53.86,36.7,115500
8528571,2005-07-08,WABC,53.91,55.49,53.75,55.4,37.75,79600
8528572,2005-07-11,WABC,55.4,56.25,55.31,56.25,38.33,97400
8528573,2005-07-12,WABC,55.99,56.09,55.44,55.44,37.78,131100
8528574,2005-07-13,WABC,55.46,55.69,54.82,54.99,37.47,192600
8528575,2005-07-14,WABC,55.36,55.38,54.35,54.45,37.11,99000
8528576,2005-07-15,WABC,53.91,54.25,53.27,53.97,36.78,145000
8528577,2005-07-18,WABC,53.73,53.97,52.82,52.82,36.0,101100
8528578,2005-07-19,WABC,52.96,53.86,52.49,53.5,36.46,128400
8528579,2005-07-20,WABC,53.55,54.15,52.86,54.12,36.88,122000
8528580,2005-07-21,WABC,54.15,54.15,52.47,53.02,36.13,171200
8528581,2005-07-22,WABC,53.12,53.61,52.76,53.59,36.52,120500
8528582,2005-07-25,WABC,53.27,54.0,53.12,53.47,36.44,172800
8528583,2005-07-26,WABC,53.2,53.85,53.1,53.46,36.43,162600
8528584,2005-07-27,WABC,53.49,53.9,53.25,53.71,36.6,104600
8528585,2005-07-28,WABC,53.5,54.49,53.49,54.49,37.13,90000
8528586,2005-07-29,WABC,54.49,54.82,54.4,54.75,37.31,166900
8528587,2005-08-01,WABC,54.8,55.16,54.68,54.9,37.41,192300
8528588,2005-08-02,WABC,54.94,55.31,54.75,55.28,37.67,173500
8528589,2005-08-03,WABC,55.03,55.22,54.66,54.79,37.34,107000
8528590,2005-08-04,WABC,54.07,54.52,53.48,53.77,36.84,85800
8528591,2005-08-05,WABC,53.68,53.75,52.61,52.61,36.05,110100
8528592,2005-08-08,WABC,52.8,53.16,52.39,52.97,36.3,77900
8528593,2005-08-09,WABC,52.91,53.53,52.62,52.91,36.26,90500
8528594,2005-08-10,WABC,53.08,53.87,52.77,53.01,36.32,110500
8528595,2005-08-11,WABC,52.89,53.88,52.7,53.59,36.72,115200
8528596,2005-08-12,WABC,53.44,53.44,52.06,52.94,36.28,111200
8528597,2005-08-15,WABC,52.82,53.63,52.29,53.3,36.52,56700
8528598,2005-08-16,WABC,53.54,53.54,52.58,52.6,36.04,90600
8528599,2005-08-17,WABC,52.56,53.08,52.31,52.62,36.06,74200
8528600,2005-08-18,WABC,52.49,52.53,51.84,52.32,35.85,92900
8528601,2005-08-19,WABC,52.15,52.6,51.74,52.5,35.97,65300
8528602,2005-08-22,WABC,52.64,52.98,52.19,52.86,36.22,72800
8528603,2005-08-23,WABC,52.92,52.99,51.8,52.21,35.78,87600
8528604,2005-08-24,WABC,52.22,53.3,51.94,52.12,35.71,72200
8528605,2005-08-25,WABC,52.4,52.6,51.86,52.53,36.0,73600
8528606,2005-08-26,WABC,52.5,52.62,51.47,51.47,35.27,99900
8528607,2005-08-29,WABC,51.79,51.79,51.01,51.56,35.33,119500
8528608,2005-08-30,WABC,51.49,51.53,51.0,51.17,35.06,157700
8528609,2005-08-31,WABC,51.2,52.28,50.81,52.21,35.78,120200
8528610,2005-09-01,WABC,52.22,53.09,51.82,52.69,36.1,135600
8528611,2005-09-02,WABC,52.69,52.92,52.09,52.18,35.76,56600
8528612,2005-09-06,WABC,52.34,53.54,52.34,53.54,36.69,50100
8528613,2005-09-07,WABC,53.27,53.45,52.55,52.81,36.19,54600
8528614,2005-09-08,WABC,52.65,52.65,51.7,51.89,35.56,85900
8528615,2005-09-09,WABC,51.99,52.59,51.94,52.22,35.78,64800
8528616,2005-09-12,WABC,52.2,52.4,51.96,52.18,35.76,101000
8528617,2005-09-13,WABC,51.99,51.99,51.02,51.31,35.16,61800
8528618,2005-09-14,WABC,51.8,51.82,51.1,51.1,35.02,89600
8528619,2005-09-15,WABC,51.03,51.5,51.03,51.22,35.1,54300
8528620,2005-09-16,WABC,51.4,52.31,51.33,52.19,35.76,280000
8528621,2005-09-19,WABC,52.09,52.09,51.19,51.37,35.2,68600
8528622,2005-09-20,WABC,51.48,52.33,50.88,51.16,35.06,91100
8528623,2005-09-21,WABC,50.98,51.39,50.67,50.85,34.84,129300
8528624,2005-09-22,WABC,50.82,51.91,50.43,51.53,35.31,110900
8528625,2005-09-23,WABC,51.5,51.68,50.98,51.58,35.34,92600
8528626,2005-09-26,WABC,51.52,52.24,51.47,51.9,35.56,72300
8528627,2005-09-27,WABC,51.5,52.3,51.1,52.27,35.82,165500
8528628,2005-09-28,WABC,52.35,52.36,50.32,50.84,34.84,135400
8528629,2005-09-29,WABC,50.57,51.87,49.93,51.82,35.51,160700
8528630,2005-09-30,WABC,51.62,51.8,51.3,51.65,35.39,149100
8528631,2005-10-03,WABC,51.52,52.0,51.43,51.88,35.55,128700
8528632,2005-10-04,WABC,51.71,52.17,50.82,50.82,34.82,102900
8528633,2005-10-05,WABC,50.72,50.83,49.94,50.27,34.45,201900
8528634,2005-10-06,WABC,50.78,51.09,49.9,50.61,34.68,141500
8528635,2005-10-07,WABC,50.74,51.02,50.47,50.57,34.65,67600
8528636,2005-10-10,WABC,50.92,50.92,49.82,49.93,34.21,160400
8528637,2005-10-11,WABC,49.89,50.15,48.16,48.16,33.0,177100
8528638,2005-10-12,WABC,48.1,48.56,47.56,48.22,33.04,204300
8528639,2005-10-13,WABC,48.0,48.73,47.33,48.5,33.23,200100
8528640,2005-10-14,WABC,48.84,49.42,48.28,49.34,33.81,111800
8528641,2005-10-17,WABC,49.15,49.47,48.46,49.05,33.61,113300
8528642,2005-10-18,WABC,49.21,49.33,48.25,48.46,33.21,127100
8528643,2005-10-19,WABC,48.03,49.6,47.98,49.56,33.96,252800
8528644,2005-10-20,WABC,49.38,50.5,49.28,50.25,34.43,261000
8528645,2005-10-21,WABC,50.14,51.78,50.14,51.27,35.13,215800
8528646,2005-10-24,WABC,51.56,51.8,51.13,51.8,35.5,247300
8528647,2005-10-25,WABC,51.54,51.95,51.35,51.94,35.59,203700
8528648,2005-10-26,WABC,51.7,52.55,51.56,52.21,35.78,176500
8528649,2005-10-27,WABC,51.99,52.25,51.79,52.05,35.67,172400
8528650,2005-10-28,WABC,52.05,52.89,52.05,52.82,36.19,128500
8528651,2005-10-31,WABC,52.82,53.75,52.82,53.31,36.53,154600
8528652,2005-11-01,WABC,53.05,53.36,52.41,53.0,36.32,146700
8528653,2005-11-02,WABC,52.9,54.01,52.9,53.99,37.0,143000
8528654,2005-11-03,WABC,54.0,54.0,53.28,53.61,36.95,131300
8528655,2005-11-04,WABC,53.83,54.0,53.3,54.0,37.22,115300
8528656,2005-11-07,WABC,53.73,54.7,53.73,54.39,37.49,91400
8528657,2005-11-08,WABC,54.0,54.16,53.52,53.89,37.15,98500
8528658,2005-11-09,WABC,53.74,54.25,53.49,53.94,37.18,110700
8528659,2005-11-10,WABC,54.21,55.3,53.52,55.26,38.09,121700
8528660,2005-11-11,WABC,55.06,55.48,54.83,55.36,38.16,44800
8528661,2005-11-14,WABC,55.39,55.42,54.28,54.76,37.75,74500
8528662,2005-11-15,WABC,54.49,55.03,53.45,53.66,36.99,116500
8528663,2005-11-16,WABC,53.6,53.83,52.99,53.39,36.8,81800
8528664,2005-11-17,WABC,53.74,54.45,53.48,54.3,37.43,70700
8528665,2005-11-18,WABC,54.71,54.72,54.08,54.33,37.45,92700
8528666,2005-11-21,WABC,54.46,54.87,54.1,54.68,37.69,131800
8528667,2005-11-22,WABC,54.37,55.2,54.06,55.12,38.0,52400
8528668,2005-11-23,WABC,54.92,55.33,54.63,54.84,37.8,79100
8528669,2005-11-25,WABC,54.96,55.01,54.52,54.79,37.77,36500
8528670,2005-11-28,WABC,54.96,54.97,54.31,54.73,37.73,125100
8528671,2005-11-29,WABC,55.11,55.24,54.4,54.91,37.85,74900
8528672,2005-11-30,WABC,54.77,55.34,54.1,54.64,37.66,117900
8528673,2005-12-01,WABC,54.35,55.28,54.35,55.05,37.95,107300
8528674,2005-12-02,WABC,54.88,55.11,54.41,55.09,37.97,93500
8528675,2005-12-05,WABC,53.41,54.24,53.4,53.98,37.21,228800
8528676,2005-12-06,WABC,53.84,54.47,53.71,54.07,37.27,215400
8528677,2005-12-07,WABC,54.24,54.24,53.5,53.94,37.18,167300
8528678,2005-12-08,WABC,53.78,54.57,53.49,53.97,37.2,107400
8528679,2005-12-09,WABC,53.69,54.94,53.65,54.63,37.66,75000
8528680,2005-12-12,WABC,54.75,54.85,53.75,54.46,37.54,115300
8528681,2005-12-13,WABC,54.69,54.78,53.89,54.34,37.46,71100
8528682,2005-12-14,WABC,54.07,54.73,54.02,54.46,37.54,110700
8528683,2005-12-15,WABC,54.24,54.43,53.27,54.04,37.25,124600
8528684,2005-12-16,WABC,54.1,54.42,53.79,53.98,37.21,294800
8528685,2005-12-19,WABC,54.0,54.0,53.55,53.66,36.99,187500
8528686,2005-12-20,WABC,53.63,54.28,53.6,53.75,37.05,96100
8528687,2005-12-21,WABC,53.75,54.27,53.7,54.1,37.29,77100
8528688,2005-12-22,WABC,54.09,54.15,53.51,53.79,37.08,255600
8528689,2005-12-23,WABC,53.84,54.09,53.8,53.9,37.15,50700
8528690,2005-12-27,WABC,54.13,54.32,53.45,53.45,36.84,108200
8528691,2005-12-28,WABC,53.64,53.94,53.42,53.84,37.11,62300
8528692,2005-12-29,WABC,53.64,53.72,53.18,53.2,36.67,72800
8528693,2005-12-30,WABC,52.95,53.29,52.42,53.07,36.58,115300
8528694,2006-01-03,WABC,53.0,54.5,52.78,54.44,37.53,163900
8528695,2006-01-04,WABC,54.25,54.97,54.25,54.87,37.82,217500
8528696,2006-01-05,WABC,54.86,55.0,54.75,54.85,37.81,160800
8528697,2006-01-06,WABC,54.9,55.12,54.72,55.03,37.93,166600
8528698,2006-01-09,WABC,55.1,55.25,54.86,55.1,37.98,100100
8528699,2006-01-10,WABC,54.8,55.0,54.64,54.97,37.89,161800
8528700,2006-01-11,WABC,54.85,55.07,54.19,54.72,37.72,78600
8528701,2006-01-12,WABC,54.63,54.63,53.67,53.76,37.06,114500
8528702,2006-01-13,WABC,54.0,54.29,53.74,53.77,37.06,72200
8528703,2006-01-17,WABC,53.36,53.77,53.27,53.69,37.01,84200
8528704,2006-01-18,WABC,53.3,53.87,53.14,53.55,36.91,74800
8528705,2006-01-19,WABC,53.76,54.19,53.41,54.14,37.32,51300
8528706,2006-01-20,WABC,53.81,54.12,51.66,51.92,35.79,292100
8528707,2006-01-23,WABC,51.63,52.42,51.63,52.15,35.95,138400
8528708,2006-01-24,WABC,52.41,53.18,52.24,52.71,36.33,133900
8528709,2006-01-25,WABC,52.6,53.0,52.12,52.48,36.18,186200
8528710,2006-01-26,WABC,52.79,53.77,52.65,53.69,37.01,91100
8528711,2006-01-27,WABC,53.79,54.08,53.39,53.94,37.18,75100
8528712,2006-01-30,WABC,54.13,54.13,53.38,53.38,36.8,118300
8528713,2006-01-31,WABC,53.25,54.0,52.91,53.82,37.1,75500
8528714,2006-02-01,WABC,53.53,54.0,53.35,53.67,37.0,141100
8528715,2006-02-02,WABC,53.12,53.64,53.12,53.38,37.02,133700
8528716,2006-02-03,WABC,53.16,53.93,52.88,53.39,37.02,128000
8528717,2006-02-06,WABC,53.29,54.07,52.98,53.98,37.43,101800
8528718,2006-02-07,WABC,53.81,54.25,53.63,53.82,37.32,203200
8528719,2006-02-08,WABC,53.66,54.12,53.52,53.97,37.43,217600
8528720,2006-02-09,WABC,54.11,54.48,53.6,53.61,37.18,128400
8528721,2006-02-10,WABC,53.42,54.01,52.82,53.79,37.3,155700
8528722,2006-02-13,WABC,53.68,54.3,53.6,53.84,37.34,169700
8528723,2006-02-14,WABC,54.08,55.0,53.83,54.38,37.71,174200
8528724,2006-02-15,WABC,54.64,54.99,54.2,54.98,38.13,113600
8528725,2006-02-16,WABC,54.89,55.15,54.68,54.96,38.11,124500
8528726,2006-02-17,WABC,55.0,55.0,54.26,54.27,37.63,164400
8528727,2006-02-21,WABC,54.08,54.54,53.62,54.24,37.61,114100
8528728,2006-02-22,WABC,54.12,55.0,54.1,54.78,37.99,139900
8528729,2006-02-23,WABC,54.5,55.12,54.26,54.54,37.82,158200
8528730,2006-02-24,WABC,54.41,54.84,54.02,54.81,38.01,120700
8528731,2006-02-27,WABC,54.99,55.42,54.63,55.03,38.16,68800
8528732,2006-02-28,WABC,54.72,54.88,54.07,54.24,37.61,137200
8528733,2006-03-01,WABC,54.14,55.07,54.1,54.59,37.86,155800
8528734,2006-03-02,WABC,54.11,54.11,52.62,52.92,36.7,504000
8528735,2006-03-03,WABC,52.61,53.34,52.42,52.9,36.68,203000
8528736,2006-03-06,WABC,52.75,52.84,51.85,52.76,36.59,192300
8528737,2006-03-07,WABC,52.5,52.96,52.16,52.84,36.64,94000
8528738,2006-03-08,WABC,52.67,53.28,52.31,53.11,36.83,193000
8528739,2006-03-09,WABC,53.3,53.3,52.26,52.33,36.29,160900
8528740,2006-03-10,WABC,52.15,53.12,52.05,53.12,36.84,66500
8528741,2006-03-13,WABC,52.95,53.82,52.85,53.05,36.79,91200
8528742,2006-03-14,WABC,52.89,53.85,52.62,53.79,37.3,124400
8528743,2006-03-15,WABC,53.92,53.95,53.05,53.72,37.25,82400
8528744,2006-03-16,WABC,53.65,53.72,53.05,53.18,36.88,124300
8528745,2006-03-17,WABC,53.38,54.04,52.91,53.97,37.43,429800
8528746,2006-03-20,WABC,54.04,54.04,53.53,53.88,37.36,121800
8528747,2006-03-21,WABC,52.54,53.91,52.48,52.54,36.43,175700
8528748,2006-03-22,WABC,52.52,53.48,52.29,53.4,37.03,123600
8528749,2006-03-23,WABC,53.51,53.51,52.7,53.12,36.84,77600
8528750,2006-03-24,WABC,53.24,53.41,52.75,53.41,37.04,63700
8528751,2006-03-27,WABC,53.29,53.55,52.51,52.76,36.59,66400
8528752,2006-03-28,WABC,52.81,53.02,51.83,51.9,35.99,229400
8528753,2006-03-29,WABC,51.91,52.57,51.71,51.81,35.93,291500
8528754,2006-03-30,WABC,51.75,52.1,51.38,51.82,35.93,283200
8528755,2006-03-31,WABC,51.98,52.08,51.65,51.92,36.0,195000
8528756,2006-04-03,WABC,52.06,52.16,51.53,51.69,35.84,196400
8528757,2006-04-04,WABC,51.58,52.19,51.41,51.97,36.04,113700
8528758,2006-04-05,WABC,51.79,52.17,51.44,52.15,36.16,118500
8528759,2006-04-06,WABC,51.8,52.15,51.47,51.84,35.95,89100
8528760,2006-04-07,WABC,51.99,52.29,51.18,51.57,35.76,118600
8528761,2006-04-10,WABC,51.48,52.42,51.48,51.84,35.95,108100
8528762,2006-04-11,WABC,51.78,52.01,51.01,51.29,35.57,114100
8528763,2006-04-12,WABC,51.28,51.33,50.75,51.06,35.41,147500
8528764,2006-04-13,WABC,50.91,51.49,50.84,51.21,35.51,70000
8528765,2006-04-17,WABC,50.96,51.34,50.57,51.0,35.37,71200
8528766,2006-04-18,WABC,51.02,52.89,51.02,52.89,36.68,150400
8528767,2006-04-19,WABC,52.64,52.8,51.44,51.63,35.8,300600
8528768,2006-04-20,WABC,51.54,51.7,50.84,51.36,35.62,157300
8528769,2006-04-21,WABC,51.48,51.78,51.04,51.39,35.64,201400
8528770,2006-04-24,WABC,51.08,51.08,50.51,50.77,35.21,92600
8528771,2006-04-25,WABC,50.75,50.86,50.23,50.86,35.27,114300
8528772,2006-04-26,WABC,50.63,51.15,50.63,50.86,35.27,121800
8528773,2006-04-27,WABC,50.81,51.53,50.56,50.94,35.32,301900
8528774,2006-04-28,WABC,50.71,51.4,50.61,51.14,35.46,217000
8528775,2006-05-01,WABC,51.15,51.55,50.58,50.69,35.15,123500
8528776,2006-05-02,WABC,50.57,50.99,50.34,50.95,35.33,161300
8528777,2006-05-03,WABC,50.84,51.24,50.7,51.0,35.37,118500
8528778,2006-05-04,WABC,50.84,51.13,50.61,50.93,35.54,90700
8528779,2006-05-05,WABC,51.18,52.33,51.11,52.1,36.36,148100
8528780,2006-05-08,WABC,52.1,52.13,51.82,51.9,36.22,112000
8528781,2006-05-09,WABC,51.82,52.04,51.58,52.01,36.29,117900
8528782,2006-05-10,WABC,51.88,52.15,51.6,51.88,36.2,137200
8528783,2006-05-11,WABC,51.8,51.95,51.47,51.47,35.92,241200
8528784,2006-05-12,WABC,51.25,51.86,51.14,51.32,35.81,173900
8528785,2006-05-15,WABC,51.08,52.2,50.91,51.88,36.2,151800
8528786,2006-05-16,WABC,52.22,52.22,51.65,51.94,36.25,135700
8528787,2006-05-17,WABC,51.67,51.71,50.85,50.94,35.55,206300
8528788,2006-05-18,WABC,51.25,51.26,50.56,50.58,35.3,192600
8528789,2006-05-19,WABC,50.48,51.47,50.48,51.15,35.69,264100
8528790,2006-05-22,WABC,50.89,52.03,50.32,51.53,35.96,196100
8528791,2006-05-23,WABC,51.88,52.01,50.87,50.87,35.5,194600
8528792,2006-05-24,WABC,50.84,51.65,50.35,51.4,35.87,217900
8528793,2006-05-25,WABC,50.1,50.85,49.16,49.81,34.76,720200
8528794,2006-05-26,WABC,49.84,50.21,49.64,50.1,34.96,199200
8528795,2006-05-30,WABC,49.45,49.45,48.05,48.4,33.78,439200
8528796,2006-05-31,WABC,48.41,48.7,48.07,48.54,33.87,403300
8528797,2006-06-01,WABC,48.68,49.66,48.51,49.64,34.64,256200
8528798,2006-06-02,WABC,49.75,49.91,49.31,49.51,34.55,183600
8528799,2006-06-05,WABC,49.31,49.33,47.91,47.97,33.47,219800
8528800,2006-06-06,WABC,48.0,48.65,47.68,48.64,33.94,238000
8528801,2006-06-07,WABC,48.67,49.58,48.5,49.05,34.23,202700
8528802,2006-06-08,WABC,48.78,50.05,48.32,50.01,34.9,307800
8528803,2006-06-09,WABC,50.21,50.3,49.32,49.52,34.56,139200
8528804,2006-06-12,WABC,49.49,49.97,48.82,49.1,34.26,236300
8528805,2006-06-13,WABC,49.06,49.94,48.64,48.92,34.14,298700
8528806,2006-06-14,WABC,48.87,49.01,48.0,48.51,33.85,206800
8528807,2006-06-15,WABC,48.66,49.81,48.47,49.78,34.74,143600
8528808,2006-06-16,WABC,49.71,49.9,48.98,49.09,34.26,534300
8528809,2006-06-19,WABC,49.12,49.27,48.67,48.8,34.05,249100
8528810,2006-06-20,WABC,48.75,49.28,48.55,48.69,33.98,178100
8528811,2006-06-21,WABC,48.65,48.85,48.38,48.41,33.78,292900
8528812,2006-06-22,WABC,48.15,48.37,47.85,47.97,33.47,176900
8528813,2006-06-23,WABC,47.75,47.91,47.2,47.56,33.19,284200
8528814,2006-06-26,WABC,47.51,48.35,47.51,48.34,33.73,123000
8528815,2006-06-27,WABC,48.36,48.61,47.52,47.63,33.24,158000
8528816,2006-06-28,WABC,47.77,47.97,47.4,47.73,33.31,130600
8528817,2006-06-29,WABC,47.88,49.25,47.82,49.25,34.37,177200
8528818,2006-06-30,WABC,49.13,49.35,48.54,48.97,34.17,289700
8528819,2006-07-03,WABC,48.76,49.46,48.62,49.36,34.44,91200
8528820,2006-07-05,WABC,49.04,49.04,47.82,48.01,33.5,217900
8528821,2006-07-06,WABC,48.18,48.41,47.77,48.1,33.57,113000
8528822,2006-07-07,WABC,47.87,48.45,47.56,47.64,33.24,105100
8528823,2006-07-10,WABC,47.69,48.05,47.61,47.71,33.29,98200
8528824,2006-07-11,WABC,47.52,47.87,46.93,47.85,33.39,363500
8528825,2006-07-12,WABC,47.72,47.86,46.79,46.83,32.68,187100
8528826,2006-07-13,WABC,46.73,46.9,46.07,46.14,32.2,214600
8528827,2006-07-14,WABC,46.04,46.46,45.62,46.21,32.25,283700
8528828,2006-07-17,WABC,46.08,46.54,45.89,46.4,32.38,131600
8528829,2006-07-18,WABC,46.57,47.06,45.85,47.0,32.8,298200
8528830,2006-07-19,WABC,47.05,47.95,46.6,47.84,33.38,293800
8528831,2006-07-20,WABC,47.76,47.99,46.65,46.65,32.55,250800
8528832,2006-07-21,WABC,46.49,46.49,45.44,46.19,32.23,366500
8528833,2006-07-24,WABC,46.42,47.17,46.39,47.17,32.92,128400
8528834,2006-07-25,WABC,47.03,47.53,46.55,46.85,32.69,264300
8528835,2006-07-26,WABC,46.69,47.6,46.31,47.31,33.01,214600
8528836,2006-07-27,WABC,47.43,47.84,46.86,47.09,32.86,175600
8528837,2006-07-28,WABC,47.36,48.71,47.33,48.38,33.76,245100
8528838,2006-07-31,WABC,48.45,48.49,47.8,48.11,33.57,190300
8528839,2006-08-01,WABC,47.98,48.17,47.21,47.82,33.37,144900
8528840,2006-08-02,WABC,48.01,48.25,47.77,48.12,33.58,100900
8528841,2006-08-03,WABC,47.68,48.74,47.11,48.37,33.98,229300
8528842,2006-08-04,WABC,48.83,49.36,48.23,48.67,34.19,127500
8528843,2006-08-07,WABC,48.41,48.55,48.01,48.2,33.86,136600
8528844,2006-08-08,WABC,48.41,48.51,47.49,47.56,33.41,187500
8528845,2006-08-09,WABC,47.88,48.23,47.06,47.1,33.09,176100
8528846,2006-08-10,WABC,46.91,47.87,46.86,47.67,33.49,172800
8528847,2006-08-11,WABC,47.77,47.77,46.93,47.55,33.4,82300
8528848,2006-08-14,WABC,47.63,48.07,47.3,47.31,33.24,113500
8528849,2006-08-15,WABC,48.01,48.37,47.84,48.18,33.85,89400
8528850,2006-08-16,WABC,48.5,48.5,48.02,48.13,33.81,138100
8528851,2006-08-17,WABC,48.16,48.3,47.97,48.06,33.76,75200
8528852,2006-08-18,WABC,48.23,48.23,47.65,47.97,33.7,126000
8528853,2006-08-21,WABC,47.64,48.01,47.53,47.77,33.56,107100
8528854,2006-08-22,WABC,47.68,48.41,47.63,48.17,33.84,130000
8528855,2006-08-23,WABC,48.02,48.34,47.05,47.19,33.15,126600
8528856,2006-08-24,WABC,47.3,47.66,47.01,47.3,33.23,114100
8528857,2006-08-25,WABC,47.08,47.66,46.94,47.26,33.2,69600
8528858,2006-08-28,WABC,47.38,48.06,47.26,47.89,33.64,94000
8528859,2006-08-29,WABC,47.97,48.08,47.44,47.96,33.69,95200
8528860,2006-08-30,WABC,47.84,48.33,47.84,47.95,33.68,113000
8528861,2006-08-31,WABC,47.84,48.33,47.79,47.83,33.6,95500
8528862,2006-09-01,WABC,47.92,48.06,47.71,47.75,33.54,60100
8528863,2006-09-05,WABC,47.87,48.15,47.79,48.0,33.72,113700
8528864,2006-09-06,WABC,47.73,47.78,47.34,47.44,33.33,62900
8528865,2006-09-07,WABC,47.25,47.86,47.25,47.52,33.38,198200
8528866,2006-09-08,WABC,47.65,47.65,47.05,47.6,33.44,181400
8528867,2006-09-11,WABC,47.35,47.98,47.35,47.95,33.68,110200
8528868,2006-09-12,WABC,48.0,49.12,47.87,49.09,34.49,225400
8528869,2006-09-13,WABC,49.27,50.12,48.93,50.04,35.15,248800
8528870,2006-09-14,WABC,49.81,49.81,49.36,49.71,34.92,116700
8528871,2006-09-15,WABC,50.0,51.17,49.96,50.66,35.59,411600
8528872,2006-09-18,WABC,50.54,50.68,49.78,49.96,35.1,117900
8528873,2006-09-19,WABC,49.93,50.03,49.22,49.87,35.03,179200
8528874,2006-09-20,WABC,50.08,51.14,50.03,50.86,35.73,118500
8528875,2006-09-21,WABC,51.06,51.27,50.07,50.3,35.34,102600
8528876,2006-09-22,WABC,50.4,50.4,49.47,49.76,34.96,114500
8528877,2006-09-25,WABC,49.63,50.89,49.63,50.72,35.63,72800
8528878,2006-09-26,WABC,50.9,50.93,50.26,50.7,35.62,83400
8528879,2006-09-27,WABC,50.75,51.27,50.67,50.98,35.81,96100
8528880,2006-09-28,WABC,50.76,51.38,50.76,51.1,35.9,115400
8528881,2006-09-29,WABC,51.32,51.36,50.5,50.51,35.48,174400
8528882,2006-10-02,WABC,50.45,50.45,49.57,49.91,35.06,109100
8528883,2006-10-03,WABC,49.85,50.11,49.45,49.65,34.88,112700
8528884,2006-10-04,WABC,49.7,50.08,49.26,50.02,35.14,241100
8528885,2006-10-05,WABC,50.1,50.9,49.85,50.86,35.73,187700
8528886,2006-10-06,WABC,50.74,50.9,50.27,50.6,35.55,92000
8528887,2006-10-09,WABC,50.39,50.9,50.32,50.88,35.74,123800
8528888,2006-10-10,WABC,50.8,51.05,50.58,50.79,35.68,103400
8528889,2006-10-11,WABC,50.75,50.77,49.99,50.5,35.48,123300
8528890,2006-10-12,WABC,50.57,51.15,50.33,51.12,35.91,108200
8528891,2006-10-13,WABC,51.23,51.57,51.13,51.47,36.16,87700
8528892,2006-10-16,WABC,51.29,51.79,51.29,51.42,36.12,117500
8528893,2006-10-17,WABC,51.05,51.18,50.5,50.88,35.74,146600
8528894,2006-10-18,WABC,50.94,50.95,50.3,50.49,35.47,179600
8528895,2006-10-19,WABC,50.51,50.51,50.05,50.25,35.3,148400
8528896,2006-10-20,WABC,50.26,50.26,49.56,49.68,34.9,146000
8528897,2006-10-23,WABC,49.57,50.09,49.33,49.91,35.06,148100
8528898,2006-10-24,WABC,49.8,49.84,49.1,49.4,34.7,159000
8528899,2006-10-25,WABC,49.48,49.8,49.32,49.75,34.95,163100
8528900,2006-10-26,WABC,50.0,50.37,49.33,50.35,35.37,163100
8528901,2006-10-27,WABC,50.21,50.35,49.84,49.94,35.08,97200
8528902,2006-10-30,WABC,49.9,50.34,49.48,50.2,35.27,163800
8528903,2006-10-31,WABC,50.44,50.52,49.73,49.85,35.02,106100
8528904,2006-11-01,WABC,49.98,50.07,49.02,49.08,34.48,158800
8528905,2006-11-02,WABC,48.66,48.69,48.06,48.33,34.19,221700
8528906,2006-11-03,WABC,48.41,48.83,47.96,48.36,34.21,132000
8528907,2006-11-06,WABC,48.6,49.11,48.38,48.92,34.61,132900
8528908,2006-11-07,WABC,48.89,49.78,48.89,49.13,34.75,123700
8528909,2006-11-08,WABC,48.9,49.54,48.9,49.37,34.92,103700
8528910,2006-11-09,WABC,49.53,49.53,48.7,48.91,34.6,107700
8528911,2006-11-10,WABC,48.87,49.28,48.85,49.28,34.86,57200
8528912,2006-11-13,WABC,49.17,49.68,49.06,49.46,34.99,96500
8528913,2006-11-14,WABC,49.43,50.04,48.96,49.99,35.36,143800
8528914,2006-11-15,WABC,50.05,50.45,49.8,50.38,35.64,122300
8528915,2006-11-16,WABC,50.5,50.58,50.0,50.53,35.75,116200
8528916,2006-11-17,WABC,50.56,50.56,49.73,50.37,35.63,138300
8528917,2006-11-20,WABC,50.38,50.5,50.06,50.44,35.68,113600
8528918,2006-11-21,WABC,50.32,50.45,49.98,50.37,35.63,65000
8528919,2006-11-22,WABC,50.3,50.39,50.0,50.25,35.55,61300
8528920,2006-11-24,WABC,50.03,50.29,50.0,50.17,35.49,32900
8528921,2006-11-27,WABC,49.97,50.0,48.78,48.98,34.65,189300
8528922,2006-11-28,WABC,48.76,48.91,48.44,48.85,34.56,107400
8528923,2006-11-29,WABC,49.16,49.57,48.95,49.56,35.06,108600
8528924,2006-11-30,WABC,49.41,49.6,48.89,49.53,35.04,131200
8528925,2006-12-01,WABC,49.38,49.61,48.5,49.2,34.8,161600
8528926,2006-12-04,WABC,49.31,50.13,49.24,50.13,35.46,118100
8528927,2006-12-05,WABC,50.14,50.36,49.79,50.18,35.5,72300
8528928,2006-12-06,WABC,49.99,50.02,49.59,49.66,35.13,116400
8528929,2006-12-07,WABC,49.81,49.81,49.2,49.28,34.86,89300
8528930,2006-12-08,WABC,49.35,49.46,48.78,49.39,34.94,94300
8528931,2006-12-11,WABC,49.46,49.76,49.25,49.59,35.08,45300
8528932,2006-12-12,WABC,49.69,49.83,49.35,49.78,35.21,69700
8528933,2006-12-13,WABC,49.91,50.09,49.79,50.07,35.42,54400
8528934,2006-12-14,WABC,50.09,50.75,49.99,50.55,35.76,101000
8528935,2006-12-15,WABC,50.6,50.92,50.42,50.65,35.83,220000
8528936,2006-12-18,WABC,50.56,50.78,50.11,50.27,35.56,108400
8528937,2006-12-19,WABC,50.21,50.66,50.01,50.49,35.72,107300
8528938,2006-12-20,WABC,50.58,50.88,50.36,50.44,35.68,68300
8528939,2006-12-21,WABC,50.44,50.75,50.19,50.36,35.62,86200
8528940,2006-12-22,WABC,50.36,50.36,50.1,50.13,35.46,91300
8528941,2006-12-26,WABC,49.97,50.95,49.97,50.86,35.98,63700
8528942,2006-12-27,WABC,50.94,51.59,50.94,51.23,36.24,183000
8528943,2006-12-28,WABC,51.25,51.36,51.03,51.08,36.13,69800
8528944,2006-12-29,WABC,51.01,51.29,50.62,50.63,35.82,108700
8528945,2007-01-03,WABC,50.57,51.2,50.41,51.04,36.11,185100
8528946,2007-01-04,WABC,51.08,51.08,50.31,50.66,35.84,240900
8528947,2007-01-05,WABC,50.52,50.66,49.41,49.64,35.12,152000
8528948,2007-01-08,WABC,49.57,49.59,48.85,49.31,34.88,164200
8528949,2007-01-09,WABC,49.26,49.35,48.39,49.0,34.66,123600
8528950,2007-01-10,WABC,48.68,49.08,48.57,48.99,34.66,121500
8528951,2007-01-11,WABC,49.15,49.89,49.12,49.49,35.01,100200
8528952,2007-01-12,WABC,49.56,49.88,49.54,49.78,35.21,54000
8528953,2007-01-16,WABC,49.95,50.15,49.33,49.44,34.97,97900
8528954,2007-01-17,WABC,49.36,49.45,48.88,49.1,34.73,142700
8528955,2007-01-18,WABC,48.95,49.04,48.46,48.71,34.46,232300
8528956,2007-01-19,WABC,48.7,49.06,48.69,49.01,34.67,130900
8528957,2007-01-22,WABC,48.91,48.91,48.3,48.63,34.4,209700
8528958,2007-01-23,WABC,48.54,49.05,48.32,48.81,34.53,113100
8528959,2007-01-24,WABC,48.92,49.11,48.49,49.07,34.71,108300
8528960,2007-01-25,WABC,48.97,49.03,48.22,48.39,34.23,111900
8528961,2007-01-26,WABC,48.36,48.66,47.8,48.54,34.34,107700
8528962,2007-01-29,WABC,48.44,49.54,48.44,49.53,35.04,171200
8528963,2007-01-30,WABC,49.57,49.68,49.1,49.66,35.13,172700
8528964,2007-01-31,WABC,49.55,50.02,49.19,49.76,35.2,182900
8528965,2007-02-01,WABC,49.92,50.29,49.62,50.13,35.71,212100
8528966,2007-02-02,WABC,50.28,50.31,49.85,50.02,35.63,164400
8528967,2007-02-05,WABC,49.89,50.27,49.55,50.11,35.69,189000
8528968,2007-02-06,WABC,50.24,50.56,50.04,50.56,36.01,163000
8528969,2007-02-07,WABC,50.0,50.92,50.0,50.87,36.23,157200
8528970,2007-02-08,WABC,50.72,50.81,50.27,50.42,35.91,140800
8528971,2007-02-09,WABC,50.38,50.56,49.91,50.05,35.65,114000
8528972,2007-02-12,WABC,50.14,50.37,49.76,50.33,35.85,69800
8528973,2007-02-13,WABC,50.3,50.9,50.3,50.9,36.25,121100
8528974,2007-02-14,WABC,50.91,51.25,50.47,50.91,36.26,132100
8528975,2007-02-15,WABC,50.75,50.89,50.5,50.72,36.13,166700
8528976,2007-02-16,WABC,50.82,51.36,50.64,51.33,36.56,190700
8528977,2007-02-20,WABC,51.19,51.47,50.97,51.36,36.58,181200
8528978,2007-02-21,WABC,51.26,51.33,51.01,51.32,36.55,89900
8528979,2007-02-22,WABC,51.26,51.43,50.98,51.39,36.6,122200
8528980,2007-02-23,WABC,51.44,51.47,50.92,51.28,36.53,112900
8528981,2007-02-26,WABC,51.45,51.45,50.97,51.18,36.45,136300
8528982,2007-02-27,WABC,50.6,50.99,49.51,49.51,35.26,190300
8528983,2007-02-28,WABC,49.49,49.88,48.81,49.1,34.97,280400
8528984,2007-03-01,WABC,48.92,49.38,48.01,49.02,34.92,249200
8528985,2007-03-02,WABC,48.92,49.15,48.39,48.41,34.48,225900
8528986,2007-03-05,WABC,48.19,48.48,47.48,47.48,33.82,247700
8528987,2007-03-06,WABC,47.58,48.3,47.49,48.07,34.24,153000
8528988,2007-03-07,WABC,48.0,48.13,47.5,47.78,34.03,166800
8528989,2007-03-08,WABC,47.95,48.36,47.71,47.93,34.14,156700
8528990,2007-03-09,WABC,48.08,48.29,47.65,47.98,34.17,92500
8528991,2007-03-12,WABC,47.93,48.21,47.65,48.0,34.19,94700
8528992,2007-03-13,WABC,47.61,47.61,46.81,47.0,33.48,418000
8528993,2007-03-14,WABC,46.85,47.47,46.43,47.34,33.72,251600
8528994,2007-03-15,WABC,47.39,48.03,47.36,47.99,34.18,148100
8528995,2007-03-16,WABC,47.91,48.08,47.46,47.6,33.9,330400
8528996,2007-03-19,WABC,47.63,48.3,47.51,47.87,34.1,174100
8528997,2007-03-20,WABC,47.74,48.41,47.73,48.41,34.48,87400
8528998,2007-03-21,WABC,48.37,49.56,48.16,49.53,35.28,184300
8528999,2007-03-22,WABC,49.65,49.84,49.14,49.37,35.16,171400
8529000,2007-03-23,WABC,49.28,49.94,49.28,49.47,35.24,141000
8529001,2007-03-26,WABC,49.33,49.67,48.96,49.45,35.22,94200
8529002,2007-03-27,WABC,49.42,49.44,48.85,49.02,34.92,105200
8529003,2007-03-28,WABC,48.87,48.91,48.1,48.31,34.41,138700
8529004,2007-03-29,WABC,48.49,48.86,48.02,48.62,34.63,81900
8529005,2007-03-30,WABC,48.44,48.6,47.66,48.17,34.31,251500
8529006,2007-04-02,WABC,48.23,48.25,47.45,47.76,34.02,144400
8529007,2007-04-03,WABC,47.79,48.44,47.69,48.09,34.25,141600
8529008,2007-04-04,WABC,48.01,48.18,47.56,47.66,33.95,143500
8529009,2007-04-05,WABC,47.76,47.76,47.42,47.64,33.93,98400
8529010,2007-04-09,WABC,47.61,47.73,47.18,47.33,33.71,137700
8529011,2007-04-10,WABC,47.25,47.8,47.25,47.49,33.83,77200
8529012,2007-04-11,WABC,47.43,47.71,46.78,46.95,33.44,160100
8529013,2007-04-12,WABC,46.84,47.03,46.49,46.93,33.43,198300
8529014,2007-04-13,WABC,46.9,47.77,46.8,47.77,34.03,296600
8529015,2007-04-16,WABC,47.85,48.61,47.83,48.4,34.47,166200
8529016,2007-04-17,WABC,48.21,48.5,47.85,47.96,34.16,264300
8529017,2007-04-18,WABC,47.74,48.18,47.61,47.68,33.96,237500
8529018,2007-04-19,WABC,47.59,47.63,46.88,47.06,33.52,217900
8529019,2007-04-20,WABC,47.24,47.63,47.18,47.45,33.8,203000
8529020,2007-04-23,WABC,47.36,47.59,47.12,47.25,33.65,126100
8529021,2007-04-24,WABC,47.41,47.45,46.96,47.26,33.66,165200
8529022,2007-04-25,WABC,47.51,47.62,47.22,47.45,33.8,117400
8529023,2007-04-26,WABC,47.35,47.59,46.96,47.28,33.68,154600
8529024,2007-04-27,WABC,47.15,47.64,47.13,47.35,33.73,180900
8529025,2007-04-30,WABC,47.48,47.55,46.8,46.83,33.36,241700
8529026,2007-05-01,WABC,46.77,47.0,46.46,46.88,33.39,200100
8529027,2007-05-02,WABC,46.96,47.83,46.89,47.65,33.94,150000
8529028,2007-05-03,WABC,47.63,47.95,47.21,47.95,34.4,399100
8529029,2007-05-04,WABC,48.0,48.0,47.3,47.65,34.18,292500
8529030,2007-05-07,WABC,47.58,47.89,47.48,47.6,34.15,115300
8529031,2007-05-08,WABC,47.48,47.5,46.89,47.47,34.05,128800
8529032,2007-05-09,WABC,47.14,47.84,47.1,47.59,34.14,99900
8529033,2007-05-10,WABC,47.39,47.44,46.48,46.51,33.37,233600
8529034,2007-05-11,WABC,46.75,47.25,46.44,47.23,33.88,178800
8529035,2007-05-14,WABC,47.08,47.37,46.81,46.9,33.65,193800
8529036,2007-05-15,WABC,46.8,47.22,46.39,46.41,33.29,228700
8529037,2007-05-16,WABC,46.48,46.97,46.26,46.97,33.7,133200
8529038,2007-05-17,WABC,46.81,46.86,46.43,46.55,33.39,126900
8529039,2007-05-18,WABC,46.7,46.82,46.13,46.6,33.43,272500
8529040,2007-05-21,WABC,46.68,47.01,46.41,46.61,33.44,245300
8529041,2007-05-22,WABC,46.53,47.0,46.29,46.91,33.65,201400
8529042,2007-05-23,WABC,47.0,47.19,46.44,46.53,33.38,190200
8529043,2007-05-24,WABC,46.41,46.86,46.11,46.26,33.19,203700
8529044,2007-05-25,WABC,46.29,46.41,46.03,46.3,33.22,112500
8529045,2007-05-29,WABC,46.34,46.67,46.31,46.65,33.47,123700
8529046,2007-05-30,WABC,46.35,46.78,46.24,46.78,33.56,90100
8529047,2007-05-31,WABC,46.92,46.95,46.24,46.3,33.22,217300
8529048,2007-06-01,WABC,46.36,47.6,46.36,47.6,34.15,212800
8529049,2007-06-04,WABC,47.39,47.57,47.05,47.54,34.1,184100
8529050,2007-06-05,WABC,47.41,47.44,46.7,46.96,33.69,152800
8529051,2007-06-06,WABC,46.66,46.89,46.36,46.51,33.37,138700
8529052,2007-06-07,WABC,46.37,46.37,45.41,45.42,32.58,264100
8529053,2007-06-08,WABC,45.34,46.26,45.34,46.26,33.19,128200
8529054,2007-06-11,WABC,46.05,46.26,45.69,46.05,33.04,155300
8529055,2007-06-12,WABC,45.95,45.95,45.03,45.13,32.38,216300
8529056,2007-06-13,WABC,45.21,45.52,44.62,45.43,32.59,219800
8529057,2007-06-14,WABC,45.55,45.78,45.36,45.45,32.61,99400
8529058,2007-06-15,WABC,46.11,46.28,45.6,45.77,32.83,259000
8529059,2007-06-18,WABC,45.96,46.01,45.48,45.88,32.91,95400
8529060,2007-06-19,WABC,45.68,46.11,45.68,45.97,32.98,131300
8529061,2007-06-20,WABC,46.12,46.19,45.5,45.53,32.66,208800
8529062,2007-06-21,WABC,45.43,45.65,45.02,45.3,32.5,91500
8529063,2007-06-22,WABC,45.27,45.36,44.68,44.81,32.15,499100
8529064,2007-06-25,WABC,44.68,45.38,44.51,44.56,31.97,181200
8529065,2007-06-26,WABC,44.73,45.06,44.43,44.79,32.13,180700
8529066,2007-06-27,WABC,44.61,45.62,44.5,45.57,32.69,153500
8529067,2007-06-28,WABC,45.67,46.07,45.08,45.5,32.64,125000
8529068,2007-06-29,WABC,45.51,45.53,44.23,44.24,31.74,380500
8529069,2007-07-02,WABC,44.25,45.17,44.24,45.1,32.35,313700
8529070,2007-07-03,WABC,45.03,45.4,44.91,45.4,32.57,75900
8529071,2007-07-05,WABC,45.33,45.57,45.23,45.52,32.66,137000
8529072,2007-07-06,WABC,45.44,46.04,45.31,46.0,33.0,145600
8529073,2007-07-09,WABC,46.0,46.0,45.31,45.67,32.76,254700
8529074,2007-07-10,WABC,45.48,45.68,44.68,45.36,32.54,343800
8529075,2007-07-11,WABC,45.38,45.75,45.12,45.35,32.53,281300
8529076,2007-07-12,WABC,45.48,46.44,45.45,46.41,33.29,144000
8529077,2007-07-13,WABC,46.3,46.37,45.83,46.16,33.11,120300
8529078,2007-07-16,WABC,46.0,46.2,45.75,46.15,33.11,136000
8529079,2007-07-17,WABC,45.72,46.33,44.93,44.99,32.28,283800
8529080,2007-07-18,WABC,44.6,44.63,42.89,43.46,31.18,424800
8529081,2007-07-19,WABC,43.75,43.82,43.24,43.27,31.04,428000
8529082,2007-07-20,WABC,43.17,43.68,43.12,43.28,31.05,381100
8529083,2007-07-23,WABC,43.27,43.36,42.94,43.02,30.86,217100
8529084,2007-07-24,WABC,42.9,42.98,41.29,41.46,29.74,346800
8529085,2007-07-25,WABC,41.68,42.76,41.25,42.05,30.17,404000
8529086,2007-07-26,WABC,41.55,41.81,40.48,41.08,29.47,336500
8529087,2007-07-27,WABC,40.86,41.53,40.18,40.25,28.87,498900
8529088,2007-07-30,WABC,40.3,41.05,39.77,40.82,29.28,268400
8529089,2007-07-31,WABC,41.12,42.0,40.64,40.93,29.36,374100
8529090,2007-08-01,WABC,42.01,43.13,41.64,42.6,30.56,377200
8529091,2007-08-02,WABC,42.56,43.25,41.99,42.35,30.63,414700
8529092,2007-08-03,WABC,42.23,42.61,40.5,40.5,29.29,352600
8529093,2007-08-06,WABC,40.66,44.86,40.44,44.46,32.15,525200
8529094,2007-08-07,WABC,44.06,45.33,43.4,43.8,31.67,630400
8529095,2007-08-08,WABC,44.2,47.98,44.2,47.05,34.02,942600
8529096,2007-08-09,WABC,45.87,49.6,45.61,47.36,34.25,1142100
8529097,2007-08-10,WABC,46.85,48.04,45.6,46.72,33.79,575700
8529098,2007-08-13,WABC,47.06,47.25,44.52,44.96,32.51,347800
8529099,2007-08-14,WABC,45.14,45.14,43.89,44.0,31.82,307100
8529100,2007-08-15,WABC,44.0,46.16,43.12,43.22,31.25,341700
8529101,2007-08-16,WABC,43.09,46.97,43.0,46.97,33.97,675100
8529102,2007-08-17,WABC,48.86,50.35,46.94,48.01,34.72,633300
8529103,2007-08-20,WABC,48.02,48.72,46.91,47.31,34.21,258600
8529104,2007-08-21,WABC,47.18,48.77,47.18,48.46,35.04,325400
8529105,2007-08-22,WABC,49.03,49.73,47.98,49.01,35.44,275800
8529106,2007-08-23,WABC,49.32,49.32,47.71,47.9,34.64,271200
8529107,2007-08-24,WABC,47.75,49.09,47.63,49.09,35.5,330400
8529108,2007-08-27,WABC,49.12,49.25,48.32,48.64,35.17,182400
8529109,2007-08-28,WABC,48.46,48.54,47.35,47.36,34.25,217600
8529110,2007-08-29,WABC,47.62,49.15,47.44,49.12,35.52,265400
8529111,2007-08-30,WABC,48.7,49.64,48.19,48.98,35.42,221200
8529112,2007-08-31,WABC,49.34,49.65,48.01,48.55,35.11,163600
8529113,2007-09-04,WABC,48.31,48.97,48.18,48.35,34.96,249600
8529114,2007-09-05,WABC,48.12,48.76,47.61,47.76,34.54,300700
8529115,2007-09-06,WABC,47.96,48.63,47.52,48.13,34.81,200800
8529116,2007-09-07,WABC,47.59,48.4,47.25,47.43,34.3,196700
8529117,2007-09-10,WABC,47.4,47.8,45.99,47.13,34.08,187000
8529118,2007-09-11,WABC,47.22,48.22,47.05,48.0,34.71,172100
8529119,2007-09-12,WABC,47.9,48.26,47.45,47.67,34.47,155100
8529120,2007-09-13,WABC,47.78,48.56,47.41,48.08,34.77,267000
8529121,2007-09-14,WABC,47.75,48.73,47.46,48.42,35.02,195800
8529122,2007-09-17,WABC,48.19,48.31,47.77,47.87,34.62,142500
8529123,2007-09-18,WABC,48.1,50.15,47.83,50.0,36.16,344900
8529124,2007-09-19,WABC,50.12,50.49,49.72,50.0,36.16,299800
8529125,2007-09-20,WABC,49.75,50.43,48.95,49.16,35.55,219800
8529126,2007-09-21,WABC,49.55,49.84,48.93,49.18,35.57,330600
8529127,2007-09-24,WABC,49.16,49.33,47.9,48.11,34.79,202300
8529128,2007-09-25,WABC,47.75,48.42,47.75,48.31,34.94,138200
8529129,2007-09-26,WABC,48.64,49.61,48.45,49.23,35.6,186700
8529130,2007-09-27,WABC,49.31,49.96,49.26,49.86,36.06,208400
8529131,2007-09-28,WABC,49.72,50.11,49.48,49.81,36.02,223800
8529132,2007-10-01,WABC,49.65,50.34,49.03,50.03,36.18,220700
8529133,2007-10-02,WABC,50.14,50.89,49.84,50.85,36.77,180400
8529134,2007-10-03,WABC,50.5,51.25,50.41,51.12,36.97,181100
8529135,2007-10-04,WABC,51.25,52.87,51.18,52.09,37.67,314500
8529136,2007-10-05,WABC,52.49,52.77,51.91,52.26,37.79,300000
8529137,2007-10-08,WABC,51.83,57.22,51.66,52.82,38.2,516300
8529138,2007-10-09,WABC,52.95,53.29,52.32,53.01,38.33,160200
8529139,2007-10-10,WABC,52.84,53.01,52.16,52.34,37.85,205100
8529140,2007-10-11,WABC,52.57,53.26,51.7,52.38,37.88,242500
8529141,2007-10-12,WABC,52.39,52.79,51.31,51.5,37.24,171100
8529142,2007-10-15,WABC,51.34,51.41,49.76,50.5,36.52,271400
8529143,2007-10-16,WABC,50.59,50.69,48.77,48.83,35.31,260900
8529144,2007-10-17,WABC,49.1,49.14,46.35,47.6,34.42,518200
8529145,2007-10-18,WABC,47.36,47.45,46.04,46.71,33.78,297100
8529146,2007-10-19,WABC,46.71,46.71,45.51,45.61,32.98,224900
8529147,2007-10-22,WABC,45.36,47.2,45.11,47.02,34.0,342300
8529148,2007-10-23,WABC,47.28,47.32,45.8,46.69,33.76,239100
8529149,2007-10-24,WABC,46.33,47.15,45.17,46.61,33.71,324800
8529150,2007-10-25,WABC,46.57,47.42,45.79,46.24,33.44,270200
8529151,2007-10-26,WABC,47.0,48.25,46.78,48.06,34.76,235400
8529152,2007-10-29,WABC,48.09,48.38,47.53,48.32,34.94,192000
8529153,2007-10-30,WABC,48.02,48.43,47.45,47.89,34.63,171900
8529154,2007-10-31,WABC,48.2,48.46,47.07,48.08,34.77,234200
8529155,2007-11-01,WABC,47.44,47.44,44.81,45.05,32.81,269200
8529156,2007-11-02,WABC,45.56,45.88,42.86,43.73,31.85,562200
8529157,2007-11-05,WABC,43.31,43.94,42.85,43.45,31.65,208100
8529158,2007-11-06,WABC,43.5,44.79,42.86,44.72,32.57,243900
8529159,2007-11-07,WABC,44.09,44.48,42.3,42.48,30.94,293400
8529160,2007-11-08,WABC,42.87,44.89,42.51,44.86,32.67,421900
8529161,2007-11-09,WABC,44.3,46.4,43.71,45.62,33.23,236500
8529162,2007-11-12,WABC,45.68,47.65,45.4,46.39,33.79,286500
8529163,2007-11-13,WABC,46.69,48.44,46.68,48.18,35.09,214900
8529164,2007-11-14,WABC,48.33,48.33,46.66,46.88,34.14,189200
8529165,2007-11-15,WABC,46.84,46.92,44.53,45.13,32.87,293100
8529166,2007-11-16,WABC,45.2,45.22,43.71,44.66,32.53,276400
8529167,2007-11-19,WABC,44.38,44.38,43.0,43.35,31.57,230600
8529168,2007-11-20,WABC,43.26,43.94,42.11,43.71,31.83,272600
8529169,2007-11-21,WABC,43.33,44.72,42.42,43.4,31.61,269200
8529170,2007-11-23,WABC,43.56,45.3,43.56,44.88,32.69,90100
8529171,2007-11-26,WABC,44.8,44.8,42.61,42.62,31.04,450700
8529172,2007-11-27,WABC,42.73,44.88,42.66,44.72,32.57,314800
8529173,2007-11-28,WABC,45.15,47.31,44.83,47.3,34.45,285300
8529174,2007-11-29,WABC,47.12,47.12,45.74,46.35,33.76,379800
8529175,2007-11-30,WABC,47.11,48.22,46.54,47.01,34.24,551900
8529176,2007-12-03,WABC,46.9,47.72,46.07,46.39,33.79,222700
8529177,2007-12-04,WABC,46.09,46.26,45.23,45.91,33.44,346200
8529178,2007-12-05,WABC,47.03,47.7,45.82,47.0,34.23,382600
8529179,2007-12-06,WABC,46.86,48.9,46.22,48.85,35.58,515100
8529180,2007-12-07,WABC,48.9,48.9,46.93,47.38,34.51,569000
8529181,2007-12-10,WABC,47.38,48.62,47.29,48.57,35.37,494500
8529182,2007-12-11,WABC,48.67,48.81,45.47,45.52,33.15,334700
8529183,2007-12-12,WABC,46.38,47.4,44.48,45.21,32.93,332200
8529184,2007-12-13,WABC,44.7,45.05,43.7,45.02,32.79,695300
8529185,2007-12-14,WABC,44.4,45.21,44.05,44.06,32.09,436800
8529186,2007-12-17,WABC,43.85,45.04,43.64,43.74,31.86,418400
8529187,2007-12-18,WABC,44.23,45.78,43.61,45.42,33.08,327400
8529188,2007-12-19,WABC,45.37,45.92,44.75,45.16,32.89,226000
8529189,2007-12-20,WABC,45.59,45.78,44.21,45.69,33.28,223300
8529190,2007-12-21,WABC,46.29,47.2,45.59,47.05,34.27,512100
8529191,2007-12-24,WABC,46.97,47.74,46.97,47.68,34.73,92600
8529192,2007-12-26,WABC,47.39,47.68,46.82,47.39,34.51,146400
8529193,2007-12-27,WABC,47.33,47.57,45.39,45.42,33.08,161600
8529194,2007-12-28,WABC,45.68,46.2,44.79,44.87,32.68,148300
8529195,2007-12-31,WABC,44.54,45.25,44.06,44.55,32.45,196800
8529196,2008-01-02,WABC,44.41,44.78,43.19,43.57,31.73,276500
8529197,2008-01-03,WABC,43.64,43.89,42.54,42.62,31.04,339700
8529198,2008-01-04,WABC,42.17,42.53,40.64,41.0,29.86,356300
8529199,2008-01-07,WABC,40.94,43.04,40.79,41.87,30.49,506200
8529200,2008-01-08,WABC,42.08,42.41,40.33,40.48,29.48,392700
8529201,2008-01-09,WABC,40.25,41.07,39.04,40.99,29.85,344400
8529202,2008-01-10,WABC,40.61,41.9,39.87,41.26,30.05,901000
8529203,2008-01-11,WABC,41.41,41.92,40.4,40.67,29.62,331000
8529204,2008-01-14,WABC,40.79,40.92,39.29,40.16,29.25,354700
8529205,2008-01-15,WABC,39.64,40.16,39.13,39.53,28.79,426400
8529206,2008-01-16,WABC,40.02,41.66,39.65,40.83,29.74,329400
8529207,2008-01-17,WABC,41.62,43.43,39.76,41.92,30.53,596800
8529208,2008-01-18,WABC,41.58,42.77,40.1,40.99,29.85,988200
8529209,2008-01-22,WABC,39.61,43.58,39.0,43.1,31.39,687800
8529210,2008-01-23,WABC,42.0,48.52,42.0,47.8,34.81,1043200
8529211,2008-01-24,WABC,47.93,48.86,46.35,47.13,34.33,534800
8529212,2008-01-25,WABC,47.36,48.05,46.41,46.78,34.07,364400
8529213,2008-01-28,WABC,46.59,48.95,46.32,48.91,35.62,386500
8529214,2008-01-29,WABC,47.74,48.87,46.51,48.74,35.5,433500
8529215,2008-01-30,WABC,48.39,49.87,47.57,48.24,35.13,429500
8529216,2008-01-31,WABC,47.33,49.7,46.52,49.52,36.32,353300
8529217,2008-02-01,WABC,49.71,51.23,49.39,50.87,37.31,378300
8529218,2008-02-04,WABC,50.87,50.87,48.5,48.94,35.9,290600
8529219,2008-02-05,WABC,47.97,49.59,47.97,49.25,36.12,382600
8529220,2008-02-06,WABC,49.55,50.45,48.76,48.95,35.9,250300
8529221,2008-02-07,WABC,48.95,50.49,48.51,50.36,36.94,252700
8529222,2008-02-08,WABC,50.05,51.08,48.89,50.62,37.13,309700
8529223,2008-02-11,WABC,50.66,50.66,49.03,49.33,36.18,247600
8529224,2008-02-12,WABC,49.78,50.63,48.99,49.39,36.23,252800
8529225,2008-02-13,WABC,49.9,50.28,48.63,49.76,36.5,197000
8529226,2008-02-14,WABC,49.91,50.52,48.46,49.0,35.94,690300
8529227,2008-02-15,WABC,49.7,49.72,48.19,48.95,35.9,385000
8529228,2008-02-19,WABC,49.8,49.84,47.75,47.98,35.19,207300
8529229,2008-02-20,WABC,47.72,49.46,47.66,49.34,36.19,193400
8529230,2008-02-21,WABC,49.53,50.0,47.25,47.57,34.89,400300
8529231,2008-02-22,WABC,47.61,49.25,47.17,49.19,36.08,234300
8529232,2008-02-25,WABC,49.25,49.53,48.05,49.48,36.29,303000
8529233,2008-02-26,WABC,49.21,50.42,48.72,48.73,35.74,317500
8529234,2008-02-27,WABC,48.23,49.82,47.88,48.75,35.76,411300
8529235,2008-02-28,WABC,48.62,49.29,48.1,48.81,35.8,379000
8529236,2008-02-29,WABC,48.1,49.27,47.13,47.33,34.72,360100
8529237,2008-03-03,WABC,47.43,47.84,46.69,47.21,34.63,166900
8529238,2008-03-04,WABC,46.66,47.53,45.83,47.29,34.69,279800
8529239,2008-03-05,WABC,47.64,48.5,46.5,46.86,34.37,181700
8529240,2008-03-06,WABC,46.52,47.45,45.18,45.18,33.14,120700
8529241,2008-03-07,WABC,45.46,47.17,44.85,46.54,34.14,192700
8529242,2008-03-10,WABC,46.79,47.94,46.07,46.11,33.82,288700
8529243,2008-03-11,WABC,47.0,49.22,46.99,49.18,36.07,448900
8529244,2008-03-12,WABC,49.37,52.26,48.8,49.99,36.67,495300
8529245,2008-03-13,WABC,49.28,50.92,47.96,50.23,36.84,182100
8529246,2008-03-14,WABC,50.59,51.0,48.73,49.35,36.2,199700
8529247,2008-03-17,WABC,48.2,50.67,47.46,49.52,36.32,253800
8529248,2008-03-18,WABC,49.52,51.74,48.91,51.13,37.5,338400
8529249,2008-03-19,WABC,51.16,52.69,51.16,51.77,37.97,280200
8529250,2008-03-20,WABC,54.79,54.79,52.28,54.42,39.92,807300
8529251,2008-03-24,WABC,54.25,56.49,54.25,54.77,40.17,308100
8529252,2008-03-25,WABC,54.89,55.94,53.97,54.43,39.92,324900
8529253,2008-03-26,WABC,54.09,54.14,52.66,53.17,39.0,122700
8529254,2008-03-27,WABC,53.38,54.06,51.98,52.36,38.41,110900
8529255,2008-03-28,WABC,52.54,52.97,50.71,51.22,37.57,134700
8529256,2008-03-31,WABC,52.7,53.23,51.4,52.6,38.58,303400
8529257,2008-04-01,WABC,52.5,54.61,52.5,54.45,39.94,287600
8529258,2008-04-02,WABC,54.67,55.78,54.01,55.35,40.6,229200
8529259,2008-04-03,WABC,55.0,56.14,54.57,56.01,41.08,290000
8529260,2008-04-04,WABC,56.23,57.3,55.81,56.0,41.07,316800
8529261,2008-04-07,WABC,56.21,56.88,54.84,55.39,40.63,202000
8529262,2008-04-08,WABC,55.0,56.0,54.96,55.48,40.69,192700
8529263,2008-04-09,WABC,55.81,56.0,53.35,53.76,39.43,178300
8529264,2008-04-10,WABC,53.98,55.47,52.74,54.09,39.67,148800
8529265,2008-04-11,WABC,53.42,55.16,53.21,53.6,39.31,143900
8529266,2008-04-14,WABC,53.27,54.36,51.66,52.16,38.26,166700
8529267,2008-04-15,WABC,52.17,54.99,52.17,53.8,39.46,267200
8529268,2008-04-16,WABC,54.5,55.38,53.9,55.08,40.4,429300
8529269,2008-04-17,WABC,54.89,56.24,53.8,55.84,40.96,353100
8529270,2008-04-18,WABC,56.77,57.75,56.38,57.6,42.25,334700
8529271,2008-04-21,WABC,57.27,58.0,56.27,57.95,42.51,382800
8529272,2008-04-22,WABC,57.29,58.17,56.5,57.05,41.85,269900
8529273,2008-04-23,WABC,57.32,58.15,56.99,58.1,42.62,176500
8529274,2008-04-24,WABC,58.0,59.5,57.45,59.46,43.61,286700
8529275,2008-04-25,WABC,59.5,61.41,59.15,59.79,43.85,263900
8529276,2008-04-28,WABC,59.7,60.06,58.86,59.91,43.94,433000
8529277,2008-04-29,WABC,60.0,60.37,59.22,59.91,43.94,200100
8529278,2008-04-30,WABC,59.92,60.6,58.37,58.44,42.86,232000
8529279,2008-05-01,WABC,58.4,60.24,57.91,60.21,44.43,383100
8529280,2008-05-02,WABC,60.5,61.49,57.78,58.05,42.84,287800
8529281,2008-05-05,WABC,57.76,58.04,56.49,57.69,42.57,233100
8529282,2008-05-06,WABC,57.25,58.55,56.14,58.02,42.81,162100
8529283,2008-05-07,WABC,58.25,58.49,55.4,55.8,41.17,216400
8529284,2008-05-08,WABC,55.91,56.4,54.8,55.11,40.67,157400
8529285,2008-05-09,WABC,54.83,55.46,54.29,55.05,40.62,142000
8529286,2008-05-12,WABC,55.35,58.93,55.35,58.3,43.02,295400
8529287,2008-05-13,WABC,58.51,58.52,56.94,57.13,42.16,183400
8529288,2008-05-14,WABC,57.22,58.02,56.7,56.82,41.93,122400
8529289,2008-05-15,WABC,56.75,58.4,56.19,58.28,43.0,123800
8529290,2008-05-16,WABC,58.76,58.76,57.7,57.78,42.64,180000
8529291,2008-05-19,WABC,57.92,58.96,57.1,57.22,42.22,163600
8529292,2008-05-20,WABC,57.06,57.85,55.7,56.0,41.32,149700
8529293,2008-05-21,WABC,56.23,57.89,55.02,55.02,40.6,255100
8529294,2008-05-22,WABC,55.43,57.22,55.43,56.52,41.71,133700
8529295,2008-05-23,WABC,56.23,56.23,54.88,54.9,40.51,173000
8529296,2008-05-27,WABC,55.13,56.55,54.8,55.6,41.03,142700
8529297,2008-05-28,WABC,55.5,55.98,54.35,54.77,40.41,273200
8529298,2008-05-29,WABC,54.56,55.73,54.56,55.43,40.9,261800
8529299,2008-05-30,WABC,55.5,55.8,54.54,55.5,40.95,185000
8529300,2008-06-02,WABC,55.35,56.0,54.14,54.76,40.41,140700
8529301,2008-06-03,WABC,54.76,55.62,53.98,54.67,40.34,172200
8529302,2008-06-04,WABC,54.33,55.5,54.05,54.35,40.1,123900
8529303,2008-06-05,WABC,54.36,55.65,54.07,55.5,40.95,175500
8529304,2008-06-06,WABC,55.19,55.47,53.36,53.63,39.57,209800
8529305,2008-06-09,WABC,53.47,54.62,51.5,52.92,39.05,208700
8529306,2008-06-10,WABC,52.44,53.43,52.37,52.87,39.01,233000
8529307,2008-06-11,WABC,52.73,53.06,51.26,52.2,38.52,136600
8529308,2008-06-12,WABC,52.68,54.3,52.29,52.87,39.01,218000
8529309,2008-06-13,WABC,53.36,53.79,50.55,52.33,38.61,254900
8529310,2008-06-16,WABC,52.57,53.65,51.62,53.35,39.37,195400
8529311,2008-06-17,WABC,53.41,53.67,51.12,52.45,38.7,144400
8529312,2008-06-18,WABC,52.31,52.92,51.08,52.72,38.9,150400
8529313,2008-06-19,WABC,52.72,55.0,51.5,54.35,40.1,350700
8529314,2008-06-20,WABC,54.19,55.0,53.17,54.86,40.48,722300
8529315,2008-06-23,WABC,54.75,54.75,52.85,53.06,39.15,253600
8529316,2008-06-24,WABC,52.56,53.62,52.49,52.82,38.98,299800
8529317,2008-06-25,WABC,52.76,55.16,52.4,55.03,40.61,370900
8529318,2008-06-26,WABC,54.37,56.34,53.74,53.85,39.74,233400
8529319,2008-06-27,WABC,53.61,55.63,53.12,53.19,39.25,609500
8529320,2008-06-30,WABC,53.08,53.75,52.41,52.59,38.81,437400
8529321,2008-07-01,WABC,52.69,53.5,51.1,52.41,38.67,397600
8529322,2008-07-02,WABC,52.76,52.84,49.31,49.91,36.83,509700
8529323,2008-07-03,WABC,49.83,50.9,48.16,48.64,35.89,233400
8529324,2008-07-07,WABC,48.25,48.91,46.28,46.91,34.61,450700
8529325,2008-07-08,WABC,47.0,49.67,46.41,49.67,36.65,497200
8529326,2008-07-09,WABC,50.0,50.23,47.61,47.62,35.14,279900
8529327,2008-07-10,WABC,49.22,49.22,46.98,48.0,35.42,353100
8529328,2008-07-11,WABC,46.33,47.74,35.5,44.84,33.09,3097600
8529329,2008-07-14,WABC,46.21,47.3,40.8,42.42,31.3,1220400
8529330,2008-07-15,WABC,41.5,47.73,40.34,41.92,30.93,1212000
8529331,2008-07-16,WABC,41.48,46.6,41.2,46.6,34.39,714800
8529332,2008-07-17,WABC,46.84,48.81,43.77,47.64,35.15,772900
8529333,2008-07-18,WABC,47.7,49.51,46.63,49.21,36.31,739700
8529334,2008-07-21,WABC,49.08,49.98,48.03,48.81,36.02,473100
8529335,2008-07-22,WABC,48.61,50.74,47.01,50.25,37.08,444100
8529336,2008-07-23,WABC,50.19,54.0,49.79,52.88,39.02,720100
8529337,2008-07-24,WABC,52.84,53.15,49.33,49.68,36.66,437800
8529338,2008-07-25,WABC,50.39,52.13,49.37,50.85,37.52,323200
8529339,2008-07-28,WABC,50.65,51.38,49.19,49.8,36.75,388200
8529340,2008-07-29,WABC,50.65,54.5,49.63,54.44,40.17,483300
8529341,2008-07-30,WABC,54.5,55.15,52.57,53.1,39.18,378200
8529342,2008-07-31,WABC,52.51,53.39,51.99,52.0,38.63,329500
8529343,2008-08-01,WABC,52.01,52.93,50.98,51.5,38.25,467300
8529344,2008-08-04,WABC,51.61,52.41,49.32,49.86,37.04,643900
8529345,2008-08-05,WABC,50.75,52.97,50.15,52.87,39.27,449900
8529346,2008-08-06,WABC,52.72,53.52,51.44,52.72,39.16,324500
8529347,2008-08-07,WABC,51.99,53.78,50.08,50.63,37.61,306500
8529348,2008-08-08,WABC,50.44,53.52,50.08,53.48,39.72,324200
8529349,2008-08-11,WABC,53.45,56.55,52.76,55.89,41.51,355400
8529350,2008-08-12,WABC,55.17,56.04,52.97,53.53,39.76,357900
8529351,2008-08-13,WABC,53.54,54.53,52.72,53.22,39.53,326800
8529352,2008-08-14,WABC,53.04,55.0,53.0,54.57,40.53,123800
8529353,2008-08-15,WABC,55.39,56.31,54.0,55.41,41.16,337700
8529354,2008-08-18,WABC,55.62,55.62,52.32,53.47,39.72,298500
8529355,2008-08-19,WABC,52.76,53.0,51.18,51.45,38.22,319000
8529356,2008-08-20,WABC,51.55,51.7,48.81,50.05,37.18,515100
8529357,2008-08-21,WABC,49.46,49.46,47.6,48.31,35.88,756400
8529358,2008-08-22,WABC,48.49,50.02,46.96,47.95,35.62,613000
8529359,2008-08-25,WABC,47.97,48.79,46.9,48.4,35.95,429300
8529360,2008-08-26,WABC,48.19,50.0,47.62,48.9,36.32,333900
8529361,2008-08-27,WABC,48.79,50.49,48.72,49.53,36.79,294800
8529362,2008-08-28,WABC,49.56,52.56,49.43,52.42,38.94,461900
8529363,2008-08-29,WABC,52.32,52.41,50.85,51.2,38.03,265000
8529364,2008-09-02,WABC,51.58,52.72,50.79,51.73,38.42,239200
8529365,2008-09-03,WABC,52.49,52.93,51.06,51.77,38.45,370700
8529366,2008-09-04,WABC,51.42,52.54,49.28,49.28,36.6,332700
8529367,2008-09-05,WABC,50.07,52.65,47.9,52.44,38.95,663700
8529368,2008-09-08,WABC,52.0,58.0,51.88,54.74,40.66,1353300
8529369,2008-09-09,WABC,54.75,56.0,54.1,54.2,40.26,601900
8529370,2008-09-10,WABC,55.01,55.65,52.88,54.98,40.84,493200
8529371,2008-09-11,WABC,53.64,56.88,53.09,56.63,42.06,548400
8529372,2008-09-12,WABC,56.05,57.4,55.49,56.02,41.61,532600
8529373,2008-09-15,WABC,54.0,58.0,53.77,55.4,41.15,870000
8529374,2008-09-16,WABC,53.84,59.75,52.76,59.75,44.38,705300
8529375,2008-09-17,WABC,58.05,59.9,57.0,57.73,42.88,711400
8529376,2008-09-18,WABC,58.28,64.68,58.07,64.68,48.04,1712800
8529377,2008-09-19,WABC,61.4,61.4,59.51,61.4,45.61,16100
8529378,2008-09-22,WABC,60.59,69.0,56.1,56.72,42.13,454300
8529379,2008-09-23,WABC,57.84,59.97,55.85,58.39,43.37,258600
8529380,2008-09-24,WABC,57.72,58.98,55.91,57.04,42.37,226300
8529381,2008-09-25,WABC,56.31,58.23,56.17,57.7,42.86,156300
8529382,2008-09-26,WABC,55.29,58.24,55.29,57.11,42.42,180400
8529383,2008-09-29,WABC,58.7,60.0,55.38,56.72,42.13,222700
8529384,2008-09-30,WABC,58.98,60.0,56.76,57.53,42.73,252300
8529385,2008-10-01,WABC,56.68,59.79,55.62,58.41,43.39,165000
8529386,2008-10-02,WABC,58.46,60.0,57.27,58.47,43.43,123800
8529387,2008-10-03,WABC,58.5,59.4,55.63,55.63,41.32,178600
8529388,2008-10-06,WABC,55.21,56.29,51.87,53.3,39.59,214500
8529389,2008-10-07,WABC,53.4,54.14,50.15,50.15,37.25,172300
8529390,2008-10-08,WABC,48.79,53.32,48.0,49.02,36.41,295300
8529391,2008-10-09,WABC,49.41,52.0,46.34,46.34,34.42,638500
8529392,2008-10-10,WABC,45.05,53.66,41.17,53.4,39.67,984000
8529393,2008-10-13,WABC,55.01,55.47,50.85,55.24,41.03,430700
8529394,2008-10-14,WABC,55.0,57.99,52.1,55.0,40.85,337900
8529395,2008-10-15,WABC,54.65,55.9,49.96,49.96,37.11,360400
8529396,2008-10-16,WABC,51.24,53.9,49.1,53.88,40.02,558500
8529397,2008-10-17,WABC,51.75,53.4,50.31,50.31,37.37,395400
8529398,2008-10-20,WABC,50.62,53.13,50.24,53.12,39.46,252000
8529399,2008-10-21,WABC,52.15,53.56,50.6,51.48,38.24,188600
8529400,2008-10-22,WABC,50.88,52.16,49.0,49.72,36.93,306900
8529401,2008-10-23,WABC,49.52,51.98,45.63,48.37,35.93,422100
8529402,2008-10-24,WABC,47.19,50.38,45.47,48.31,35.88,374500
8529403,2008-10-27,WABC,48.32,50.42,47.32,48.08,35.71,381300
8529404,2008-10-28,WABC,48.82,54.55,48.01,54.54,40.51,459800
8529405,2008-10-29,WABC,54.79,55.79,52.82,52.89,39.29,464300
8529406,2008-10-30,WABC,55.48,55.48,52.54,55.43,41.45,345200
8529407,2008-10-31,WABC,55.39,57.37,54.89,57.25,42.81,384200
8529408,2008-11-03,WABC,57.17,57.69,56.13,56.91,42.55,277400
8529409,2008-11-04,WABC,57.45,58.13,56.2,57.39,42.91,312300
8529410,2008-11-05,WABC,57.0,57.78,53.35,53.81,40.24,266600
8529411,2008-11-06,WABC,53.47,55.31,51.26,51.53,38.53,427100
8529412,2008-11-07,WABC,51.83,53.23,51.03,53.1,39.71,315500
8529413,2008-11-10,WABC,53.6,54.25,51.3,51.75,38.7,189900
8529414,2008-11-11,WABC,51.38,54.0,51.38,52.26,39.08,251200
8529415,2008-11-12,WABC,52.26,53.29,50.02,50.64,37.87,384300
8529416,2008-11-13,WABC,50.99,55.93,50.12,55.8,41.72,633700
8529417,2008-11-14,WABC,55.33,56.66,51.41,51.74,38.69,320800
8529418,2008-11-17,WABC,50.41,52.97,50.41,51.47,38.49,275000
8529419,2008-11-18,WABC,51.48,52.76,49.13,51.83,38.76,468100
8529420,2008-11-19,WABC,51.18,52.18,48.09,48.09,35.96,363800
8529421,2008-11-20,WABC,47.66,49.99,44.21,44.72,33.44,689400
8529422,2008-11-21,WABC,45.42,47.86,43.03,47.12,35.23,743600
8529423,2008-11-24,WABC,47.72,52.23,46.25,51.77,38.71,661300
8529424,2008-11-25,WABC,52.37,52.99,48.91,52.09,38.95,546900
8529425,2008-11-26,WABC,50.64,52.88,50.41,52.74,39.44,274900
8529426,2008-11-28,WABC,52.32,53.16,51.76,53.16,39.75,241100
8529427,2008-12-01,WABC,51.83,52.22,45.68,45.68,34.16,783100
8529428,2008-12-02,WABC,46.96,48.9,46.02,48.3,36.12,757200
8529429,2008-12-03,WABC,47.52,51.43,46.19,50.76,37.96,311500
8529430,2008-12-04,WABC,49.59,52.28,48.84,49.76,37.21,249200
8529431,2008-12-05,WABC,49.02,52.47,47.43,51.95,38.85,385000
8529432,2008-12-08,WABC,52.49,52.91,50.99,51.78,38.72,439700
8529433,2008-12-09,WABC,51.49,52.26,48.31,48.54,36.3,426200
8529434,2008-12-10,WABC,49.24,49.9,47.32,48.89,36.56,395700
8529435,2008-12-11,WABC,48.69,48.76,44.98,45.48,34.01,360200
8529436,2008-12-12,WABC,44.96,47.5,44.0,47.29,35.36,325900
8529437,2008-12-15,WABC,47.43,48.04,45.28,47.61,35.6,355900
8529438,2008-12-16,WABC,48.2,51.45,48.06,51.28,38.34,354500
8529439,2008-12-17,WABC,50.29,51.25,49.79,50.46,37.73,395400
8529440,2008-12-18,WABC,50.47,51.45,49.72,50.41,37.69,288500
8529441,2008-12-19,WABC,52.25,52.4,50.15,50.34,37.64,526500
8529442,2008-12-22,WABC,50.35,50.42,48.3,49.44,36.97,237400
8529443,2008-12-23,WABC,49.7,50.19,48.9,49.08,36.7,147200
8529444,2008-12-24,WABC,48.77,48.95,47.34,48.86,36.53,199700
8529445,2008-12-26,WABC,48.94,49.19,48.29,49.1,36.71,56200
8529446,2008-12-29,WABC,48.98,48.98,47.81,48.53,36.29,139600
8529447,2008-12-30,WABC,48.87,49.99,47.95,49.91,37.32,177200
8529448,2008-12-31,WABC,48.33,51.46,48.32,51.15,38.25,209800
8529449,2009-01-02,WABC,51.29,51.29,49.82,50.61,37.84,137000
8529450,2009-01-05,WABC,50.49,50.55,48.71,49.56,37.06,260300
8529451,2009-01-06,WABC,48.82,50.61,48.82,49.84,37.27,249100
8529452,2009-01-07,WABC,49.37,49.64,47.67,47.99,35.88,145300
8529453,2009-01-08,WABC,48.01,48.86,47.43,48.16,36.01,126800
8529454,2009-01-09,WABC,47.88,47.88,46.01,46.22,34.56,233300
8529455,2009-01-12,WABC,46.19,46.86,45.0,45.14,33.75,265200
8529456,2009-01-13,WABC,44.9,46.85,44.9,46.22,34.56,301200
8529457,2009-01-14,WABC,45.67,45.98,44.92,44.97,33.63,310400
8529458,2009-01-15,WABC,44.85,47.0,43.09,46.33,34.64,593500
8529459,2009-01-16,WABC,46.51,48.0,43.9,45.46,33.99,368900
8529460,2009-01-20,WABC,44.78,44.99,41.42,41.5,31.03,537600
8529461,2009-01-21,WABC,41.96,44.73,41.3,44.67,33.4,501600
8529462,2009-01-22,WABC,43.57,44.0,41.31,41.69,31.17,481800
8529463,2009-01-23,WABC,40.97,41.96,40.33,41.85,31.29,597500
8529464,2009-01-26,WABC,41.94,43.42,40.68,41.41,30.96,208200
8529465,2009-01-27,WABC,41.5,43.52,41.15,43.16,32.27,174000
8529466,2009-01-28,WABC,45.0,47.38,44.34,47.13,35.24,337100
8529467,2009-01-29,WABC,46.65,46.65,44.19,44.41,33.46,253300
8529468,2009-01-30,WABC,44.75,45.52,42.56,42.73,32.2,209700
8529469,2009-02-02,WABC,42.25,44.54,42.25,44.3,33.38,315900
8529470,2009-02-03,WABC,43.54,43.86,40.33,42.08,31.71,597300
8529471,2009-02-04,WABC,42.27,43.39,41.54,42.65,32.14,340300
8529472,2009-02-05,WABC,42.35,45.37,41.62,44.2,33.3,375700
8529473,2009-02-06,WABC,44.05,48.98,44.05,48.52,36.56,529300
8529474,2009-02-09,WABC,48.77,49.58,47.52,48.28,36.38,371000
8529475,2009-02-10,WABC,48.01,49.33,45.95,46.19,34.8,364600
8529476,2009-02-11,WABC,46.55,47.83,45.55,46.98,35.4,235500
8529477,2009-02-12,WABC,46.19,46.97,43.92,46.3,34.89,211300
8529478,2009-02-13,WABC,46.58,46.84,44.97,45.52,34.3,286300
8529479,2009-02-17,WABC,44.05,45.57,43.12,44.35,33.42,346300
8529480,2009-02-18,WABC,44.3,45.27,42.33,43.17,32.53,393100
8529481,2009-02-19,WABC,43.7,43.75,40.11,40.22,30.31,506400
8529482,2009-02-20,WABC,39.8,40.28,37.4,38.87,29.29,1145200
8529483,2009-02-23,WABC,39.0,39.65,38.16,38.43,28.96,742900
8529484,2009-02-24,WABC,38.71,40.71,38.01,40.66,30.64,641300
8529485,2009-02-25,WABC,40.37,41.62,38.45,40.63,30.61,423800
8529486,2009-02-26,WABC,41.22,42.44,40.31,40.71,30.67,488700
8529487,2009-02-27,WABC,40.68,41.74,39.57,39.87,30.04,583600
8529488,2009-03-02,WABC,38.98,40.49,38.58,39.5,29.76,564600
8529489,2009-03-03,WABC,40.06,40.65,37.65,38.08,28.69,436800
8529490,2009-03-04,WABC,38.24,39.11,35.87,37.79,28.47,909000
8529491,2009-03-05,WABC,37.18,37.43,35.05,35.32,26.61,807500
8529492,2009-03-06,WABC,35.55,36.28,33.08,34.36,25.89,525200
8529493,2009-03-09,WABC,33.9,34.85,33.5,33.88,25.53,674300
8529494,2009-03-10,WABC,34.58,36.96,34.12,36.96,27.85,565900
8529495,2009-03-11,WABC,36.91,40.06,36.66,37.91,28.57,550600
8529496,2009-03-12,WABC,37.88,41.36,37.48,41.21,31.05,393800
8529497,2009-03-13,WABC,40.69,41.03,39.18,40.33,30.39,404400
8529498,2009-03-16,WABC,40.62,41.19,38.86,38.96,29.36,400800
8529499,2009-03-17,WABC,39.14,41.64,38.57,41.64,31.38,376600
8529500,2009-03-18,WABC,41.08,43.79,40.36,43.52,32.79,481600
8529501,2009-03-19,WABC,43.96,45.01,43.15,43.52,32.79,622200
8529502,2009-03-20,WABC,43.87,45.26,43.14,43.18,32.54,565200
8529503,2009-03-23,WABC,44.3,48.67,44.11,48.48,36.53,578200
8529504,2009-03-24,WABC,48.25,48.79,45.23,45.23,34.08,331500
8529505,2009-03-25,WABC,45.79,47.23,44.27,46.58,35.1,390900
8529506,2009-03-26,WABC,47.06,48.01,46.42,48.01,36.18,526300
8529507,2009-03-27,WABC,46.58,48.08,45.82,46.12,34.75,313600
8529508,2009-03-30,WABC,44.93,46.37,43.79,43.92,33.09,410000
8529509,2009-03-31,WABC,44.61,46.46,44.28,45.56,34.33,241900
8529510,2009-04-01,WABC,44.61,46.99,44.13,46.1,34.74,531600
8529511,2009-04-02,WABC,47.15,47.68,46.16,47.67,35.92,861000
8529512,2009-04-03,WABC,47.88,48.99,46.86,48.94,36.88,305800
8529513,2009-04-06,WABC,48.18,48.2,46.76,47.66,35.91,435000
8529514,2009-04-07,WABC,46.84,47.57,45.88,46.08,34.72,242600
8529515,2009-04-08,WABC,46.25,47.01,45.01,46.09,34.73,250300
8529516,2009-04-09,WABC,47.32,50.6,47.03,50.6,38.13,376800
8529517,2009-04-13,WABC,49.52,52.31,49.5,51.92,39.12,356200
8529518,2009-04-14,WABC,51.12,52.25,48.77,48.78,36.76,324800
8529519,2009-04-15,WABC,48.65,50.39,47.91,50.09,37.74,257900
8529520,2009-04-16,WABC,50.7,50.7,49.0,49.95,37.64,371900
8529521,2009-04-17,WABC,50.29,53.43,49.19,52.23,39.36,734600
8529522,2009-04-20,WABC,51.84,52.25,48.91,48.96,36.89,492400
8529523,2009-04-21,WABC,48.49,51.7,47.36,51.58,38.87,421500
8529524,2009-04-22,WABC,50.52,52.45,48.98,49.12,37.01,398100
8529525,2009-04-23,WABC,49.87,51.0,48.69,50.52,38.07,580500
8529526,2009-04-24,WABC,50.92,54.83,50.34,53.9,40.61,482900
8529527,2009-04-27,WABC,53.15,54.03,52.0,52.73,39.73,484000
8529528,2009-04-28,WABC,52.08,54.63,52.0,53.1,40.01,707600
8529529,2009-04-29,WABC,53.47,55.99,53.12,55.65,41.93,521200
8529530,2009-04-30,WABC,55.77,56.68,53.62,53.63,40.67,367400
8529531,2009-05-01,WABC,51.79,52.93,50.0,50.52,38.31,355200
8529532,2009-05-04,WABC,50.96,53.48,50.1,53.34,40.45,338300
8529533,2009-05-05,WABC,52.84,53.24,50.66,52.52,39.82,310600
8529534,2009-05-06,WABC,53.21,54.49,52.03,54.25,41.14,270500
8529535,2009-05-07,WABC,54.42,55.6,52.99,54.04,40.98,489700
8529536,2009-05-08,WABC,54.64,56.79,54.26,56.78,43.05,385800
8529537,2009-05-11,WABC,55.08,55.88,54.6,54.91,41.64,268300
8529538,2009-05-12,WABC,55.33,56.74,53.32,54.77,41.53,193800
8529539,2009-05-13,WABC,53.77,54.32,52.0,52.0,39.43,202400
8529540,2009-05-14,WABC,52.36,53.95,51.78,53.49,40.56,247900
8529541,2009-05-15,WABC,53.33,53.76,51.96,52.65,39.92,234700
8529542,2009-05-18,WABC,54.45,56.09,53.73,56.02,42.48,401500
8529543,2009-05-19,WABC,56.0,56.21,53.25,53.38,40.48,298400
8529544,2009-05-20,WABC,53.6,54.63,51.12,51.68,39.19,314300
8529545,2009-05-21,WABC,51.25,51.5,50.01,50.75,38.48,269000
8529546,2009-05-22,WABC,51.0,52.16,50.19,50.55,38.33,224300
8529547,2009-05-26,WABC,50.08,53.53,50.08,53.07,40.24,214600
8529548,2009-05-27,WABC,52.99,53.29,50.57,50.7,38.44,259100
8529549,2009-05-28,WABC,51.19,51.78,50.34,51.59,39.12,249800
8529550,2009-05-29,WABC,51.48,52.09,50.85,51.86,39.32,284800
8529551,2009-06-01,WABC,52.32,53.6,51.74,52.56,39.85,299000
8529552,2009-06-02,WABC,51.91,52.69,51.12,52.22,39.6,447100
8529553,2009-06-03,WABC,51.96,52.37,51.49,51.87,39.33,158100
8529554,2009-06-04,WABC,51.98,53.29,51.81,53.19,40.33,239900
8529555,2009-06-05,WABC,53.56,53.73,50.04,50.89,38.59,275600
8529556,2009-06-08,WABC,51.64,52.03,50.9,51.08,38.73,223600
8529557,2009-06-09,WABC,51.34,51.88,50.58,51.44,39.01,126800
8529558,2009-06-10,WABC,51.6,51.74,49.95,50.5,38.29,178300
8529559,2009-06-11,WABC,50.65,51.99,50.65,50.98,38.66,234500
8529560,2009-06-12,WABC,50.79,51.62,50.07,50.78,38.5,180600
8529561,2009-06-15,WABC,50.24,50.84,49.14,50.01,37.92,240200
8529562,2009-06-16,WABC,50.62,50.74,49.06,49.11,37.24,160800
8529563,2009-06-17,WABC,49.14,50.5,47.88,49.08,37.22,229100
8529564,2009-06-18,WABC,48.98,49.43,48.5,49.0,37.16,216800
8529565,2009-06-19,WABC,49.5,50.44,48.9,50.44,38.25,732400
8529566,2009-06-22,WABC,49.81,50.35,49.2,49.3,37.38,232400
8529567,2009-06-23,WABC,49.61,50.38,48.55,48.78,36.99,144600
8529568,2009-06-24,WABC,49.04,49.37,48.35,48.64,36.88,155500
8529569,2009-06-25,WABC,48.43,50.13,48.16,50.12,38.0,182800
8529570,2009-06-26,WABC,49.88,50.43,49.35,50.15,38.03,379000
8529571,2009-06-29,WABC,50.06,50.54,48.84,50.36,38.19,125600
8529572,2009-06-30,WABC,50.13,50.36,49.46,49.61,37.62,171800
8529573,2009-07-01,WABC,49.25,49.86,49.16,49.61,37.62,201200
8529574,2009-07-02,WABC,48.89,48.94,47.33,47.45,35.98,591200
8529575,2009-07-06,WABC,47.13,47.86,46.6,47.68,36.15,320000
8529576,2009-07-07,WABC,48.15,48.57,46.94,48.23,36.57,391500
8529577,2009-07-08,WABC,48.41,49.0,47.09,48.03,36.42,336400
8529578,2009-07-09,WABC,48.6,49.4,48.31,48.42,36.72,228600
8529579,2009-07-10,WABC,48.71,48.71,47.67,48.1,36.47,265000
8529580,2009-07-13,WABC,48.28,49.78,48.28,49.78,37.75,327300
8529581,2009-07-14,WABC,49.61,49.61,47.94,48.21,36.56,258600
8529582,2009-07-15,WABC,49.23,49.23,47.46,47.92,36.34,715800
8529583,2009-07-16,WABC,48.9,48.9,46.82,48.1,36.47,214700
8529584,2009-07-17,WABC,48.33,48.65,46.74,47.07,35.69,294700
8529585,2009-07-20,WABC,47.61,47.83,46.56,47.34,35.9,212500
8529586,2009-07-21,WABC,47.52,47.52,45.71,46.3,35.11,187200
8529587,2009-07-22,WABC,45.88,46.67,45.42,46.05,34.92,174600
8529588,2009-07-23,WABC,45.82,48.72,45.66,48.55,36.81,365300
8529589,2009-07-24,WABC,48.2,48.86,47.65,48.4,36.7,235000
8529590,2009-07-27,WABC,48.26,50.8,48.0,50.77,38.5,375600
8529591,2009-07-28,WABC,50.96,52.44,49.76,51.49,39.04,326900
8529592,2009-07-29,WABC,51.23,51.89,50.04,51.24,38.85,134600
8529593,2009-07-30,WABC,51.62,52.45,50.23,52.17,39.83,175900
8529594,2009-07-31,WABC,51.83,52.95,51.56,52.26,39.9,149600
8529595,2009-08-03,WABC,52.65,52.99,51.59,52.75,40.27,136700
8529596,2009-08-04,WABC,52.28,54.0,52.1,53.63,40.95,149400
8529597,2009-08-05,WABC,53.46,54.0,52.67,53.15,40.58,141100
8529598,2009-08-06,WABC,53.05,53.62,51.24,52.21,39.86,154600
8529599,2009-08-07,WABC,53.19,54.53,52.83,54.05,41.27,188200
8529600,2009-08-10,WABC,53.58,54.7,52.47,53.43,40.79,122200
8529601,2009-08-11,WABC,53.03,53.58,51.42,52.13,39.8,86500
8529602,2009-08-12,WABC,52.0,53.16,52.0,52.34,39.96,95200
8529603,2009-08-13,WABC,52.71,52.82,51.41,52.21,39.86,103200
8529604,2009-08-14,WABC,52.14,52.23,50.13,50.81,38.79,159900
8529605,2009-08-17,WABC,50.23,50.54,49.34,49.34,37.67,145200
8529606,2009-08-18,WABC,49.3,49.91,49.01,49.12,37.5,92500
8529607,2009-08-19,WABC,48.78,50.18,48.78,49.97,38.15,99500
8529608,2009-08-20,WABC,50.03,50.44,49.66,50.34,38.43,113000
8529609,2009-08-21,WABC,50.95,51.99,50.12,51.98,39.69,283200
8529610,2009-08-24,WABC,51.96,52.29,50.83,51.1,39.01,150500
8529611,2009-08-25,WABC,51.64,52.74,51.13,52.37,39.98,187400
8529612,2009-08-26,WABC,52.14,53.16,51.83,52.88,40.37,255600
8529613,2009-08-27,WABC,52.61,52.85,51.88,52.4,40.01,156600
8529614,2009-08-28,WABC,52.72,52.98,51.23,51.6,39.4,168100
8529615,2009-08-31,WABC,51.24,51.95,50.89,51.43,39.27,221400
8529616,2009-09-01,WABC,51.05,52.34,49.94,50.2,38.33,209100
8529617,2009-09-02,WABC,50.06,50.69,49.79,49.86,38.07,149900
8529618,2009-09-03,WABC,50.11,50.59,49.39,50.13,38.27,176600
8529619,2009-09-04,WABC,50.04,50.31,49.68,50.16,38.3,124900
8529620,2009-09-08,WABC,50.45,50.45,49.63,50.33,38.43,131400
8529621,2009-09-09,WABC,50.34,50.99,49.69,50.74,38.74,133200
8529622,2009-09-10,WABC,50.93,50.93,49.78,50.7,38.71,101300
8529623,2009-09-11,WABC,50.65,50.65,49.74,49.9,38.1,106400
8529624,2009-09-14,WABC,49.58,50.6,49.06,50.58,38.62,122700
8529625,2009-09-15,WABC,50.34,51.81,49.94,51.54,39.35,182400
8529626,2009-09-16,WABC,51.74,53.28,51.64,53.04,40.5,125200
8529627,2009-09-17,WABC,52.78,53.88,52.54,52.86,40.36,186900
8529628,2009-09-18,WABC,53.07,53.07,52.26,52.68,40.22,249800
8529629,2009-09-21,WABC,52.31,52.61,51.59,51.82,39.56,120300
8529630,2009-09-22,WABC,52.18,52.46,51.09,51.85,39.59,123000
8529631,2009-09-23,WABC,52.13,52.54,51.63,52.08,39.76,224400
8529632,2009-09-24,WABC,52.02,53.35,51.74,52.33,39.95,201100
8529633,2009-09-25,WABC,51.73,52.47,50.66,50.97,38.91,213300
8529634,2009-09-28,WABC,51.33,52.6,50.98,52.6,40.16,146000
8529635,2009-09-29,WABC,52.51,52.8,51.82,52.14,39.81,119200
8529636,2009-09-30,WABC,52.27,52.69,50.57,52.0,39.7,149900
8529637,2009-10-01,WABC,51.92,52.53,50.63,50.74,38.74,142300
8529638,2009-10-02,WABC,50.29,51.22,50.09,50.43,38.5,143300
8529639,2009-10-05,WABC,50.78,51.23,50.19,50.83,38.81,179900
8529640,2009-10-06,WABC,51.12,51.96,50.48,51.07,38.99,127200
8529641,2009-10-07,WABC,50.78,51.04,50.01,50.35,38.44,203100
8529642,2009-10-08,WABC,50.8,51.63,50.35,50.85,38.82,319800
8529643,2009-10-09,WABC,50.7,51.55,50.4,51.24,39.12,131500
8529644,2009-10-12,WABC,51.3,51.39,50.37,51.06,38.98,74800
8529645,2009-10-13,WABC,51.06,51.23,50.59,50.9,38.86,109900
8529646,2009-10-14,WABC,50.86,51.81,50.58,51.73,39.49,221500
8529647,2009-10-15,WABC,51.5,51.87,50.77,51.26,39.14,154300
8529648,2009-10-16,WABC,51.15,51.37,50.74,51.03,38.96,214800
8529649,2009-10-19,WABC,51.25,51.25,50.42,50.99,38.93,217300
8529650,2009-10-20,WABC,51.16,51.16,50.1,50.5,38.56,101600
8529651,2009-10-21,WABC,50.54,51.17,49.16,49.27,37.62,241100
8529652,2009-10-22,WABC,49.18,50.8,48.6,50.57,38.61,143100
8529653,2009-10-23,WABC,50.59,50.83,49.16,49.59,37.86,132600
8529654,2009-10-26,WABC,49.4,49.95,48.34,48.67,37.16,215900
8529655,2009-10-27,WABC,48.65,49.36,48.36,48.92,37.35,224300
8529656,2009-10-28,WABC,48.92,49.34,48.01,48.36,36.92,145200
8529657,2009-10-29,WABC,48.58,49.08,47.62,48.81,37.54,270200
8529658,2009-10-30,WABC,48.48,48.96,47.31,47.8,36.76,246100
8529659,2009-11-02,WABC,48.18,48.69,47.19,47.83,36.78,254300
8529660,2009-11-03,WABC,47.59,48.71,47.08,48.3,37.15,224600
8529661,2009-11-04,WABC,48.73,48.73,47.59,47.74,36.71,229800
8529662,2009-11-05,WABC,48.17,48.72,47.56,48.68,37.44,160000
8529663,2009-11-06,WABC,48.24,49.05,47.7,48.12,37.01,112200
8529664,2009-11-09,WABC,48.55,49.35,48.38,49.22,37.85,226200
8529665,2009-11-10,WABC,48.83,50.05,48.83,49.54,38.1,233300
8529666,2009-11-11,WABC,49.99,50.55,49.56,50.28,38.67,187100
8529667,2009-11-12,WABC,50.12,50.98,49.7,50.55,38.88,341800
8529668,2009-11-13,WABC,50.88,50.88,49.99,50.86,39.11,251100
8529669,2009-11-16,WABC,51.1,53.12,50.88,52.68,40.51,274200
8529670,2009-11-17,WABC,52.5,53.74,52.13,53.54,41.17,198000
8529671,2009-11-18,WABC,53.51,53.68,52.5,52.87,40.66,105900
8529672,2009-11-19,WABC,52.41,52.63,50.97,51.41,39.54,215300
8529673,2009-11-20,WABC,51.05,52.18,50.38,52.1,40.07,185500
8529674,2009-11-23,WABC,52.44,53.65,52.36,52.67,40.51,131000
8529675,2009-11-24,WABC,52.75,52.75,51.57,52.03,40.01,174200
8529676,2009-11-25,WABC,52.04,52.67,52.04,52.51,40.38,130000
8529677,2009-11-27,WABC,51.71,52.63,50.66,51.86,39.88,118900
8529678,2009-11-30,WABC,52.0,53.29,51.56,53.2,40.91,272200
8529679,2009-12-01,WABC,53.5,53.99,52.95,53.67,41.27,473700
8529680,2009-12-02,WABC,53.56,54.11,53.0,53.31,41.0,214000
8529681,2009-12-03,WABC,53.56,54.16,52.5,52.63,40.48,276600
8529682,2009-12-04,WABC,53.27,53.95,52.71,53.7,41.3,220500
8529683,2009-12-07,WABC,53.41,53.98,52.5,52.87,40.66,201600
8529684,2009-12-08,WABC,52.55,53.18,52.06,53.0,40.76,235900
8529685,2009-12-09,WABC,53.01,53.68,52.84,53.03,40.78,334300
8529686,2009-12-10,WABC,53.38,53.63,52.84,53.26,40.96,118400
8529687,2009-12-11,WABC,53.47,53.82,53.09,53.61,41.23,74800
8529688,2009-12-14,WABC,53.89,53.93,53.16,53.75,41.34,186200
8529689,2009-12-15,WABC,53.59,53.93,53.14,53.18,40.9,141800
8529690,2009-12-16,WABC,53.62,53.95,53.18,53.7,41.3,208900
8529691,2009-12-17,WABC,53.28,53.91,53.25,53.74,41.33,127000
8529692,2009-12-18,WABC,53.99,54.29,53.47,54.28,41.74,424000
8529693,2009-12-21,WABC,54.25,55.0,54.22,54.95,42.26,200400
8529694,2009-12-22,WABC,54.71,55.15,54.71,55.01,42.31,146000
8529695,2009-12-23,WABC,55.03,56.8,54.79,55.94,43.02,238200
8529696,2009-12-24,WABC,55.94,56.39,55.78,56.3,43.3,29800
8529697,2009-12-28,WABC,56.4,56.4,55.6,56.05,43.11,101500
8529698,2009-12-29,WABC,56.19,56.48,55.86,56.14,43.17,69700
8529699,2009-12-30,WABC,56.02,56.59,55.19,55.61,42.77,90400
8529700,2009-12-31,WABC,55.77,56.61,55.33,55.37,42.58,131400
8529701,2010-01-04,WABC,55.84,56.46,55.18,56.13,43.17,120200
8529702,2010-01-05,WABC,55.87,55.95,54.43,54.96,42.27,146500
8529703,2010-01-06,WABC,54.96,55.36,54.56,54.95,42.26,179600
8529704,2010-01-07,WABC,54.81,57.17,54.47,56.94,43.79,223800
8529705,2010-01-08,WABC,56.73,57.62,56.73,57.32,44.08,151100
8529706,2010-01-11,WABC,57.65,58.6,56.93,57.2,43.99,204600
8529707,2010-01-12,WABC,56.73,57.8,56.73,57.4,44.14,136500
8529708,2010-01-13,WABC,57.43,57.96,56.83,57.82,44.47,134400
8529709,2010-01-14,WABC,57.69,58.66,57.25,58.51,45.0,114200
8529710,2010-01-15,WABC,58.67,58.67,56.77,57.97,44.58,167900
8529711,2010-01-19,WABC,58.0,59.22,57.63,58.85,45.26,163600
8529712,2010-01-20,WABC,58.36,59.01,57.89,58.53,45.01,192500
8529713,2010-01-21,WABC,58.9,61.25,57.86,59.94,46.1,478000
8529714,2010-01-22,WABC,58.5,58.5,56.92,57.58,44.28,389300
8529715,2010-01-25,WABC,57.09,57.47,56.62,57.13,43.94,254400
8529716,2010-01-26,WABC,56.75,57.7,56.45,56.81,43.69,341900
8529717,2010-01-27,WABC,56.76,57.07,56.18,56.62,43.54,354900
8529718,2010-01-28,WABC,56.62,56.74,55.11,55.99,43.06,354100
8529719,2010-01-29,WABC,56.1,56.55,55.58,55.58,42.74,241900
8529720,2010-02-01,WABC,55.75,56.05,54.92,55.26,42.5,156000
8529721,2010-02-02,WABC,55.19,55.31,54.56,54.76,42.11,216000
8529722,2010-02-03,WABC,54.54,54.61,53.23,53.57,41.2,161200
8529723,2010-02-04,WABC,53.11,53.26,52.03,52.16,40.38,224100
8529724,2010-02-05,WABC,52.0,53.29,51.79,52.98,41.02,211100
8529725,2010-02-08,WABC,52.95,52.95,51.6,51.93,40.21,198500
8529726,2010-02-09,WABC,52.41,52.47,51.42,51.68,40.01,202800
8529727,2010-02-10,WABC,51.38,52.47,50.87,52.36,40.54,166500
8529728,2010-02-11,WABC,52.37,53.03,52.0,52.93,40.98,185900
8529729,2010-02-12,WABC,52.5,52.99,52.33,52.67,40.78,189000
8529730,2010-02-16,WABC,53.03,53.36,52.74,53.36,41.31,182000
8529731,2010-02-17,WABC,53.36,53.36,52.74,53.32,41.28,174300
8529732,2010-02-18,WABC,53.34,53.81,52.92,53.66,41.55,136300
8529733,2010-02-19,WABC,53.7,54.47,53.69,54.02,41.83,131000
8529734,2010-02-22,WABC,54.36,54.58,53.84,54.43,42.14,100500
8529735,2010-02-23,WABC,54.43,54.91,53.66,54.69,42.34,188900
8529736,2010-02-24,WABC,54.8,55.88,54.35,55.52,42.99,227300
8529737,2010-02-25,WABC,54.9,55.52,54.58,55.45,42.93,96100
8529738,2010-02-26,WABC,55.63,55.63,54.88,54.88,42.49,202900
8529739,2010-03-01,WABC,55.13,55.46,54.45,55.0,42.58,168900
8529740,2010-03-02,WABC,55.01,55.64,54.73,55.37,42.87,183500
8529741,2010-03-03,WABC,55.55,55.99,55.16,55.43,42.92,146300
8529742,2010-03-04,WABC,55.41,55.94,55.07,55.65,43.09,126100
8529743,2010-03-05,WABC,55.89,57.2,55.5,57.09,44.2,184200
8529744,2010-03-08,WABC,56.98,57.43,56.34,56.63,43.85,135200
8529745,2010-03-09,WABC,56.51,57.17,56.17,56.68,43.88,112400
8529746,2010-03-10,WABC,56.52,57.39,56.27,57.2,44.29,112500
8529747,2010-03-11,WABC,56.8,57.5,56.8,57.5,44.52,92800
8529748,2010-03-12,WABC,57.46,57.48,56.48,56.8,43.98,160400
8529749,2010-03-15,WABC,56.84,57.32,56.41,56.72,43.92,167400
8529750,2010-03-16,WABC,56.86,57.1,56.51,57.1,44.21,110500
8529751,2010-03-17,WABC,57.11,58.14,57.11,58.02,44.92,240300
8529752,2010-03-18,WABC,57.85,58.59,57.53,57.82,44.77,112800
8529753,2010-03-19,WABC,58.0,58.12,56.85,57.71,44.68,214000
8529754,2010-03-22,WABC,57.43,58.57,57.33,58.27,45.12,129300
8529755,2010-03-23,WABC,58.15,59.0,57.3,58.93,45.63,157500
8529756,2010-03-24,WABC,58.74,58.74,57.85,57.94,44.86,172100
8529757,2010-03-25,WABC,58.25,59.4,57.97,58.14,45.02,125600
8529758,2010-03-26,WABC,58.14,58.39,57.01,57.13,44.23,100700
8529759,2010-03-29,WABC,57.48,57.51,56.9,57.35,44.4,89200
8529760,2010-03-30,WABC,57.54,58.2,57.45,58.05,44.95,98200
8529761,2010-03-31,WABC,57.65,58.93,57.61,57.65,44.64,113700
8529762,2010-04-01,WABC,58.05,58.11,56.3,56.68,43.88,137900
8529763,2010-04-05,WABC,56.67,56.67,55.96,56.39,43.66,164600
8529764,2010-04-06,WABC,56.16,57.35,56.04,57.15,44.25,227600
8529765,2010-04-07,WABC,56.91,57.38,56.83,57.06,44.18,191800
8529766,2010-04-08,WABC,56.85,57.93,56.68,57.63,44.62,113500
8529767,2010-04-09,WABC,57.5,57.76,57.1,57.44,44.47,160200
8529768,2010-04-12,WABC,57.42,58.14,57.09,58.14,45.02,105900
8529769,2010-04-13,WABC,58.1,58.87,57.55,58.67,45.43,158900
8529770,2010-04-14,WABC,58.99,59.66,58.71,59.63,46.17,136700
8529771,2010-04-15,WABC,58.91,59.75,58.87,59.52,46.08,146000
8529772,2010-04-16,WABC,59.51,59.6,58.55,59.31,45.92,345600
8529773,2010-04-19,WABC,59.15,59.9,58.61,59.52,46.08,133900
8529774,2010-04-20,WABC,59.68,59.87,59.37,59.87,46.35,108400
8529775,2010-04-21,WABC,59.74,60.0,59.4,59.79,46.29,258800
8529776,2010-04-22,WABC,59.17,59.97,59.0,59.9,46.38,179600
8529777,2010-04-23,WABC,59.81,59.99,59.47,59.94,46.41,152600
8529778,2010-04-26,WABC,59.84,59.95,58.88,58.89,45.6,105200
8529779,2010-04-27,WABC,58.55,59.85,58.51,58.57,45.35,160300
8529780,2010-04-28,WABC,58.67,59.52,58.6,58.74,45.48,94800
8529781,2010-04-29,WABC,58.49,60.0,58.31,59.75,46.55,129700
8529782,2010-04-30,WABC,59.7,60.37,58.75,58.77,45.78,272400
8529783,2010-05-03,WABC,59.02,59.41,58.23,58.77,45.78,166800
8529784,2010-05-04,WABC,58.17,58.36,56.62,56.8,44.25,224900
8529785,2010-05-05,WABC,56.35,57.49,56.11,57.06,44.45,216600
8529786,2010-05-06,WABC,57.02,57.88,54.07,56.05,43.66,243400
8529787,2010-05-07,WABC,55.89,56.92,54.83,55.39,43.15,224700
8529788,2010-05-10,WABC,56.98,57.77,56.14,57.28,44.62,182500
8529789,2010-05-11,WABC,56.58,59.51,56.47,58.78,45.79,168200
8529790,2010-05-12,WABC,58.88,59.36,58.53,59.27,46.17,145900
8529791,2010-05-13,WABC,58.89,59.3,58.4,58.6,45.65,67100
8529792,2010-05-14,WABC,58.47,58.67,57.57,58.47,45.55,207600
8529793,2010-05-17,WABC,58.87,59.5,57.71,58.77,45.78,109500
8529794,2010-05-18,WABC,59.43,59.8,57.1,57.37,44.69,96600
8529795,2010-05-19,WABC,57.14,58.61,57.14,57.95,45.14,228800
8529796,2010-05-20,WABC,57.51,57.63,55.39,55.43,43.18,220300
8529797,2010-05-21,WABC,55.28,57.01,54.9,56.69,44.16,261300
8529798,2010-05-24,WABC,56.67,56.67,55.15,55.22,43.02,142600
8529799,2010-05-25,WABC,54.64,55.88,54.16,55.76,43.44,150800
8529800,2010-05-26,WABC,55.81,56.49,55.26,55.79,43.46,271600
8529801,2010-05-27,WABC,56.83,56.99,55.99,56.9,44.33,137400
8529802,2010-05-28,WABC,56.94,57.2,55.62,55.67,43.37,172800
8529803,2010-06-01,WABC,55.4,56.24,54.65,54.67,42.59,167700
8529804,2010-06-02,WABC,54.76,55.54,54.34,55.54,43.27,200200
8529805,2010-06-03,WABC,55.74,55.74,54.8,55.46,43.2,119700
8529806,2010-06-04,WABC,54.4,54.82,53.48,53.63,41.78,303200
8529807,2010-06-07,WABC,53.77,54.68,53.44,53.53,41.7,201400
8529808,2010-06-08,WABC,53.67,53.77,52.29,53.45,41.64,201800
8529809,2010-06-09,WABC,53.89,53.89,52.94,53.17,41.42,118700
8529810,2010-06-10,WABC,53.74,54.32,53.54,54.29,42.29,215700
8529811,2010-06-11,WABC,53.73,54.5,53.56,54.47,42.43,87000
8529812,2010-06-14,WABC,54.91,55.2,54.2,54.7,42.61,110500
8529813,2010-06-15,WABC,55.01,55.71,54.43,55.57,43.29,128300
8529814,2010-06-16,WABC,55.22,55.91,55.12,55.45,43.2,112800
8529815,2010-06-17,WABC,55.83,55.83,55.09,55.48,43.22,69800
8529816,2010-06-18,WABC,55.56,55.88,55.0,55.42,43.17,291400
8529817,2010-06-21,WABC,55.99,56.5,54.72,54.97,42.82,107300
8529818,2010-06-22,WABC,55.21,56.39,54.54,54.64,42.57,109400
8529819,2010-06-23,WABC,54.76,55.0,53.9,54.29,42.29,110800
8529820,2010-06-24,WABC,53.95,54.81,53.57,53.81,41.92,103500
8529821,2010-06-25,WABC,54.08,54.86,53.69,54.6,42.53,344800
8529822,2010-06-28,WABC,54.75,55.24,54.12,54.9,42.77,103000
8529823,2010-06-29,WABC,54.22,54.55,53.03,53.34,41.55,327900
8529824,2010-06-30,WABC,53.2,53.88,52.17,52.52,40.91,236300
8529825,2010-07-01,WABC,52.64,52.92,51.02,51.75,40.31,169400
8529826,2010-07-02,WABC,52.13,52.3,51.51,52.1,40.59,170500
8529827,2010-07-06,WABC,52.5,53.47,51.96,52.4,40.82,183100
8529828,2010-07-07,WABC,52.71,54.0,52.13,53.88,41.97,196400
8529829,2010-07-08,WABC,54.1,54.4,53.48,54.04,42.1,96700
8529830,2010-07-09,WABC,53.88,54.53,53.87,54.47,42.43,64300
8529831,2010-07-12,WABC,54.22,54.6,53.54,54.08,42.13,71200
8529832,2010-07-13,WABC,54.69,55.87,54.3,55.62,43.33,192900
8529833,2010-07-14,WABC,55.31,55.36,53.4,54.25,42.26,150700
8529834,2010-07-15,WABC,54.23,54.59,53.01,53.95,42.03,160500
8529835,2010-07-16,WABC,53.53,53.71,52.17,52.32,40.76,266400
8529836,2010-07-19,WABC,52.51,52.82,51.62,52.66,41.02,231800
8529837,2010-07-20,WABC,52.05,52.44,51.5,52.4,40.82,250900
8529838,2010-07-21,WABC,52.75,52.92,51.28,51.36,40.01,263600
8529839,2010-07-22,WABC,52.26,53.82,52.26,53.55,41.72,225100
8529840,2010-07-23,WABC,53.27,54.13,52.92,54.09,42.14,156400
8529841,2010-07-26,WABC,54.23,55.44,53.64,55.43,43.18,164600
8529842,2010-07-27,WABC,55.49,55.89,55.11,55.31,43.09,193200
8529843,2010-07-28,WABC,55.37,55.99,54.15,54.37,42.36,155900
8529844,2010-07-29,WABC,54.57,54.95,53.46,53.88,42.25,99900
8529845,2010-07-30,WABC,53.48,54.02,53.28,53.76,42.16,158900
8529846,2010-08-02,WABC,54.3,54.5,53.88,54.2,42.5,175300
8529847,2010-08-03,WABC,53.89,54.86,53.58,53.77,42.17,108000
8529848,2010-08-04,WABC,53.83,53.99,53.34,53.56,42.0,83500
8529849,2010-08-05,WABC,53.32,53.57,52.93,53.13,41.67,59400
8529850,2010-08-06,WABC,52.94,53.6,52.57,53.43,41.9,226500
8529851,2010-08-09,WABC,53.7,54.44,53.48,54.29,42.58,92200
8529852,2010-08-10,WABC,53.7,54.09,52.91,53.32,41.81,94400
8529853,2010-08-11,WABC,52.58,53.0,51.73,51.89,40.69,249300
8529854,2010-08-12,WABC,51.51,51.93,50.9,51.46,40.36,152800
8529855,2010-08-13,WABC,51.22,51.29,50.8,50.88,39.9,214400
8529856,2010-08-16,WABC,50.72,51.54,50.55,51.46,40.36,95300
8529857,2010-08-17,WABC,51.96,52.17,51.49,51.91,40.71,120600
8529858,2010-08-18,WABC,51.77,52.37,51.4,51.91,40.71,181500
8529859,2010-08-19,WABC,51.65,51.75,50.42,50.76,39.81,139900
8529860,2010-08-20,WABC,50.59,50.98,50.04,50.81,39.85,176100
8529861,2010-08-23,WABC,51.08,51.28,50.66,50.83,39.86,149700
8529862,2010-08-24,WABC,50.41,51.0,50.05,50.75,39.8,194000
8529863,2010-08-25,WABC,51.09,51.65,50.75,51.44,40.34,230600
8529864,2010-08-26,WABC,51.71,51.9,50.96,51.53,40.41,163700
8529865,2010-08-27,WABC,52.05,52.25,51.35,52.06,40.83,202700
8529866,2010-08-30,WABC,51.81,52.05,50.62,50.65,39.72,141100
8529867,2010-08-31,WABC,50.54,51.23,50.39,50.68,39.74,120300
8529868,2010-09-01,WABC,51.32,52.1,50.98,52.08,40.84,330600
8529869,2010-09-02,WABC,52.06,53.05,51.88,52.99,41.56,201400
8529870,2010-09-03,WABC,53.42,53.98,53.36,53.97,42.32,195200
8529871,2010-09-07,WABC,53.94,54.15,52.66,52.89,41.48,144300
8529872,2010-09-08,WABC,53.08,53.64,52.89,53.29,41.79,144800
8529873,2010-09-09,WABC,53.74,54.09,52.86,53.26,41.77,90600
8529874,2010-09-10,WABC,53.25,53.78,53.03,53.13,41.67,55300
8529875,2010-09-13,WABC,53.58,54.65,53.58,54.31,42.59,131900
8529876,2010-09-14,WABC,54.29,54.29,53.16,53.29,41.79,102400
8529877,2010-09-15,WABC,53.21,53.59,52.85,53.31,41.81,105900
8529878,2010-09-16,WABC,53.09,53.41,52.18,52.58,41.23,117900
8529879,2010-09-17,WABC,53.6,54.17,52.88,53.7,42.11,318500
8529880,2010-09-20,WABC,54.18,54.99,53.75,54.93,43.08,237900
8529881,2010-09-21,WABC,55.0,55.09,54.13,54.22,42.52,104900
8529882,2010-09-22,WABC,54.23,54.46,53.21,53.45,41.92,78900
8529883,2010-09-23,WABC,53.25,54.3,53.05,53.08,41.63,131600
8529884,2010-09-24,WABC,53.86,54.35,53.51,54.27,42.56,117600
8529885,2010-09-27,WABC,54.53,54.54,53.4,53.41,41.89,118800
8529886,2010-09-28,WABC,53.76,54.26,53.15,54.14,42.46,89900
8529887,2010-09-29,WABC,53.88,54.52,53.66,54.11,42.43,81600
8529888,2010-09-30,WABC,54.18,55.24,54.18,54.49,42.73,210000
8529889,2010-10-01,WABC,54.98,55.24,54.13,54.48,42.72,91800
8529890,2010-10-04,WABC,54.5,54.67,53.5,53.69,42.1,94800
8529891,2010-10-05,WABC,54.35,54.8,53.79,54.69,42.89,192300
8529892,2010-10-06,WABC,54.83,54.95,54.34,54.63,42.84,124000
8529893,2010-10-07,WABC,54.98,55.01,54.48,54.6,42.82,138200
8529894,2010-10-08,WABC,54.74,54.74,54.11,54.31,42.59,143600
8529895,2010-10-11,WABC,54.51,54.58,54.0,54.14,42.46,111000
8529896,2010-10-12,WABC,54.16,54.79,53.68,54.55,42.78,114000
8529897,2010-10-13,WABC,54.75,55.55,54.31,54.96,43.1,145000
8529898,2010-10-14,WABC,54.85,55.2,53.67,54.15,42.47,120700
8529899,2010-10-15,WABC,54.94,54.95,53.51,53.62,42.05,141100
8529900,2010-10-18,WABC,53.82,54.54,53.57,54.54,42.77,104300
8529901,2010-10-19,WABC,53.97,55.11,53.38,53.68,42.1,140600
8529902,2010-10-20,WABC,53.67,53.67,51.74,51.93,40.72,253300
8529903,2010-10-21,WABC,52.0,52.56,51.6,52.28,41.0,571000
8529904,2010-10-22,WABC,52.54,52.55,51.27,51.87,40.68,172300
8529905,2010-10-25,WABC,52.31,52.31,51.06,51.12,40.09,211600
8529906,2010-10-26,WABC,51.01,51.52,50.87,50.88,39.9,179400
8529907,2010-10-27,WABC,50.71,51.18,50.35,50.71,39.77,213100
8529908,2010-10-28,WABC,51.08,51.09,50.06,50.24,39.4,298500
8529909,2010-10-29,WABC,50.03,50.12,49.8,50.02,39.23,197700
8529910,2010-11-01,WABC,50.0,50.12,49.04,49.41,38.75,245100
8529911,2010-11-02,WABC,49.78,50.12,49.29,50.1,39.29,160200
8529912,2010-11-03,WABC,50.06,50.36,49.59,50.31,39.45,169500
8529913,2010-11-04,WABC,50.36,50.98,50.02,50.9,40.2,355400
8529914,2010-11-05,WABC,51.18,51.84,51.02,51.46,40.65,287100
8529915,2010-11-08,WABC,51.46,51.58,50.89,51.42,40.62,156100
8529916,2010-11-09,WABC,51.46,51.7,50.87,51.01,40.29,164400
8529917,2010-11-10,WABC,51.16,51.68,51.03,51.63,40.78,133600
8529918,2010-11-11,WABC,51.18,51.81,50.85,51.68,40.82,122200
8529919,2010-11-12,WABC,51.24,51.43,50.75,50.76,40.09,112500
8529920,2010-11-15,WABC,50.88,51.59,50.76,51.21,40.45,118800
8529921,2010-11-16,WABC,50.99,51.18,50.12,50.6,39.97,125900
8529922,2010-11-17,WABC,50.6,50.92,50.05,50.17,39.63,93700
8529923,2010-11-18,WABC,50.57,51.49,50.57,50.8,40.13,130400
8529924,2010-11-19,WABC,50.79,50.91,50.18,50.5,39.89,126000
8529925,2010-11-22,WABC,50.49,50.49,49.64,50.21,39.66,151900
8529926,2010-11-23,WABC,49.69,50.33,49.69,49.98,39.48,152800
8529927,2010-11-24,WABC,50.37,50.98,50.06,50.64,40.0,132300
8529928,2010-11-26,WABC,49.65,50.45,49.58,49.62,39.19,124400
8529929,2010-11-29,WABC,49.3,50.0,49.06,49.92,39.43,143300
8529930,2010-11-30,WABC,49.4,49.4,48.7,48.88,38.61,323100
8529931,2010-12-01,WABC,49.25,50.27,49.25,50.22,39.67,169700
8529932,2010-12-02,WABC,50.2,53.22,50.2,53.0,41.86,501100
8529933,2010-12-03,WABC,52.66,53.97,52.4,53.74,42.45,365500
8529934,2010-12-06,WABC,53.59,53.79,53.12,53.71,42.42,343100
8529935,2010-12-07,WABC,54.11,54.41,53.27,53.48,42.24,2032400
8529936,2010-12-08,WABC,53.48,53.79,52.75,53.5,42.26,278600
8529937,2010-12-09,WABC,53.9,54.03,53.53,53.77,42.47,190300
8529938,2010-12-10,WABC,53.83,54.22,53.39,54.22,42.83,159500
8529939,2010-12-13,WABC,54.2,54.31,53.57,53.92,42.59,89700
8529940,2010-12-14,WABC,53.91,54.88,53.85,54.25,42.85,121400
8529941,2010-12-15,WABC,54.38,54.88,54.12,54.17,42.79,158500
8529942,2010-12-16,WABC,54.28,55.16,54.01,54.74,43.24,110600
8529943,2010-12-17,WABC,54.59,54.59,53.71,54.14,42.76,340600
8529944,2010-12-20,WABC,54.15,54.56,54.06,54.19,42.8,113100
8529945,2010-12-21,WABC,54.25,54.99,54.24,54.85,43.32,115100
8529946,2010-12-22,WABC,54.82,56.34,54.58,56.04,44.26,169400
8529947,2010-12-23,WABC,56.06,56.23,55.52,55.59,43.91,73200
8529948,2010-12-27,WABC,55.36,56.52,55.36,56.51,44.64,105900
8529949,2010-12-28,WABC,56.52,56.72,56.0,56.55,44.67,92900
8529950,2010-12-29,WABC,56.69,56.69,56.12,56.26,44.44,44300
8529951,2010-12-30,WABC,56.1,56.65,55.93,56.44,44.58,92100
8529952,2010-12-31,WABC,56.27,56.48,55.47,55.47,43.81,103000
8529953,2011-01-03,WABC,55.95,56.96,55.95,56.34,44.5,119200
8529954,2011-01-04,WABC,56.65,56.65,54.49,55.18,43.59,130100
8529955,2011-01-05,WABC,54.95,55.92,54.84,55.72,44.01,104900
8529956,2011-01-06,WABC,55.65,56.12,55.06,55.14,43.55,91600
8529957,2011-01-07,WABC,55.35,55.6,53.99,54.35,42.93,132600
8529958,2011-01-10,WABC,53.96,54.88,53.61,54.56,43.1,147200
8529959,2011-01-11,WABC,54.63,55.21,54.5,54.89,43.36,92000
8529960,2011-01-12,WABC,55.38,55.75,54.81,55.11,43.53,102800
8529961,2011-01-13,WABC,54.94,55.37,54.58,54.77,43.26,68400
8529962,2011-01-14,WABC,54.38,55.98,54.37,55.9,44.15,197200
8529963,2011-01-18,WABC,55.61,56.54,55.35,56.37,44.53,233700
8529964,2011-01-19,WABC,56.28,56.32,54.32,54.39,42.96,257400
8529965,2011-01-20,WABC,54.08,54.68,53.33,53.39,42.17,205800
8529966,2011-01-21,WABC,52.32,52.44,50.54,50.59,39.96,698000
8529967,2011-01-24,WABC,50.44,51.29,50.23,50.39,39.8,262700
8529968,2011-01-25,WABC,50.34,50.86,50.1,50.8,40.13,134400
8529969,2011-01-26,WABC,50.99,51.2,50.32,50.5,39.89,161200
8529970,2011-01-27,WABC,50.43,51.19,50.32,51.03,40.31,157500
8529971,2011-01-28,WABC,50.88,51.23,50.1,50.13,39.6,178900
8529972,2011-01-31,WABC,50.25,50.62,49.55,50.0,39.49,238500
8529973,2011-02-01,WABC,50.18,51.08,50.17,50.73,40.07,158300
8529974,2011-02-02,WABC,50.48,50.77,50.26,50.26,39.7,87200
8529975,2011-02-03,WABC,50.02,50.5,49.55,50.34,40.05,184900
8529976,2011-02-04,WABC,50.37,50.56,49.96,50.44,40.13,107600
8529977,2011-02-07,WABC,50.3,51.16,50.23,50.74,40.37,98800
8529978,2011-02-08,WABC,50.56,50.95,50.19,50.52,40.19,112000
8529979,2011-02-09,WABC,50.25,50.39,49.8,49.91,39.71,159700
8529980,2011-02-10,WABC,49.8,50.06,49.62,49.92,39.71,83800
8529981,2011-02-11,WABC,49.9,51.29,49.71,51.0,40.57,97900
8529982,2011-02-14,WABC,51.08,51.08,50.37,50.63,40.28,58800
8529983,2011-02-15,WABC,50.44,51.14,50.36,50.62,40.27,101000
8529984,2011-02-16,WABC,50.83,51.33,50.61,51.09,40.65,76400
8529985,2011-02-17,WABC,50.9,51.25,50.6,51.18,40.72,63700
8529986,2011-02-18,WABC,51.43,51.61,51.13,51.56,41.02,134600
8529987,2011-02-22,WABC,51.06,51.52,50.5,50.56,40.22,122400
8529988,2011-02-23,WABC,50.71,51.1,50.11,50.29,40.01,147500
8529989,2011-02-24,WABC,50.37,50.78,49.87,50.16,39.91,203800
8529990,2011-02-25,WABC,50.22,51.82,50.22,51.8,41.21,443500
8529991,2011-02-28,WABC,51.67,52.23,51.15,51.58,41.04,130800
8529992,2011-03-01,WABC,51.64,51.81,51.11,51.36,40.86,392300
8529993,2011-03-02,WABC,51.54,52.04,51.02,51.16,40.7,198700
8529994,2011-03-03,WABC,51.64,52.67,51.64,52.09,41.44,141900
8529995,2011-03-04,WABC,52.08,52.08,50.09,50.99,40.57,210100
8529996,2011-03-07,WABC,51.24,51.61,50.41,51.02,40.59,847100
8529997,2011-03-08,WABC,51.0,52.27,50.8,52.04,41.4,276400
8529998,2011-03-09,WABC,52.13,52.13,51.39,51.52,40.99,151400
8529999,2011-03-10,WABC,50.91,50.91,50.09,50.25,39.98,217200
8530000,2011-03-11,WABC,50.21,50.56,50.0,50.25,39.98,153800
8530001,2011-03-14,WABC,49.92,50.49,49.64,50.06,39.83,199600
8530002,2011-03-15,WABC,49.25,50.88,49.25,50.31,40.03,260400
8530003,2011-03-16,WABC,50.31,51.0,49.9,50.29,40.01,335500
8530004,2011-03-17,WABC,50.83,50.91,50.2,50.38,40.08,207900
8530005,2011-03-18,WABC,50.67,51.32,50.57,50.89,40.49,243800
8530006,2011-03-21,WABC,51.08,51.68,50.95,51.37,40.87,130800
8530007,2011-03-22,WABC,51.4,51.58,50.68,50.82,40.43,89900
8530008,2011-03-23,WABC,50.66,50.66,49.61,49.94,39.73,144700
8530009,2011-03-24,WABC,50.04,50.11,49.54,49.74,39.57,82700
8530010,2011-03-25,WABC,49.96,50.91,49.74,50.13,39.88,131500
8530011,2011-03-28,WABC,50.28,50.49,49.94,50.09,39.85,80100
8530012,2011-03-29,WABC,50.0,50.73,49.81,50.54,40.21,112600
8530013,2011-03-30,WABC,50.66,51.29,50.39,51.11,40.66,90100
8530014,2011-03-31,WABC,50.92,51.57,50.69,51.37,40.87,88500
8530015,2011-04-01,WABC,51.68,51.97,51.44,51.74,41.16,123400
8530016,2011-04-04,WABC,51.91,51.98,51.6,51.83,41.23,72400
8530017,2011-04-05,WABC,51.71,52.26,51.67,51.73,41.15,93500
8530018,2011-04-06,WABC,51.88,52.46,51.65,52.4,41.69,61800
8530019,2011-04-07,WABC,52.51,52.53,51.56,51.64,41.08,78400
8530020,2011-04-08,WABC,52.04,52.04,50.68,50.73,40.36,82300
8530021,2011-04-11,WABC,50.61,51.1,50.61,50.74,40.37,51900
8530022,2011-04-12,WABC,50.44,50.89,50.3,50.31,40.03,94200
8530023,2011-04-13,WABC,50.55,50.74,49.88,50.11,39.87,194000
8530024,2011-04-14,WABC,49.76,50.43,49.63,50.23,39.96,90800
8530025,2011-04-15,WABC,50.05,50.72,50.02,50.53,40.2,107300
8530026,2011-04-18,WABC,49.98,50.44,49.63,49.88,39.68,140000
8530027,2011-04-19,WABC,50.17,50.22,48.86,48.91,38.91,190100
8530028,2011-04-20,WABC,49.39,49.59,48.48,48.56,38.63,215300
8530029,2011-04-21,WABC,49.0,49.06,48.13,48.73,38.77,106300
8530030,2011-04-25,WABC,48.63,49.24,48.63,49.02,39.0,65800
8530031,2011-04-26,WABC,49.11,50.27,49.08,49.86,39.67,102600
8530032,2011-04-27,WABC,49.79,50.5,49.57,50.47,40.15,111000
8530033,2011-04-28,WABC,50.47,50.99,50.17,50.93,40.52,101000
8530034,2011-04-29,WABC,51.0,51.06,50.39,50.79,40.41,85000
8530035,2011-05-02,WABC,50.99,50.99,50.04,50.07,39.83,83000
8530036,2011-05-03,WABC,50.04,50.69,50.04,50.44,40.13,76000
8530037,2011-05-04,WABC,50.41,50.57,49.6,49.82,39.64,92000
8530038,2011-05-05,WABC,49.37,50.31,49.0,49.72,39.84,116200
8530039,2011-05-06,WABC,50.23,50.23,49.43,49.6,39.75,94000
8530040,2011-05-09,WABC,49.38,49.94,49.12,49.9,39.99,76000
8530041,2011-05-10,WABC,50.09,50.79,49.8,50.75,40.67,95700
8530042,2011-05-11,WABC,50.67,50.89,50.21,50.21,40.24,121000
8530043,2011-05-12,WABC,50.14,50.79,49.54,50.66,40.6,104300
8530044,2011-05-13,WABC,50.58,50.58,49.3,49.64,39.78,78000
8530045,2011-05-16,WABC,49.36,49.81,49.36,49.36,39.56,79400
8530046,2011-05-17,WABC,49.13,49.96,48.98,49.95,40.03,95300
8530047,2011-05-18,WABC,49.99,50.39,49.82,50.27,40.28,57600
8530048,2011-05-19,WABC,50.64,50.67,50.0,50.42,40.4,77800
8530049,2011-05-20,WABC,50.1,50.42,49.81,49.82,39.92,85700
8530050,2011-05-23,WABC,49.33,49.77,49.04,49.29,39.5,105000
8530051,2011-05-24,WABC,49.48,49.56,48.96,48.99,39.26,105000
8530052,2011-05-25,WABC,48.82,49.42,48.5,49.32,39.52,112500
8530053,2011-05-26,WABC,49.03,50.02,48.95,50.0,40.07,124400
8530054,2011-05-27,WABC,50.13,50.35,49.77,49.87,39.96,127600
8530055,2011-05-31,WABC,50.12,50.47,49.55,50.3,40.31,266400
8530056,2011-06-01,WABC,49.99,50.42,48.03,48.14,38.58,200000
8530057,2011-06-02,WABC,48.05,48.64,47.25,48.31,38.71,233400
8530058,2011-06-03,WABC,47.68,48.11,47.34,47.53,38.09,176000
8530059,2011-06-06,WABC,47.42,47.9,46.91,47.6,38.14,195600
8530060,2011-06-07,WABC,47.77,48.21,47.37,47.85,38.35,1063200
8530061,2011-06-08,WABC,47.89,49.18,47.89,48.15,38.59,252400
8530062,2011-06-09,WABC,48.32,48.45,47.82,48.04,38.5,115700
8530063,2011-06-10,WABC,47.84,48.07,47.11,47.66,38.19,101100
8530064,2011-06-13,WABC,47.71,47.92,47.27,47.72,38.24,95600
8530065,2011-06-14,WABC,48.41,48.76,48.08,48.19,38.62,185600
8530066,2011-06-15,WABC,47.88,47.92,47.16,47.48,38.05,122700
8530067,2011-06-16,WABC,47.71,48.41,47.55,48.32,38.72,107000
8530068,2011-06-17,WABC,48.56,48.93,48.15,48.43,38.81,268200
8530069,2011-06-20,WABC,48.04,48.88,48.01,48.59,38.94,76600
8530070,2011-06-21,WABC,48.8,48.85,48.37,48.81,39.11,103600
8530071,2011-06-22,WABC,48.71,49.04,48.38,48.39,38.78,101100
8530072,2011-06-23,WABC,47.98,48.31,47.14,47.96,38.43,92100
8530073,2011-06-24,WABC,48.08,48.26,47.8,48.12,38.56,224300
8530074,2011-06-27,WABC,48.12,49.0,48.01,48.7,39.03,110700
8530075,2011-06-28,WABC,48.92,49.06,48.34,49.02,39.28,63200
8530076,2011-06-29,WABC,48.93,49.3,48.51,49.22,39.44,111400
8530077,2011-06-30,WABC,49.2,49.53,49.17,49.25,39.47,88000
8530078,2011-07-01,WABC,49.3,50.21,49.25,50.06,40.12,120900
8530079,2011-07-05,WABC,50.06,50.16,49.05,49.58,39.73,84600
8530080,2011-07-06,WABC,49.52,50.11,49.23,49.93,40.01,147600
8530081,2011-07-07,WABC,50.18,50.52,49.94,50.17,40.2,109100
8530082,2011-07-08,WABC,49.45,50.42,49.45,49.7,39.83,93100
8530083,2011-07-11,WABC,49.21,49.41,48.81,48.91,39.19,108700
8530084,2011-07-12,WABC,48.87,49.59,48.7,49.14,39.38,119600
8530085,2011-07-13,WABC,49.23,49.69,48.67,49.02,39.28,79000
8530086,2011-07-14,WABC,49.16,49.32,47.96,48.22,38.64,91800
8530087,2011-07-15,WABC,48.25,48.78,47.58,47.95,38.43,97000
8530088,2011-07-18,WABC,47.65,47.95,46.89,47.21,37.83,79600
8530089,2011-07-19,WABC,47.34,47.47,46.84,47.4,37.98,138800
8530090,2011-07-20,WABC,47.4,48.25,46.86,47.97,38.44,71800
8530091,2011-07-21,WABC,48.13,49.04,48.1,48.99,39.26,122300
8530092,2011-07-22,WABC,49.02,49.15,48.1,48.57,38.92,66200
8530093,2011-07-25,WABC,48.33,48.63,47.91,48.33,38.73,66600
8530094,2011-07-26,WABC,48.32,48.61,47.63,47.72,38.24,120400
8530095,2011-07-27,WABC,47.24,47.72,46.63,46.69,37.42,153400
8530096,2011-07-28,WABC,46.87,47.29,45.6,46.96,37.63,195200
8530097,2011-07-29,WABC,46.63,47.16,46.21,46.93,37.61,119700
8530098,2011-08-01,WABC,47.4,47.42,45.96,46.47,37.24,176000
8530099,2011-08-02,WABC,46.18,46.5,45.61,45.62,36.56,164800
8530100,2011-08-03,WABC,45.78,46.56,45.25,46.22,37.04,235400
8530101,2011-08-04,WABC,45.55,46.04,41.81,44.6,36.02,345500
8530102,2011-08-05,WABC,44.97,46.2,44.01,44.07,35.59,341500
8530103,2011-08-08,WABC,43.06,44.28,39.82,39.82,32.16,428100
8530104,2011-08-09,WABC,40.32,42.46,39.04,42.35,34.2,386000
8530105,2011-08-10,WABC,41.25,41.96,38.77,38.86,31.39,292300
8530106,2011-08-11,WABC,39.04,41.46,38.67,41.0,33.11,304500
8530107,2011-08-12,WABC,41.33,41.76,39.91,40.06,32.35,141900
8530108,2011-08-15,WABC,40.4,41.18,40.4,40.96,33.08,140400
8530109,2011-08-16,WABC,40.73,40.8,39.95,40.45,32.67,144000
8530110,2011-08-17,WABC,40.53,41.3,40.07,40.47,32.69,99500
8530111,2011-08-18,WABC,39.46,39.46,37.94,38.18,30.84,229200
8530112,2011-08-19,WABC,37.8,38.78,36.93,37.0,29.88,185400
8530113,2011-08-22,WABC,37.96,37.96,36.81,37.1,29.96,134300
8530114,2011-08-23,WABC,37.23,39.37,37.0,39.19,31.65,206100
8530115,2011-08-24,WABC,39.02,40.68,38.9,40.56,32.76,164400
8530116,2011-08-25,WABC,41.04,42.49,40.06,40.23,32.49,326600
8530117,2011-08-26,WABC,39.94,40.8,39.19,40.54,32.74,125500
8530118,2011-08-29,WABC,41.0,42.46,41.0,42.41,34.25,123700
8530119,2011-08-30,WABC,42.09,42.32,41.27,42.07,33.98,132000
8530120,2011-08-31,WABC,42.36,42.52,41.8,42.41,34.25,176100
8530121,2011-09-01,WABC,41.11,42.67,40.9,41.15,33.23,215900
8530122,2011-09-02,WABC,40.27,40.69,38.71,38.79,31.33,237800
8530123,2011-09-06,WABC,38.16,38.75,37.8,38.68,31.24,236400
8530124,2011-09-07,WABC,39.21,40.94,39.15,40.85,32.99,189300
8530125,2011-09-08,WABC,40.43,40.88,39.52,39.97,32.28,831900
8530126,2011-09-09,WABC,39.45,39.83,38.23,38.53,31.12,183600
8530127,2011-09-12,WABC,38.03,39.33,38.0,39.17,31.64,112400
8530128,2011-09-13,WABC,39.34,40.46,39.18,39.71,32.07,124900
8530129,2011-09-14,WABC,40.11,41.18,39.34,40.73,32.9,162300
8530130,2011-09-15,WABC,41.16,41.53,40.55,41.53,33.54,107000
8530131,2011-09-16,WABC,41.65,41.89,40.64,41.13,33.22,280400
8530132,2011-09-19,WABC,40.43,40.98,39.77,40.18,32.45,121700
8530133,2011-09-20,WABC,40.22,40.4,39.68,39.71,32.07,276300
8530134,2011-09-21,WABC,39.66,39.79,37.75,37.81,30.54,239000
8530135,2011-09-22,WABC,36.99,37.88,36.32,37.12,29.98,250500
8530136,2011-09-23,WABC,37.09,38.19,37.09,37.88,30.59,141200
8530137,2011-09-26,WABC,38.25,39.28,37.91,39.23,31.68,87200
8530138,2011-09-27,WABC,39.87,40.59,39.18,39.61,31.99,165900
8530139,2011-09-28,WABC,39.7,40.19,37.68,37.7,30.45,135500
8530140,2011-09-29,WABC,38.58,39.51,38.24,39.5,31.9,106600
8530141,2011-09-30,WABC,38.95,39.67,38.28,38.32,30.95,142700
8530142,2011-10-03,WABC,37.83,38.84,36.56,36.58,29.54,218500
8530143,2011-10-04,WABC,36.35,39.45,36.34,39.34,31.77,242400
8530144,2011-10-05,WABC,39.33,39.72,38.61,39.45,31.86,157000
8530145,2011-10-06,WABC,39.43,40.83,38.99,40.7,32.87,115400
8530146,2011-10-07,WABC,40.89,40.89,38.74,38.96,31.47,145900
8530147,2011-10-10,WABC,39.72,40.75,39.27,40.71,32.88,146000
8530148,2011-10-11,WABC,40.31,41.33,39.88,41.12,33.21,113600
8530149,2011-10-12,WABC,41.43,43.29,41.34,42.51,34.33,140100
8530150,2011-10-13,WABC,42.14,42.14,40.79,41.62,33.61,83200
8530151,2011-10-14,WABC,41.87,42.69,41.01,42.11,34.01,87000
8530152,2011-10-17,WABC,41.68,41.69,40.26,40.43,32.65,160000
8530153,2011-10-18,WABC,40.68,43.36,40.64,43.0,34.73,139900
8530154,2011-10-19,WABC,42.6,43.41,41.17,41.31,33.36,142400
8530155,2011-10-20,WABC,41.48,42.69,40.75,42.56,34.37,132400
8530156,2011-10-21,WABC,43.34,44.01,42.56,43.94,35.49,354300
8530157,2011-10-24,WABC,44.04,44.86,43.62,44.07,35.59,250200
8530158,2011-10-25,WABC,43.98,44.31,42.34,42.47,34.3,190200
8530159,2011-10-26,WABC,43.19,43.82,42.43,43.57,35.19,168000
8530160,2011-10-27,WABC,44.98,46.69,43.67,46.14,37.27,368100
8530161,2011-10-28,WABC,46.09,46.47,45.48,45.74,36.94,155300
8530162,2011-10-31,WABC,45.27,46.07,44.5,44.82,36.2,131800
8530163,2011-11-01,WABC,43.6,44.29,42.46,42.63,34.43,271600
8530164,2011-11-02,WABC,43.42,44.32,42.86,44.24,35.73,174600
8530165,2011-11-03,WABC,44.14,45.28,43.25,45.16,36.78,136400
8530166,2011-11-04,WABC,44.72,45.14,44.08,44.95,36.61,87500
8530167,2011-11-07,WABC,44.99,45.83,44.39,45.62,37.16,98100
8530168,2011-11-08,WABC,45.99,46.73,44.99,46.63,37.98,129200
8530169,2011-11-09,WABC,45.4,46.09,43.27,43.46,35.4,223000
8530170,2011-11-10,WABC,44.16,44.59,43.63,44.2,36.0,83600
8530171,2011-11-11,WABC,44.77,45.68,44.67,45.16,36.78,102600
8530172,2011-11-14,WABC,44.98,45.18,43.76,44.11,35.93,97300
8530173,2011-11-15,WABC,43.92,45.26,43.75,45.07,36.71,75600
8530174,2011-11-16,WABC,44.6,45.82,44.16,44.25,36.04,112600
8530175,2011-11-17,WABC,44.38,45.24,43.73,43.99,35.83,125200
8530176,2011-11-18,WABC,44.05,44.77,43.78,44.72,36.42,75000
8530177,2011-11-21,WABC,44.11,44.11,42.5,42.84,34.89,190500
8530178,2011-11-22,WABC,42.85,43.3,42.28,42.72,34.79,103300
8530179,2011-11-23,WABC,42.3,42.44,40.9,41.13,33.5,125000
8530180,2011-11-25,WABC,41.08,41.7,40.93,41.07,33.45,59000
8530181,2011-11-28,WABC,42.41,42.72,42.05,42.72,34.79,151800
8530182,2011-11-29,WABC,42.77,42.81,42.04,42.22,34.39,88900
8530183,2011-11-30,WABC,43.93,45.94,43.22,45.91,37.39,246400
8530184,2011-12-01,WABC,45.57,45.78,44.22,44.43,36.19,228700
8530185,2011-12-02,WABC,43.36,43.97,41.96,42.28,34.44,901500
8530186,2011-12-05,WABC,42.82,43.69,42.25,42.72,34.79,309300
8530187,2011-12-06,WABC,42.6,43.13,42.23,42.84,34.89,288700
8530188,2011-12-07,WABC,42.5,43.5,41.64,42.86,34.91,3417000
8530189,2011-12-08,WABC,42.51,43.12,41.5,41.63,33.91,337800
8530190,2011-12-09,WABC,41.96,43.04,41.85,42.84,34.89,244700
8530191,2011-12-12,WABC,42.19,42.4,41.58,42.3,34.45,159000
8530192,2011-12-13,WABC,42.63,43.27,41.29,41.59,33.87,195400
8530193,2011-12-14,WABC,41.17,41.93,41.05,41.22,33.57,174000
8530194,2011-12-15,WABC,41.89,42.33,41.45,41.95,34.17,133900
8530195,2011-12-16,WABC,42.21,43.32,41.77,42.13,34.31,427500
8530196,2011-12-19,WABC,42.21,42.72,41.08,41.23,33.58,124500
8530197,2011-12-20,WABC,42.16,43.05,42.16,42.91,34.95,170400
8530198,2011-12-21,WABC,42.85,43.54,42.43,43.33,35.29,84900
8530199,2011-12-22,WABC,43.44,44.79,43.28,44.23,36.02,135400
8530200,2011-12-23,WABC,44.5,44.5,43.89,44.05,35.88,88000
8530201,2011-12-27,WABC,43.95,44.56,43.66,44.42,36.18,84000
8530202,2011-12-28,WABC,44.5,44.5,43.4,43.45,35.39,113700
8530203,2011-12-29,WABC,43.58,44.55,43.58,44.46,36.21,138900
8530204,2011-12-30,WABC,44.36,44.36,43.84,43.9,35.75,113900
8530205,2012-01-03,WABC,44.87,45.96,44.87,45.06,36.7,250700
8530206,2012-01-04,WABC,44.81,45.19,44.04,45.0,36.65,132100
8530207,2012-01-05,WABC,44.52,45.69,44.11,45.52,37.07,184400
8530208,2012-01-06,WABC,45.4,45.64,44.65,45.34,36.93,109000
8530209,2012-01-09,WABC,45.58,46.08,45.07,45.93,37.41,99000
8530210,2012-01-10,WABC,46.62,46.62,45.5,45.75,37.26,170800
8530211,2012-01-11,WABC,45.37,46.1,44.82,45.98,37.45,102800
8530212,2012-01-12,WABC,46.22,46.86,45.69,46.79,38.11,145500
8530213,2012-01-13,WABC,46.1,46.87,46.03,46.76,38.08,125300
8530214,2012-01-17,WABC,47.02,47.71,46.64,46.77,38.09,106800
8530215,2012-01-18,WABC,46.86,47.49,46.65,47.45,38.65,101100
8530216,2012-01-19,WABC,47.83,47.89,45.75,45.9,37.38,160700
8530217,2012-01-20,WABC,45.31,45.78,45.13,45.32,36.91,187100
8530218,2012-01-23,WABC,45.37,46.01,44.92,45.08,36.72,145800
8530219,2012-01-24,WABC,44.66,45.53,44.04,45.43,37.0,172400
8530220,2012-01-25,WABC,45.48,46.53,45.33,45.99,37.46,197100
8530221,2012-01-26,WABC,46.2,46.5,44.66,45.42,36.99,245500
8530222,2012-01-27,WABC,45.13,46.37,44.83,46.22,37.64,187900
8530223,2012-01-30,WABC,45.89,46.62,45.72,46.22,37.64,228900
8530224,2012-01-31,WABC,46.61,46.96,46.32,46.49,37.86,619000
8530225,2012-02-01,WABC,46.86,47.74,46.64,47.51,38.7,284500
8530226,2012-02-02,WABC,47.1,47.92,46.57,47.14,38.7,176400
8530227,2012-02-03,WABC,47.99,48.94,47.62,48.2,39.57,225100
8530228,2012-02-06,WABC,47.8,47.96,47.17,47.32,38.84,105500
8530229,2012-02-07,WABC,47.23,47.83,46.87,47.42,38.92,105700
8530230,2012-02-08,WABC,47.45,48.05,47.02,47.48,38.97,98000
8530231,2012-02-09,WABC,47.52,47.59,47.0,47.51,39.0,113100
8530232,2012-02-10,WABC,46.95,47.2,46.46,46.63,38.28,139700
8530233,2012-02-13,WABC,47.19,47.59,46.99,47.58,39.06,134900
8530234,2012-02-14,WABC,47.29,47.57,46.69,47.44,38.94,144800
8530235,2012-02-15,WABC,47.6,48.15,47.15,47.31,38.83,168600
8530236,2012-02-16,WABC,47.2,48.5,47.2,48.37,39.7,112400
8530237,2012-02-17,WABC,48.61,48.84,48.08,48.51,39.82,119500
8530238,2012-02-21,WABC,48.58,48.58,47.79,48.23,39.59,121800
8530239,2012-02-22,WABC,47.97,48.2,47.2,47.25,38.79,118600
8530240,2012-02-23,WABC,47.36,48.51,47.15,48.32,39.66,83400
8530241,2012-02-24,WABC,48.27,48.78,47.6,47.86,39.29,101700
8530242,2012-02-27,WABC,47.41,48.17,46.98,48.03,39.43,136600
8530243,2012-02-28,WABC,47.95,48.15,47.22,47.79,39.23,104800
8530244,2012-02-29,WABC,48.02,48.35,47.3,47.36,38.88,167700
8530245,2012-03-01,WABC,47.71,48.05,47.3,47.36,38.88,141000
8530246,2012-03-02,WABC,47.37,47.53,46.27,46.55,38.21,127800
8530247,2012-03-05,WABC,46.31,46.92,46.26,46.77,38.39,152100
8530248,2012-03-06,WABC,46.31,46.42,45.55,45.83,37.62,135800
8530249,2012-03-07,WABC,46.03,46.31,45.66,46.01,37.77,118100
8530250,2012-03-08,WABC,46.41,46.78,45.8,46.73,38.36,84300
8530251,2012-03-09,WABC,46.71,47.71,46.46,47.32,38.84,154600
8530252,2012-03-12,WABC,47.3,47.31,46.8,47.12,38.68,185900
8530253,2012-03-13,WABC,47.56,48.78,47.33,48.71,39.98,176400
8530254,2012-03-14,WABC,48.36,48.87,47.62,48.1,39.48,156100
8530255,2012-03-15,WABC,48.11,49.3,47.87,48.85,40.1,97800
8530256,2012-03-16,WABC,48.94,49.39,48.42,48.85,40.1,478000
8530257,2012-03-19,WABC,48.75,49.3,48.28,48.88,40.12,120600
8530258,2012-03-20,WABC,48.45,48.97,48.17,48.54,39.84,75200
8530259,2012-03-21,WABC,48.72,48.76,47.98,48.23,39.59,85800
8530260,2012-03-22,WABC,47.7,47.94,46.78,47.57,39.05,95100
8530261,2012-03-23,WABC,47.55,47.91,47.23,47.85,39.28,75100
8530262,2012-03-26,WABC,48.5,48.98,48.08,48.67,39.95,135700
8530263,2012-03-27,WABC,48.76,49.53,48.26,48.28,39.63,67400
8530264,2012-03-28,WABC,48.32,49.07,48.26,48.79,40.05,78300
8530265,2012-03-29,WABC,48.32,48.64,47.63,48.46,39.78,92100
8530266,2012-03-30,WABC,48.96,48.96,47.99,48.0,39.4,116700
8530267,2012-04-02,WABC,47.96,48.49,47.89,48.33,39.67,227300
8530268,2012-04-03,WABC,48.32,48.62,47.86,48.52,39.83,148800
8530269,2012-04-04,WABC,48.14,48.2,47.32,47.82,39.25,176200
8530270,2012-04-05,WABC,47.49,47.74,47.29,47.4,38.91,117300
8530271,2012-04-09,WABC,46.5,47.01,46.28,46.68,38.32,106000
8530272,2012-04-10,WABC,46.59,46.71,45.81,46.06,37.81,162700
8530273,2012-04-11,WABC,46.53,47.1,46.34,47.1,38.66,100700
8530274,2012-04-12,WABC,47.17,47.64,46.93,47.45,38.95,83000
8530275,2012-04-13,WABC,47.18,47.22,45.86,46.01,37.77,154900
8530276,2012-04-16,WABC,46.22,47.0,45.94,46.71,38.34,90000
8530277,2012-04-17,WABC,47.22,47.82,46.9,47.02,38.6,140100
8530278,2012-04-18,WABC,46.58,46.72,45.95,46.02,37.78,126000
8530279,2012-04-19,WABC,46.07,46.58,45.31,45.86,37.64,157400
8530280,2012-04-20,WABC,46.97,46.97,46.02,46.08,37.83,135300
8530281,2012-04-23,WABC,45.26,45.81,45.19,45.75,37.55,120400
8530282,2012-04-24,WABC,45.71,46.41,45.59,46.19,37.92,123400
8530283,2012-04-25,WABC,46.7,47.12,46.31,46.64,38.28,121200
8530284,2012-04-26,WABC,46.51,46.69,46.34,46.43,38.11,128500
8530285,2012-04-27,WABC,46.47,46.52,45.88,46.2,37.92,199400
8530286,2012-04-30,WABC,46.23,46.33,45.66,45.87,37.65,151000
8530287,2012-05-01,WABC,45.74,46.88,45.72,46.05,37.8,153000
8530288,2012-05-02,WABC,45.73,46.18,45.43,45.94,37.71,112800
8530289,2012-05-03,WABC,45.42,45.76,45.15,45.24,37.44,129000
8530290,2012-05-04,WABC,44.9,45.11,44.39,44.84,37.11,134200
8530291,2012-05-07,WABC,44.7,45.7,44.7,45.45,37.61,124000
8530292,2012-05-08,WABC,45.12,45.59,45.07,45.5,37.65,184900
8530293,2012-05-09,WABC,44.99,45.51,44.69,45.19,37.4,153000
8530294,2012-05-10,WABC,45.5,45.88,45.4,45.79,37.89,79000
8530295,2012-05-11,WABC,45.21,46.2,45.21,45.47,37.63,90900
8530296,2012-05-14,WABC,45.0,45.45,44.91,45.06,37.29,147600
8530297,2012-05-15,WABC,44.98,45.53,44.8,44.95,37.2,110000
8530298,2012-05-16,WABC,45.01,45.61,44.95,44.95,37.2,91600
8530299,2012-05-17,WABC,44.97,45.3,44.49,44.52,36.84,157400
8530300,2012-05-18,WABC,44.42,44.98,44.05,44.22,36.59,142600
8530301,2012-05-21,WABC,44.48,44.91,44.2,44.77,37.05,148200
8530302,2012-05-22,WABC,44.81,45.44,44.76,45.06,37.29,106000
8530303,2012-05-23,WABC,44.72,45.5,44.51,45.31,37.49,88000
8530304,2012-05-24,WABC,45.36,45.72,44.83,45.69,37.81,80000
8530305,2012-05-25,WABC,45.72,45.73,45.11,45.32,37.5,72000
8530306,2012-05-29,WABC,45.54,45.71,45.15,45.64,37.77,61700
8530307,2012-05-30,WABC,45.25,45.38,44.72,44.74,37.02,92000
8530308,2012-05-31,WABC,44.78,44.94,44.34,44.71,37.0,190000
8530309,2012-06-01,WABC,43.64,44.67,43.32,43.68,36.15,235100
8530310,2012-06-04,WABC,43.83,44.1,43.15,43.37,35.89,205500
8530311,2012-06-05,WABC,43.21,43.81,43.01,43.22,35.77,126600
8530312,2012-06-06,WABC,43.53,44.08,43.32,43.86,36.3,166200
8530313,2012-06-07,WABC,44.4,44.94,44.15,44.43,36.77,123600
8530314,2012-06-08,WABC,44.29,45.36,44.17,45.14,37.35,69600
8530315,2012-06-11,WABC,45.61,45.71,44.15,44.17,36.55,127000
8530316,2012-06-12,WABC,44.44,45.09,44.14,44.99,37.23,94800
8530317,2012-06-13,WABC,44.85,45.54,44.6,44.72,37.01,134600
8530318,2012-06-14,WABC,44.81,45.56,44.81,45.41,37.58,82200
8530319,2012-06-15,WABC,45.53,46.52,45.35,46.03,38.09,473400
8530320,2012-06-18,WABC,45.71,46.33,45.5,45.87,37.96,85100
8530321,2012-06-19,WABC,46.02,46.68,45.84,46.11,38.16,123800
8530322,2012-06-20,WABC,45.98,46.33,45.73,45.92,38.0,80300
8530323,2012-06-21,WABC,46.11,46.14,44.9,45.02,37.25,137600
8530324,2012-06-22,WABC,45.32,46.15,45.2,46.0,38.07,223500
8530325,2012-06-25,WABC,45.38,45.48,45.05,45.33,37.51,42500
8530326,2012-06-26,WABC,45.33,45.64,44.91,45.33,37.51,133400
8530327,2012-06-27,WABC,45.29,46.33,44.9,46.3,38.31,73200
8530328,2012-06-28,WABC,45.77,46.45,45.55,46.4,38.4,143800
8530329,2012-06-29,WABC,47.32,47.49,46.81,47.19,39.05,156500
8530330,2012-07-02,WABC,47.21,47.79,47.12,47.78,39.54,143600
8530331,2012-07-03,WABC,47.79,47.92,47.45,47.75,39.51,89400
8530332,2012-07-05,WABC,47.47,47.93,47.45,47.59,39.38,72800
8530333,2012-07-06,WABC,46.98,47.22,46.71,47.19,39.05,96900
8530334,2012-07-09,WABC,47.03,47.03,46.62,46.97,38.87,79900
8530335,2012-07-10,WABC,47.2,47.44,46.64,46.89,38.8,82400
8530336,2012-07-11,WABC,46.81,47.29,46.7,47.2,39.06,91100
8530337,2012-07-12,WABC,46.71,47.57,46.68,47.34,39.17,96400
8530338,2012-07-13,WABC,47.42,48.57,47.42,48.22,39.9,101300
8530339,2012-07-16,WABC,48.22,48.44,47.25,47.39,39.22,94600
8530340,2012-07-17,WABC,47.42,47.42,46.18,47.11,38.98,112700
8530341,2012-07-18,WABC,46.99,47.11,46.49,46.83,38.75,96900
8530342,2012-07-19,WABC,47.17,47.17,46.11,46.28,38.3,76400
8530343,2012-07-20,WABC,45.91,46.21,45.91,45.97,38.04,89600
8530344,2012-07-23,WABC,45.38,45.55,45.0,45.15,37.36,104200
8530345,2012-07-24,WABC,45.21,45.21,44.79,45.05,37.28,100300
8530346,2012-07-25,WABC,45.29,45.3,44.92,45.09,37.31,54500
8530347,2012-07-26,WABC,45.63,45.81,45.35,45.54,37.69,76500
8530348,2012-07-27,WABC,45.6,46.95,45.4,46.26,38.28,100800
8530349,2012-07-30,WABC,46.15,46.47,45.99,46.11,38.16,65200
8530350,2012-07-31,WABC,45.94,46.74,45.94,46.0,38.07,155700
8530351,2012-08-01,WABC,46.04,46.25,45.22,45.23,37.43,156800
8530352,2012-08-02,WABC,44.63,44.74,44.08,44.41,37.05,99500
8530353,2012-08-03,WABC,44.72,45.99,44.64,45.73,38.15,84400
8530354,2012-08-06,WABC,45.67,46.01,45.49,45.54,38.0,56800
8530355,2012-08-07,WABC,45.69,46.56,45.45,46.33,38.66,140300
8530356,2012-08-08,WABC,46.22,46.78,46.21,46.3,38.63,130200
8530357,2012-08-09,WABC,46.2,46.33,45.69,46.07,38.44,40800
8530358,2012-08-10,WABC,45.95,46.04,45.6,45.93,38.32,37700
8530359,2012-08-13,WABC,46.05,46.27,45.31,46.0,38.38,38300
8530360,2012-08-14,WABC,46.23,46.4,45.74,45.94,38.33,29900
8530361,2012-08-15,WABC,45.65,46.25,45.42,46.08,38.45,38900
8530362,2012-08-16,WABC,46.04,46.48,45.84,46.35,38.67,52000
8530363,2012-08-17,WABC,46.26,47.0,45.84,46.85,39.09,60400
8530364,2012-08-20,WABC,46.55,47.34,46.55,47.05,39.26,92900
8530365,2012-08-21,WABC,47.06,47.95,46.7,47.05,39.26,58200
8530366,2012-08-22,WABC,47.01,47.33,46.59,46.69,38.96,31700
8530367,2012-08-23,WABC,46.48,46.49,45.91,46.06,38.43,39200
8530368,2012-08-24,WABC,45.81,46.96,45.34,46.58,38.86,63100
8530369,2012-08-27,WABC,46.72,47.1,46.42,46.6,38.88,57700
8530370,2012-08-28,WABC,46.6,47.12,46.41,46.91,39.14,57300
8530371,2012-08-29,WABC,46.85,47.62,46.77,47.34,39.5,82400
8530372,2012-08-30,WABC,47.06,47.06,46.63,46.75,39.01,34600
8530373,2012-08-31,WABC,47.14,47.23,46.39,46.55,38.84,66400
8530374,2012-09-04,WABC,46.49,47.3,45.94,47.27,39.44,112600
8530375,2012-09-05,WABC,47.09,47.49,46.49,47.17,39.36,101800
8530376,2012-09-06,WABC,47.48,47.97,47.31,47.94,40.0,129500
8530377,2012-09-07,WABC,48.0,48.6,47.88,48.07,40.11,108500
8530378,2012-09-10,WABC,45.2,47.44,45.2,47.01,39.22,159500
8530379,2012-09-11,WABC,47.04,47.67,47.04,47.14,39.33,150800
8530380,2012-09-12,WABC,47.33,47.86,47.33,47.83,39.91,113100
8530381,2012-09-13,WABC,47.71,49.39,47.43,48.7,40.63,155100
8530382,2012-09-14,WABC,45.65,48.75,45.65,48.52,40.48,326400
8530383,2012-09-17,WABC,48.19,48.82,47.68,47.82,39.9,120000
8530384,2012-09-18,WABC,47.62,48.69,47.59,48.39,40.37,123000
8530385,2012-09-19,WABC,48.35,48.7,47.83,48.35,40.34,90500
8530386,2012-09-20,WABC,47.96,48.26,46.06,48.1,40.13,90400
8530387,2012-09-21,WABC,48.73,48.73,47.65,47.66,39.76,465200
8530388,2012-09-24,WABC,47.55,48.54,47.0,48.07,40.11,104900
8530389,2012-09-25,WABC,48.21,48.7,47.46,47.5,39.63,111400
8530390,2012-09-26,WABC,47.66,47.99,47.28,47.4,39.55,88200
8530391,2012-09-27,WABC,47.48,47.97,47.22,47.57,39.69,55100
8530392,2012-09-28,WABC,47.28,47.53,46.99,47.05,39.26,91700
8530393,2012-10-01,WABC,47.2,47.48,46.25,46.68,38.95,193800
8530394,2012-10-02,WABC,46.85,46.85,46.4,46.67,38.94,102300
8530395,2012-10-03,WABC,46.66,47.01,46.45,46.68,38.95,50300
8530396,2012-10-04,WABC,46.66,47.3,46.39,47.3,39.46,93500
8530397,2012-10-05,WABC,47.33,47.72,46.87,46.98,39.2,69200
8530398,2012-10-08,WABC,46.79,47.07,46.48,46.76,39.01,42400
8530399,2012-10-09,WABC,46.68,46.68,46.1,46.19,38.54,59600
8530400,2012-10-10,WABC,46.12,46.57,46.06,46.41,38.72,58600
8530401,2012-10-11,WABC,46.42,46.78,46.34,46.56,38.85,48800
8530402,2012-10-12,WABC,46.38,46.38,45.31,45.41,37.89,105100
8530403,2012-10-15,WABC,45.56,45.91,45.05,45.38,37.86,58200
8530404,2012-10-16,WABC,45.45,45.73,44.25,44.54,37.16,110200
8530405,2012-10-17,WABC,44.7,45.22,44.41,45.01,37.55,169000
8530406,2012-10-18,WABC,44.93,45.39,44.69,44.83,37.4,95000
8530407,2012-10-19,WABC,44.6,45.11,44.6,44.73,37.32,127800
8530408,2012-10-22,WABC,44.57,45.02,44.47,44.96,37.51,93800
8530409,2012-10-23,WABC,44.62,44.72,44.13,44.49,37.12,124400
8530410,2012-10-24,WABC,44.72,44.88,44.36,44.52,37.15,61900
8530411,2012-10-25,WABC,44.89,45.39,44.52,44.83,37.4,136400
8530412,2012-10-26,WABC,44.9,44.92,44.34,44.47,37.1,64100
8530413,2012-10-31,WABC,44.62,44.62,43.5,44.12,36.81,125400
8530414,2012-11-01,WABC,43.91,44.77,42.58,44.6,37.53,230100
8530415,2012-11-02,WABC,44.61,44.61,43.4,43.4,36.52,175700
8530416,2012-11-05,WABC,43.41,43.53,42.94,43.5,36.6,89300
8530417,2012-11-06,WABC,43.6,44.32,43.6,44.08,37.09,81900
8530418,2012-11-07,WABC,43.78,43.78,42.32,42.34,35.62,120100
8530419,2012-11-08,WABC,42.25,42.5,41.31,41.32,34.77,123100
8530420,2012-11-09,WABC,41.14,41.93,41.14,41.34,34.78,98000
8530421,2012-11-12,WABC,41.27,41.65,41.22,41.35,34.79,161400
8530422,2012-11-13,WABC,41.14,41.9,41.12,41.21,34.67,113300
8530423,2012-11-14,WABC,41.42,41.48,40.71,41.01,34.51,159500
8530424,2012-11-15,WABC,40.81,41.48,40.81,41.06,34.55,108400
8530425,2012-11-16,WABC,40.95,41.3,40.5,41.16,34.63,116000
8530426,2012-11-19,WABC,41.61,42.08,41.24,41.68,35.07,99300
8530427,2012-11-20,WABC,41.59,41.9,41.24,41.88,35.24,48200
8530428,2012-11-21,WABC,41.98,42.04,41.61,41.92,35.27,36100
8530429,2012-11-23,WABC,42.06,42.92,41.93,42.92,36.11,35200
8530430,2012-11-26,WABC,42.87,42.97,42.38,42.49,35.75,142200
8530431,2012-11-27,WABC,42.51,42.56,42.01,42.05,35.38,52000
8530432,2012-11-28,WABC,41.89,42.09,41.31,41.95,35.3,79400
8530433,2012-11-29,WABC,42.36,42.52,41.42,42.5,35.76,103200
8530434,2012-11-30,WABC,42.55,42.71,42.16,42.56,35.81,162800
8530435,2012-12-03,WABC,42.66,42.76,42.42,42.65,35.89,150500
8530436,2012-12-04,WABC,42.56,42.72,42.05,42.41,35.68,99300
8530437,2012-12-05,WABC,42.43,42.49,42.04,42.23,35.53,126100
8530438,2012-12-06,WABC,42.33,42.47,41.84,41.97,35.31,81900
8530439,2012-12-07,WABC,42.1,42.17,41.68,42.0,35.34,44400
8530440,2012-12-10,WABC,42.0,42.23,41.79,42.11,35.43,74600
8530441,2012-12-11,WABC,42.38,42.6,42.04,42.33,35.62,85900
8530442,2012-12-12,WABC,42.5,42.5,41.85,41.92,35.27,80100
8530443,2012-12-13,WABC,42.03,42.12,41.51,41.68,35.07,59000
8530444,2012-12-14,WABC,41.51,41.72,41.22,41.31,34.76,55800
8530445,2012-12-17,WABC,41.46,42.2,41.15,42.05,35.38,99500
8530446,2012-12-18,WABC,42.02,42.45,41.81,42.4,35.68,121300
8530447,2012-12-19,WABC,42.42,42.98,41.77,42.7,35.93,105200
8530448,2012-12-20,WABC,42.6,43.14,42.47,42.94,36.13,87800
8530449,2012-12-21,WABC,42.71,42.9,41.81,42.79,36.0,552500
8530450,2012-12-24,WABC,42.75,42.89,41.54,42.5,35.76,31000
8530451,2012-12-26,WABC,42.4,42.71,42.32,42.34,35.62,92900
8530452,2012-12-27,WABC,42.25,42.63,41.78,42.33,35.62,83000
8530453,2012-12-28,WABC,42.05,42.55,41.99,42.17,35.48,64600
8530454,2012-12-31,WABC,42.14,42.69,41.84,42.59,35.84,107100
8530455,2013-01-02,WABC,43.44,44.31,43.18,44.19,37.18,191900
8530456,2013-01-03,WABC,44.41,44.74,44.12,44.61,37.53,189900
8530457,2013-01-04,WABC,44.61,45.07,44.3,44.76,37.66,100400
8530458,2013-01-07,WABC,44.53,44.76,44.2,44.6,37.53,86400
8530459,2013-01-08,WABC,44.54,44.74,44.01,44.41,37.37,58700
8530460,2013-01-09,WABC,44.64,44.77,44.39,44.58,37.51,72000
8530461,2013-01-10,WABC,44.74,44.83,44.1,44.6,37.53,160300
8530462,2013-01-11,WABC,44.68,44.68,43.43,43.96,36.99,124300
8530463,2013-01-14,WABC,43.86,44.58,43.86,44.51,37.45,55800
8530464,2013-01-15,WABC,44.25,44.75,43.89,44.65,37.57,61300
8530465,2013-01-16,WABC,44.53,44.97,44.4,44.72,37.63,64800
8530466,2013-01-17,WABC,44.87,45.14,44.1,44.38,37.34,213200
8530467,2013-01-18,WABC,43.49,43.6,42.64,43.49,36.59,275900
8530468,2013-01-22,WABC,43.61,43.71,43.15,43.6,36.69,336600
8530469,2013-01-23,WABC,43.66,43.92,43.5,43.68,36.75,107400
8530470,2013-01-24,WABC,43.7,44.05,43.63,43.89,36.93,194900
8530471,2013-01-25,WABC,43.68,44.32,43.68,44.1,37.11,116300
8530472,2013-01-28,WABC,44.04,44.59,43.95,44.46,37.41,109400
8530473,2013-01-29,WABC,44.51,44.72,44.32,44.47,37.42,107800
8530474,2013-01-30,WABC,44.39,44.75,44.22,44.47,37.42,103600
8530475,2013-01-31,WABC,44.15,44.53,43.85,44.42,37.69,377700
8530476,2013-02-01,WABC,44.4,44.75,44.13,44.54,37.79,134000
8530477,2013-02-04,WABC,44.39,44.39,43.97,43.97,37.31,109400
8530478,2013-02-05,WABC,44.11,44.29,44.0,44.07,37.39,110700
8530479,2013-02-06,WABC,43.87,44.09,43.87,44.05,37.37,76100
8530480,2013-02-07,WABC,43.99,44.09,43.81,44.0,37.33,125800
8530481,2013-02-08,WABC,44.0,44.35,43.88,44.28,37.57,48000
8530482,2013-02-11,WABC,44.34,44.34,44.09,44.26,37.55,52300
8530483,2013-02-12,WABC,44.25,44.56,44.21,44.5,37.76,65100
8530484,2013-02-13,WABC,44.5,44.56,44.16,44.33,37.61,84200
8530485,2013-02-14,WABC,44.54,44.6,44.16,44.32,37.6,45200
8530486,2013-02-15,WABC,44.61,44.7,44.35,44.49,37.75,99200
8530487,2013-02-19,WABC,44.68,44.98,44.59,44.98,38.16,132900
8530488,2013-02-20,WABC,45.0,45.1,44.66,44.72,37.94,186100
8530489,2013-02-21,WABC,44.63,45.1,44.37,44.44,37.71,161600
8530490,2013-02-22,WABC,44.73,44.93,44.45,44.87,38.07,49800
8530491,2013-02-25,WABC,45.0,45.5,44.04,44.04,37.37,95000
8530492,2013-02-26,WABC,44.1,44.7,43.82,43.91,37.26,94900
8530493,2013-02-27,WABC,43.74,44.54,43.74,44.33,37.61,112900
8530494,2013-02-28,WABC,44.19,44.72,44.15,44.3,37.59,106600
8530495,2013-03-01,WABC,43.76,44.59,43.44,44.41,37.68,193800
8530496,2013-03-04,WABC,44.28,44.79,44.24,44.73,37.95,92600
8530497,2013-03-05,WABC,44.88,45.04,44.69,44.92,38.11,126900
8530498,2013-03-06,WABC,44.96,45.21,44.7,44.9,38.1,60500
8530499,2013-03-07,WABC,44.86,45.27,44.84,45.27,38.41,54300
8530500,2013-03-08,WABC,45.49,45.54,45.0,45.37,38.49,72100
8530501,2013-03-11,WABC,45.11,45.22,44.89,45.11,38.27,85200
8530502,2013-03-12,WABC,45.17,45.17,44.81,44.88,38.08,91700
8530503,2013-03-13,WABC,44.88,45.29,44.79,45.09,38.26,66400
8530504,2013-03-14,WABC,45.1,45.49,45.1,45.46,38.57,59600
8530505,2013-03-15,WABC,45.52,45.78,45.33,45.68,38.76,295700
8530506,2013-03-18,WABC,45.2,45.6,44.85,45.18,38.33,192400
8530507,2013-03-19,WABC,45.2,45.47,45.08,45.41,38.53,130200
8530508,2013-03-20,WABC,45.71,45.71,45.23,45.56,38.66,75600
8530509,2013-03-21,WABC,45.25,45.48,45.1,45.27,38.41,50300
8530510,2013-03-22,WABC,45.35,45.66,45.0,45.37,38.49,79300
8530511,2013-03-25,WABC,45.4,45.8,45.13,45.6,38.69,83500
8530512,2013-03-26,WABC,45.56,45.66,45.12,45.39,38.51,61300
8530513,2013-03-27,WABC,45.0,45.2,44.93,45.09,38.26,104500
8530514,2013-03-28,WABC,45.25,45.62,45.17,45.33,38.46,109300
8530515,2013-04-01,WABC,45.17,45.35,44.31,44.81,38.02,146800
8530516,2013-04-02,WABC,44.86,45.13,44.31,44.43,37.7,95000
8530517,2013-04-03,WABC,44.43,44.45,43.9,43.9,37.25,89500
8530518,2013-04-04,WABC,43.88,44.45,43.63,44.44,37.71,113600
8530519,2013-04-05,WABC,43.85,44.32,43.76,44.28,37.57,56000
8530520,2013-04-08,WABC,44.43,44.66,43.9,44.49,37.75,37700
8530521,2013-04-09,WABC,44.67,44.67,43.94,43.99,37.32,72300
8530522,2013-04-10,WABC,44.07,44.81,43.92,44.59,37.83,90000
8530523,2013-04-11,WABC,44.68,44.68,44.12,44.21,37.51,70000
8530524,2013-04-12,WABC,43.93,44.27,43.86,44.15,37.46,78600
8530525,2013-04-15,WABC,44.04,44.3,43.09,43.25,36.7,181200
8530526,2013-04-16,WABC,43.76,43.76,43.09,43.34,36.77,158000
8530527,2013-04-17,WABC,43.04,43.49,42.42,42.56,36.11,135700
8530528,2013-04-18,WABC,42.53,42.73,42.22,42.33,35.92,110500
8530529,2013-04-19,WABC,42.26,42.86,41.85,42.82,36.33,67700
8530530,2013-04-22,WABC,43.13,43.13,42.19,42.77,36.29,101500
8530531,2013-04-23,WABC,42.97,43.32,42.71,43.3,36.74,64100
8530532,2013-04-24,WABC,43.26,43.48,42.97,43.41,36.83,48300
8530533,2013-04-25,WABC,43.66,43.8,43.34,43.44,36.86,53600
8530534,2013-04-26,WABC,43.41,43.41,42.79,42.8,36.31,129300
8530535,2013-04-29,WABC,43.01,43.3,42.84,42.96,36.45,79400
8530536,2013-04-30,WABC,42.81,43.39,42.59,43.39,36.81,131000
8530537,2013-05-01,WABC,43.16,43.39,42.15,42.29,35.88,218300
8530538,2013-05-02,WABC,42.18,42.69,41.76,42.44,36.33,54800
8530539,2013-05-03,WABC,42.88,43.42,42.82,43.03,36.83,66300
8530540,2013-05-06,WABC,42.95,43.56,42.4,43.41,37.16,48900
8530541,2013-05-07,WABC,43.61,44.06,43.36,44.0,37.66,78700
8530542,2013-05-08,WABC,44.01,44.12,43.8,44.03,37.69,96600
8530543,2013-05-09,WABC,44.09,44.16,43.74,43.82,37.51,64100
8530544,2013-05-10,WABC,43.95,44.25,43.87,44.19,37.82,65200
8530545,2013-05-13,WABC,43.99,44.6,43.83,44.25,37.88,109100
8530546,2013-05-14,WABC,44.37,44.65,44.15,44.51,38.1,91500
8530547,2013-05-15,WABC,44.34,44.63,44.24,44.58,38.16,159400
8530548,2013-05-16,WABC,44.57,44.68,44.34,44.47,38.06,108800
8530549,2013-05-17,WABC,44.69,44.97,44.5,44.94,38.47,132800
8530550,2013-05-20,WABC,44.94,45.46,44.81,45.38,38.84,78800
8530551,2013-05-21,WABC,45.46,45.61,45.0,45.46,38.91,74300
8530552,2013-05-22,WABC,45.48,45.89,44.46,44.61,38.18,87300
8530553,2013-05-23,WABC,44.38,44.96,44.33,44.75,38.3,110100
8530554,2013-05-24,WABC,44.45,44.67,44.1,44.44,38.04,133900
8530555,2013-05-28,WABC,44.91,45.59,44.68,45.42,38.88,114500
8530556,2013-05-29,WABC,45.13,45.55,44.88,45.16,38.65,76400
8530557,2013-05-30,WABC,45.31,45.61,45.01,45.47,38.92,78800
8530558,2013-05-31,WABC,45.2,45.51,44.95,45.03,38.54,72200
8530559,2013-06-03,WABC,45.2,45.72,44.54,45.6,39.03,223500
8530560,2013-06-04,WABC,45.66,46.1,45.02,45.27,38.75,116500
8530561,2013-06-05,WABC,45.22,45.59,44.61,44.72,38.28,133800
8530562,2013-06-06,WABC,44.78,45.1,44.45,45.1,38.6,116500
8530563,2013-06-07,WABC,45.5,45.67,45.01,45.52,38.96,112400
8530564,2013-06-10,WABC,45.54,46.04,45.4,45.99,39.37,88100
8530565,2013-06-11,WABC,45.55,45.84,45.35,45.59,39.02,98400
8530566,2013-06-12,WABC,45.96,46.1,45.41,45.63,39.06,161700
8530567,2013-06-13,WABC,45.7,46.56,45.65,46.45,39.76,131400
8530568,2013-06-14,WABC,46.27,46.51,45.13,45.29,38.77,189600
8530569,2013-06-17,WABC,45.68,45.83,44.92,45.26,38.74,113100
8530570,2013-06-18,WABC,45.38,45.67,45.09,45.47,38.92,102700
8530571,2013-06-19,WABC,45.31,45.51,44.95,45.07,38.58,54800
8530572,2013-06-20,WABC,44.55,45.59,44.46,44.97,38.49,166700
8530573,2013-06-21,WABC,45.08,45.77,44.65,45.53,38.97,436100
8530574,2013-06-24,WABC,45.11,46.38,44.83,45.18,38.67,163900
8530575,2013-06-25,WABC,45.6,46.35,44.92,46.15,39.5,116400
8530576,2013-06-26,WABC,46.0,46.35,45.49,45.7,39.12,119900
8530577,2013-06-27,WABC,46.03,46.17,45.89,45.95,39.33,137500
8530578,2013-06-28,WABC,45.71,46.19,45.64,45.69,39.11,758900
8530579,2013-07-01,WABC,45.94,47.0,45.73,46.64,39.92,209400
8530580,2013-07-02,WABC,46.36,47.77,46.35,47.06,40.28,148800
8530581,2013-07-03,WABC,46.98,47.29,46.79,47.16,40.37,64500
8530582,2013-07-05,WABC,47.8,48.3,47.58,48.21,41.27,113200
8530583,2013-07-08,WABC,48.43,48.74,48.18,48.4,41.43,134600
8530584,2013-07-09,WABC,48.6,48.86,47.99,48.59,41.59,110900
8530585,2013-07-10,WABC,48.44,48.58,47.88,48.17,41.23,76200
8530586,2013-07-11,WABC,48.56,48.89,46.95,47.52,40.67,203300
8530587,2013-07-12,WABC,47.6,47.99,47.07,47.87,40.97,71300
8530588,2013-07-15,WABC,48.02,48.2,47.65,48.18,41.24,92800
8530589,2013-07-16,WABC,48.15,48.21,46.83,47.55,40.7,94900
8530590,2013-07-17,WABC,47.82,47.94,47.2,47.53,40.68,83800
8530591,2013-07-18,WABC,47.52,48.46,47.32,48.1,41.17,84800
8530592,2013-07-19,WABC,47.99,48.48,47.84,47.99,41.08,116400
8530593,2013-07-22,WABC,47.88,48.65,47.74,48.26,41.31,66300
8530594,2013-07-23,WABC,48.48,48.72,47.78,48.7,41.68,74400
8530595,2013-07-24,WABC,48.76,49.3,48.53,48.74,41.72,127300
8530596,2013-07-25,WABC,48.69,49.23,48.31,48.78,41.75,223200
8530597,2013-07-26,WABC,48.48,48.7,48.23,48.51,41.52,79800
8530598,2013-07-29,WABC,48.48,48.52,47.84,48.07,41.15,45800
8530599,2013-07-30,WABC,48.22,48.62,47.77,47.98,41.07,70000
8530600,2013-07-31,WABC,48.22,48.98,47.91,47.99,41.08,111600
8530601,2013-08-01,WABC,48.16,48.98,47.95,48.77,42.07,219600
8530602,2013-08-02,WABC,48.47,48.9,47.61,48.8,42.09,157000
8530603,2013-08-05,WABC,48.81,49.13,48.59,48.86,42.15,57600
8530604,2013-08-06,WABC,48.49,49.24,48.24,48.97,42.24,122800
8530605,2013-08-07,WABC,48.92,49.01,48.34,48.88,42.16,142600
8530606,2013-08-08,WABC,49.21,49.35,48.59,48.93,42.21,93400
8530607,2013-08-09,WABC,48.71,49.23,48.44,48.91,42.19,119100
8530608,2013-08-12,WABC,48.66,49.46,48.66,49.38,42.6,107900
8530609,2013-08-13,WABC,49.31,49.82,48.87,49.64,42.82,58700
8530610,2013-08-14,WABC,49.8,49.99,49.41,49.66,42.84,87400
8530611,2013-08-15,WABC,49.22,49.56,49.08,49.25,42.48,112400
8530612,2013-08-16,WABC,49.05,49.85,48.82,49.02,42.28,128800
8530613,2013-08-19,WABC,48.95,49.36,48.64,48.83,42.12,85200
8530614,2013-08-20,WABC,48.99,49.98,48.99,49.63,42.81,57000
8530615,2013-08-21,WABC,49.44,49.73,49.07,49.19,42.43,85200
8530616,2013-08-22,WABC,49.37,50.44,49.37,50.4,43.48,69500
8530617,2013-08-23,WABC,50.43,50.78,49.85,50.13,43.24,72300
8530618,2013-08-26,WABC,50.08,50.36,49.4,49.55,42.74,43400
8530619,2013-08-27,WABC,49.07,49.12,47.91,47.94,41.35,83500
8530620,2013-08-28,WABC,48.03,48.59,47.99,47.99,41.4,57400
8530621,2013-08-29,WABC,48.0,48.63,48.0,48.25,41.62,55100
8530622,2013-08-30,WABC,48.22,48.22,47.02,47.07,40.6,81900
8530623,2013-09-03,WABC,47.59,48.36,45.9,46.65,40.24,167400
8530624,2013-09-04,WABC,46.55,47.11,46.28,46.53,40.14,90600
8530625,2013-09-05,WABC,46.44,47.29,46.25,46.94,40.49,76100
8530626,2013-09-06,WABC,47.02,47.18,46.06,46.89,40.45,63600
8530627,2013-09-09,WABC,47.09,47.39,46.51,47.1,40.63,99300
8530628,2013-09-10,WABC,47.19,47.99,47.19,47.73,41.17,138200
8530629,2013-09-11,WABC,47.65,47.87,47.29,47.39,40.88,76100
8530630,2013-09-12,WABC,47.52,47.53,47.04,47.1,40.63,90600
8530631,2013-09-13,WABC,47.33,47.53,46.71,47.41,40.9,140300
8530632,2013-09-16,WABC,47.78,47.91,47.26,47.42,40.9,85500
8530633,2013-09-17,WABC,47.55,48.28,47.4,48.18,41.56,86800
8530634,2013-09-18,WABC,48.2,49.12,48.05,48.23,41.6,89000
8530635,2013-09-19,WABC,48.44,48.83,47.4,48.48,41.82,137600
8530636,2013-09-20,WABC,48.64,49.51,48.64,49.13,42.38,642600
8530637,2013-09-23,WABC,49.21,49.51,48.44,49.2,42.44,94800
8530638,2013-09-24,WABC,49.17,49.77,48.84,49.33,42.55,63300
8530639,2013-09-25,WABC,49.24,49.54,48.75,48.76,42.06,98200
8530640,2013-09-26,WABC,48.8,49.09,48.25,48.99,42.26,92000
8530641,2013-09-27,WABC,48.62,49.34,48.62,49.02,42.28,72300
8530642,2013-09-30,WABC,48.62,50.0,48.62,49.74,42.91,148500
8530643,2013-10-01,WABC,49.88,51.1,49.75,50.58,43.63,288900
8530644,2013-10-02,WABC,50.36,50.38,49.76,50.15,43.26,89200
8530645,2013-10-03,WABC,50.07,50.39,49.65,49.92,43.06,127200
8530646,2013-10-04,WABC,49.8,50.13,49.58,49.78,42.94,80700
8530647,2013-10-07,WABC,49.45,49.45,48.69,48.71,42.02,88500
8530648,2013-10-08,WABC,48.79,49.1,48.34,48.34,41.7,97400
8530649,2013-10-09,WABC,48.56,49.02,48.29,48.5,41.84,88300
8530650,2013-10-10,WABC,48.93,49.65,48.79,49.56,42.75,63700
8530651,2013-10-11,WABC,49.31,50.99,49.04,50.91,43.91,102200
8530652,2013-10-14,WABC,50.67,51.34,50.63,51.13,44.1,110100
8530653,2013-10-15,WABC,51.02,51.2,50.5,50.54,43.6,117400
8530654,2013-10-16,WABC,50.67,51.5,50.41,50.6,43.65,210000
8530655,2013-10-17,WABC,50.5,51.5,49.88,51.34,44.29,192500
8530656,2013-10-18,WABC,51.24,52.66,50.88,52.63,45.4,171800
8530657,2013-10-21,WABC,52.57,52.97,52.5,52.8,45.55,157400
8530658,2013-10-22,WABC,52.96,53.2,52.21,52.87,45.61,159200
8530659,2013-10-23,WABC,52.6,53.08,52.6,52.9,45.63,152000
8530660,2013-10-24,WABC,53.0,53.19,52.57,53.02,45.74,174600
8530661,2013-10-25,WABC,52.99,53.6,52.63,53.29,45.97,114500
8530662,2013-10-28,WABC,53.41,53.42,52.85,53.18,45.87,134600
8530663,2013-10-29,WABC,53.37,53.71,53.08,53.71,46.33,127000
8530664,2013-10-30,WABC,53.56,53.75,53.21,53.25,45.93,107900
8530665,2013-10-31,WABC,53.01,53.07,51.42,51.48,44.73,165300
8530666,2013-11-01,WABC,51.51,52.32,50.85,51.68,44.9,174600
8530667,2013-11-04,WABC,51.92,52.46,51.23,52.24,45.39,134000
8530668,2013-11-05,WABC,52.12,52.66,52.03,52.17,45.33,131800
8530669,2013-11-06,WABC,52.58,52.72,52.17,52.61,45.71,65000
8530670,2013-11-07,WABC,52.76,52.93,52.07,52.09,45.26,89400
8530671,2013-11-08,WABC,52.06,54.29,52.06,54.06,46.97,127700
8530672,2013-11-11,WABC,53.98,54.0,53.19,53.21,46.23,53900
8530673,2013-11-12,WABC,53.08,53.15,52.18,52.61,45.71,72800
8530674,2013-11-13,WABC,52.43,53.54,52.27,53.45,46.44,60400
8530675,2013-11-14,WABC,53.3,53.75,53.2,53.58,46.55,46500
8530676,2013-11-15,WABC,53.5,53.6,53.02,53.58,46.55,118600
8530677,2013-11-18,WABC,53.63,54.23,53.3,53.6,46.57,64500
8530678,2013-11-19,WABC,53.61,54.06,53.03,53.42,46.41,58500
8530679,2013-11-20,WABC,53.61,54.17,53.0,53.73,46.68,69400
8530680,2013-11-21,WABC,53.94,55.18,53.5,55.0,47.78,107200
8530681,2013-11-22,WABC,54.86,55.5,54.73,55.37,48.11,116100
8530682,2013-11-25,WABC,55.37,55.78,54.93,55.41,48.14,112100
8530683,2013-11-26,WABC,55.47,56.29,55.14,56.06,48.7,108600
8530684,2013-11-27,WABC,56.13,56.9,55.92,56.26,48.88,152200
8530685,2013-11-29,WABC,56.56,56.86,55.28,55.38,48.11,85500
8530686,2013-12-02,WABC,55.28,56.54,55.0,55.07,47.84,157800
8530687,2013-12-03,WABC,54.99,55.44,53.97,54.31,47.18,153500
8530688,2013-12-04,WABC,53.91,55.11,53.5,54.24,47.12,82800
8530689,2013-12-05,WABC,54.17,54.61,53.62,54.52,47.37,110300
8530690,2013-12-06,WABC,55.09,55.65,55.02,55.18,47.94,104300
8530691,2013-12-09,WABC,55.12,55.21,54.51,54.78,47.59,100500
8530692,2013-12-10,WABC,54.54,54.87,54.01,54.26,47.14,113200
8530693,2013-12-11,WABC,54.37,54.37,53.23,53.4,46.39,145600
8530694,2013-12-12,WABC,53.58,54.31,53.51,53.8,46.74,118800
8530695,2013-12-13,WABC,54.05,54.05,53.28,53.76,46.71,115700
8530696,2013-12-16,WABC,54.0,54.87,53.84,54.78,47.59,117900
8530697,2013-12-17,WABC,54.65,54.75,54.01,54.54,47.38,96600
8530698,2013-12-18,WABC,54.52,55.53,54.32,55.44,48.17,130800
8530699,2013-12-19,WABC,55.39,55.39,54.6,54.69,47.51,100700
8530700,2013-12-20,WABC,54.95,55.91,54.36,55.82,48.5,358200
8530701,2013-12-23,WABC,56.07,57.07,55.77,56.9,49.43,216000
8530702,2013-12-24,WABC,56.97,57.31,56.62,56.9,49.43,61500
8530703,2013-12-26,WABC,56.96,57.37,56.76,57.21,49.7,129700
8530704,2013-12-27,WABC,57.44,57.59,56.95,57.05,49.57,118200
8530705,2013-12-30,WABC,56.85,57.19,56.52,56.55,49.13,97500
8530706,2013-12-31,WABC,56.65,57.12,56.39,56.46,49.05,87300
8530707,2014-01-02,WABC,56.35,56.51,55.2,55.4,48.13,187100
8530708,2014-01-03,WABC,55.52,56.15,55.42,55.98,48.64,107500
8530709,2014-01-06,WABC,56.06,56.08,54.75,54.83,47.64,211500
8530710,2014-01-07,WABC,54.88,55.64,54.56,54.75,47.57,275800
8530711,2014-01-08,WABC,54.64,54.89,54.32,54.75,47.57,185100
8530712,2014-01-09,WABC,55.04,55.29,54.57,55.04,47.82,108100
8530713,2014-01-10,WABC,55.11,55.3,54.38,55.18,47.94,115100
8530714,2014-01-13,WABC,54.85,54.98,54.21,54.65,47.48,201400
8530715,2014-01-14,WABC,55.0,55.0,54.23,54.78,47.59,128500
8530716,2014-01-15,WABC,54.87,55.45,54.56,54.69,47.51,131400
8530717,2014-01-16,WABC,54.55,54.67,53.3,53.61,46.58,240400
8530718,2014-01-17,WABC,51.99,53.7,51.47,53.32,46.32,138700
8530719,2014-01-21,WABC,53.74,54.42,52.95,53.01,46.06,309600
8530720,2014-01-22,WABC,53.01,54.18,52.52,53.87,46.8,214900
8530721,2014-01-23,WABC,53.5,53.5,52.87,53.2,46.22,166800
8530722,2014-01-24,WABC,52.9,52.91,51.79,52.3,45.44,215900
8530723,2014-01-27,WABC,52.29,52.54,51.21,51.26,44.53,169600
8530724,2014-01-28,WABC,51.46,51.73,51.17,51.48,44.73,176500
8530725,2014-01-29,WABC,51.1,51.35,50.19,50.27,43.67,223700
8530726,2014-01-30,WABC,50.44,50.44,49.59,49.9,43.68,178300
8530727,2014-01-31,WABC,48.98,50.06,48.74,49.36,43.21,269900
8530728,2014-02-03,WABC,49.33,49.63,48.71,49.05,42.94,635600
8530729,2014-02-04,WABC,49.18,49.84,48.81,49.51,43.34,269300
8530730,2014-02-05,WABC,49.35,50.18,49.03,50.09,43.85,243200
8530731,2014-02-06,WABC,49.95,50.32,49.27,49.53,43.36,250300
8530732,2014-02-07,WABC,49.8,49.83,48.91,49.35,43.2,213400
8530733,2014-02-10,WABC,49.2,49.2,48.36,49.02,42.91,182200
8530734,2014-02-11,WABC,49.18,50.68,48.6,50.34,44.07,256500
8530735,2014-02-12,WABC,50.3,50.9,49.8,50.04,43.81,199000
8530736,2014-02-13,WABC,49.48,50.25,49.24,50.1,43.86,107900
8530737,2014-02-14,WABC,50.1,50.66,49.97,50.61,44.3,95500
8530738,2014-02-18,WABC,50.74,50.99,50.32,50.62,44.31,175800
8530739,2014-02-19,WABC,50.32,50.71,48.67,48.8,42.72,286000
8530740,2014-02-20,WABC,49.01,49.6,48.39,48.52,42.48,177100
8530741,2014-02-21,WABC,48.65,49.37,48.37,48.8,42.72,247100
8530742,2014-02-24,WABC,48.9,49.83,48.9,49.21,43.08,192300
8530743,2014-02-25,WABC,49.09,49.19,48.54,48.67,42.61,143700
8530744,2014-02-26,WABC,49.02,49.74,48.66,49.17,43.04,241900
8530745,2014-02-27,WABC,49.01,49.89,48.73,49.84,43.63,123100
8530746,2014-02-28,WABC,49.99,51.39,49.87,50.28,44.02,250900
8530747,2014-03-03,WABC,49.93,50.11,49.25,49.92,43.7,157200
8530748,2014-03-04,WABC,50.54,51.72,49.56,50.98,44.63,367600
8530749,2014-03-05,WABC,50.84,51.07,50.62,51.01,44.66,94200
8530750,2014-03-06,WABC,51.17,51.92,50.74,51.6,45.17,158300
8530751,2014-03-07,WABC,51.95,52.81,51.95,52.34,45.82,165800
8530752,2014-03-10,WABC,52.14,52.61,51.87,52.11,45.62,110400
8530753,2014-03-11,WABC,52.21,52.57,51.5,52.4,45.87,205800
8530754,2014-03-12,WABC,52.25,52.9,51.65,52.83,46.25,135600
8530755,2014-03-13,WABC,52.94,53.29,52.4,52.73,46.16,210000
8530756,2014-03-14,WABC,52.67,53.68,52.67,53.36,46.71,205600
8530757,2014-03-17,WABC,53.6,54.34,53.1,53.49,46.83,268100
8530758,2014-03-18,WABC,53.54,53.99,53.26,53.62,46.94,236700
8530759,2014-03-19,WABC,53.72,54.21,53.0,53.52,46.85,213000
8530760,2014-03-20,WABC,53.54,54.7,53.54,54.65,47.84,206400
8530761,2014-03-21,WABC,54.78,55.24,54.15,54.39,47.61,581800
8530762,2014-03-24,WABC,54.54,55.02,54.0,54.49,47.7,204600
8530763,2014-03-25,WABC,54.95,54.95,54.23,54.34,47.57,173600
8530764,2014-03-26,WABC,54.8,54.8,53.64,53.72,47.03,206300
8530765,2014-03-27,WABC,53.78,54.1,52.7,52.87,46.28,141200
8530766,2014-03-28,WABC,52.76,53.74,52.49,53.18,46.55,157600
8530767,2014-03-31,WABC,53.47,54.54,53.29,54.08,47.34,187800
8530768,2014-04-01,WABC,54.19,55.21,53.44,54.9,48.06,276600
8530769,2014-04-02,WABC,54.86,55.34,54.36,54.69,47.88,153000
8530770,2014-04-03,WABC,54.72,54.72,53.88,54.46,47.68,172700
8530771,2014-04-04,WABC,54.57,54.57,52.91,53.04,46.43,158800
8530772,2014-04-07,WABC,52.99,53.62,52.28,52.78,46.2,126600
8530773,2014-04-08,WABC,52.58,53.24,52.11,52.64,46.08,113900
8530774,2014-04-09,WABC,52.79,53.07,52.1,52.39,45.86,124600
8530775,2014-04-10,WABC,52.28,52.48,50.54,50.73,44.41,229100
8530776,2014-04-11,WABC,50.27,51.16,49.66,51.0,44.65,289700
8530777,2014-04-14,WABC,51.53,51.76,50.75,51.36,44.96,150000
8530778,2014-04-15,WABC,51.28,51.87,50.33,51.5,45.08,197400
8530779,2014-04-16,WABC,51.5,51.59,50.9,51.2,44.82,183900
8530780,2014-04-17,WABC,51.28,52.19,51.17,52.05,45.57,191100
8530781,2014-04-21,WABC,51.92,52.14,51.12,51.33,44.94,102500
8530782,2014-04-22,WABC,51.36,52.08,51.08,51.53,45.11,117300
8530783,2014-04-23,WABC,51.33,52.29,51.24,52.0,45.52,163400
8530784,2014-04-24,WABC,52.17,52.21,51.42,52.18,45.68,285000
8530785,2014-04-25,WABC,51.97,52.54,51.17,51.29,44.9,261100
8530786,2014-04-28,WABC,51.32,52.04,50.37,50.67,44.36,201800
8530787,2014-04-29,WABC,51.01,51.16,50.03,50.33,44.06,201800
8530788,2014-04-30,WABC,50.15,51.09,49.78,50.82,44.49,139000
8530789,2014-05-01,WABC,50.43,50.57,49.51,49.99,44.09,211300
8530790,2014-05-02,WABC,50.08,51.05,49.81,50.1,44.19,133700
8530791,2014-05-05,WABC,49.7,50.08,49.32,49.97,44.07,196100
8530792,2014-05-06,WABC,49.75,50.19,49.45,49.89,44.0,203400
8530793,2014-05-07,WABC,50.0,50.11,49.16,50.08,44.17,193000
8530794,2014-05-08,WABC,49.92,50.86,49.85,49.9,44.01,110600
8530795,2014-05-09,WABC,49.7,50.33,49.35,50.3,44.37,147400
8530796,2014-05-12,WABC,50.46,51.66,50.14,51.43,45.36,112100
8530797,2014-05-13,WABC,51.47,51.79,50.17,50.22,44.29,180600
8530798,2014-05-14,WABC,50.04,50.54,48.8,49.04,43.25,209600
8530799,2014-05-15,WABC,48.88,49.45,47.85,48.55,42.82,179700
8530800,2014-05-16,WABC,48.45,48.82,48.15,48.78,43.02,165500
8530801,2014-05-19,WABC,48.56,49.58,48.56,49.37,43.54,118000
8530802,2014-05-20,WABC,49.16,49.16,48.45,48.9,43.13,165400
8530803,2014-05-21,WABC,49.0,49.54,48.46,48.83,43.07,98600
8530804,2014-05-22,WABC,48.75,49.32,48.75,49.21,43.4,72700
8530805,2014-05-23,WABC,49.27,49.63,49.11,49.31,43.49,75400
8530806,2014-05-27,WABC,49.29,50.05,48.85,49.7,43.84,165700
8530807,2014-05-28,WABC,49.51,49.55,48.97,49.38,43.55,159500
8530808,2014-05-29,WABC,49.59,49.59,48.99,49.28,43.47,68800
8530809,2014-05-30,WABC,49.43,49.8,48.85,48.97,43.19,105900
8530810,2014-06-02,WABC,48.98,49.58,48.39,49.3,43.48,127500
8530811,2014-06-03,WABC,49.22,50.07,49.0,49.16,43.36,283300
8530812,2014-06-04,WABC,49.02,49.64,49.02,49.2,43.4,89000
8530813,2014-06-05,WABC,49.26,51.33,48.95,50.86,44.86,207800
8530814,2014-06-06,WABC,51.17,51.45,50.58,50.96,44.95,124200
8530815,2014-06-09,WABC,50.97,52.0,50.97,51.98,45.85,94400
8530816,2014-06-10,WABC,51.79,52.07,51.51,51.89,45.77,82600
8530817,2014-06-11,WABC,51.64,51.82,51.15,51.35,45.29,91100
8530818,2014-06-12,WABC,51.16,51.69,50.84,51.4,45.34,123100
8530819,2014-06-13,WABC,51.57,52.38,51.06,51.44,45.37,117800
8530820,2014-06-16,WABC,51.25,51.67,50.55,50.75,44.76,95700
8530821,2014-06-17,WABC,50.79,52.43,50.79,52.04,45.9,156900
8530822,2014-06-18,WABC,52.04,52.65,51.78,52.4,46.22,123400
8530823,2014-06-19,WABC,52.41,52.44,51.57,51.91,45.79,92000
8530824,2014-06-20,WABC,52.0,52.31,51.68,52.18,46.02,267000
8530825,2014-06-23,WABC,52.25,52.4,51.53,51.64,45.55,154300
8530826,2014-06-24,WABC,51.65,52.36,51.15,51.18,45.14,140800
8530827,2014-06-25,WABC,51.03,51.69,50.19,51.65,45.56,135100
8530828,2014-06-26,WABC,51.62,52.0,50.74,51.88,45.76,122900
8530829,2014-06-27,WABC,51.47,52.37,51.42,52.14,45.99,358000
8530830,2014-06-30,WABC,52.21,52.4,51.42,52.28,46.11,134700
8530831,2014-07-01,WABC,52.28,53.93,51.96,52.94,46.69,245800
8530832,2014-07-02,WABC,52.88,53.17,51.9,51.97,45.84,133300
8530833,2014-07-03,WABC,52.21,53.09,52.21,52.91,46.67,93000
8530834,2014-07-07,WABC,52.69,52.95,52.44,52.48,46.29,110100
8530835,2014-07-08,WABC,52.43,52.43,51.38,51.5,45.42,182900
8530836,2014-07-09,WABC,51.74,52.34,51.36,51.66,45.56,101000
8530837,2014-07-10,WABC,50.69,51.37,50.39,50.98,44.97,138700
8530838,2014-07-11,WABC,50.78,51.28,50.36,50.89,44.89,128600
8530839,2014-07-14,WABC,51.49,51.6,50.68,51.19,45.15,157100
8530840,2014-07-15,WABC,51.34,51.89,50.72,50.91,44.9,115600
8530841,2014-07-16,WABC,51.19,51.4,49.54,49.8,43.92,245700
8530842,2014-07-17,WABC,49.5,49.96,48.46,48.65,42.91,200800
8530843,2014-07-18,WABC,48.57,49.44,48.52,49.19,43.39,181500
8530844,2014-07-21,WABC,48.89,49.14,48.37,48.82,43.06,145100
8530845,2014-07-22,WABC,49.97,49.97,48.43,48.64,42.9,153700
8530846,2014-07-23,WABC,48.79,49.17,48.29,48.56,42.83,184800
8530847,2014-07-24,WABC,48.7,49.56,48.63,49.01,43.23,184400
8530848,2014-07-25,WABC,48.8,49.69,48.72,49.15,43.35,168600
8530849,2014-07-28,WABC,49.17,49.17,48.08,48.59,42.86,148700
8530850,2014-07-29,WABC,48.59,49.11,48.4,48.56,42.83,129200
8530851,2014-07-30,WABC,48.9,49.44,48.71,49.06,43.27,117100
8530852,2014-07-31,WABC,48.3,48.76,47.75,47.82,42.51,199300
8530853,2014-08-01,WABC,47.86,48.11,46.81,47.03,41.8,223600
8530854,2014-08-04,WABC,47.33,47.7,46.48,47.08,41.85,151200
8530855,2014-08-05,WABC,46.9,47.34,46.57,46.91,41.7,151000
8530856,2014-08-06,WABC,46.74,47.45,46.74,47.36,42.1,183700
8530857,2014-08-07,WABC,47.4,47.61,46.63,47.23,41.98,243300
8530858,2014-08-08,WABC,47.28,47.82,47.1,47.78,42.47,202200
8530859,2014-08-11,WABC,47.81,48.17,47.47,47.56,42.28,129800
8530860,2014-08-12,WABC,47.32,47.77,47.13,47.45,42.18,109900
8530861,2014-08-13,WABC,47.5,48.17,47.5,47.9,42.58,117900
8530862,2014-08-14,WABC,47.99,48.48,47.77,47.84,42.52,134400
8530863,2014-08-15,WABC,48.27,48.36,47.06,47.48,42.2,186800
8530864,2014-08-18,WABC,47.92,48.47,47.66,48.23,42.87,104600
8530865,2014-08-19,WABC,48.2,48.47,47.96,48.14,42.79,107500
8530866,2014-08-20,WABC,47.9,48.17,47.63,47.95,42.62,98900
8530867,2014-08-21,WABC,47.84,48.77,47.27,48.53,43.14,108700
8530868,2014-08-22,WABC,48.39,49.0,48.2,48.56,43.16,97400
8530869,2014-08-25,WABC,48.86,49.11,48.33,48.62,43.22,65800
8530870,2014-08-26,WABC,48.6,49.11,48.18,49.01,43.56,90700
8530871,2014-08-27,WABC,49.08,49.14,48.55,48.75,43.33,95700
8530872,2014-08-28,WABC,48.51,48.68,48.0,48.2,42.84,99700
8530873,2014-08-29,WABC,48.26,48.49,47.99,48.37,43.0,72100
8530874,2014-09-02,WABC,48.6,49.54,48.46,48.88,43.45,120000
8530875,2014-09-03,WABC,49.03,49.23,48.56,48.72,43.31,115500
8530876,2014-09-04,WABC,48.73,49.14,48.31,48.59,43.19,115500
8530877,2014-09-05,WABC,48.36,48.92,48.04,48.8,43.38,80800
8530878,2014-09-08,WABC,48.83,49.13,48.64,48.77,43.35,151900
8530879,2014-09-09,WABC,48.83,48.84,48.28,48.42,43.04,175400
8530880,2014-09-10,WABC,48.54,49.36,48.54,49.35,43.87,82400
8530881,2014-09-11,WABC,49.17,49.95,48.92,49.82,44.28,157500
8530882,2014-09-12,WABC,49.82,50.26,49.46,49.91,44.36,131100
8530883,2014-09-15,WABC,49.54,49.98,48.84,49.09,43.64,181700
8530884,2014-09-16,WABC,49.09,49.59,48.61,48.74,43.32,210900
8530885,2014-09-17,WABC,48.72,49.22,48.35,48.94,43.5,197200
8530886,2014-09-18,WABC,49.01,50.16,48.95,49.94,44.39,224100
8530887,2014-09-19,WABC,49.94,50.8,48.77,48.8,43.38,3917400
8530888,2014-09-22,WABC,48.77,48.97,48.24,48.27,42.91,267300
8530889,2014-09-23,WABC,48.17,48.33,47.39,47.47,42.2,329100
8530890,2014-09-24,WABC,47.49,47.78,47.1,47.46,42.19,233400
8530891,2014-09-25,WABC,47.43,47.43,46.42,46.89,41.68,212900
8530892,2014-09-26,WABC,46.93,47.03,46.42,46.81,41.61,259200
8530893,2014-09-29,WABC,46.39,47.12,46.12,46.82,41.62,202400
8530894,2014-09-30,WABC,46.82,47.05,46.48,46.52,41.35,266100
8530895,2014-10-01,WABC,46.35,46.97,45.94,46.09,40.97,183100
8530896,2014-10-02,WABC,46.87,46.87,45.97,46.36,41.21,148600
8530897,2014-10-03,WABC,46.8,47.5,46.53,46.81,41.61,158900
8530898,2014-10-06,WABC,46.9,46.9,46.22,46.35,41.2,98600
8530899,2014-10-07,WABC,46.02,46.24,45.35,45.38,40.34,163100
8530900,2014-10-08,WABC,45.28,46.67,45.28,46.58,41.4,202100
8530901,2014-10-09,WABC,46.46,46.65,44.91,44.96,39.96,216100
8530902,2014-10-10,WABC,45.26,46.2,45.04,45.52,40.46,254300
8530903,2014-10-13,WABC,45.43,46.37,45.31,45.46,40.41,230000
8530904,2014-10-14,WABC,45.78,46.59,45.5,45.71,40.63,201000
8530905,2014-10-15,WABC,44.8,45.34,42.71,45.06,40.05,465800
8530906,2014-10-16,WABC,44.17,45.65,43.21,45.48,40.43,276200
8530907,2014-10-17,WABC,46.15,46.15,45.26,45.49,40.44,243000
8530908,2014-10-20,WABC,45.14,46.02,45.14,45.64,40.57,180700
8530909,2014-10-21,WABC,45.83,46.68,45.83,46.48,41.32,95800
8530910,2014-10-22,WABC,46.58,47.01,45.98,46.07,40.95,92800
8530911,2014-10-23,WABC,46.64,47.19,46.14,46.68,41.49,132400
8530912,2014-10-24,WABC,46.54,46.76,46.46,46.66,41.48,92900
8530913,2014-10-27,WABC,46.41,47.17,46.0,47.05,41.82,84800
8530914,2014-10-28,WABC,47.34,48.38,47.26,48.32,42.95,178100
8530915,2014-10-29,WABC,48.31,49.24,47.86,49.01,43.56,163400
8530916,2014-10-30,WABC,48.48,49.11,48.19,48.74,43.66,133400
8530917,2014-10-31,WABC,49.64,49.79,48.84,49.34,44.2,221600
8530918,2014-11-03,WABC,49.52,49.79,48.88,49.17,44.05,132100
8530919,2014-11-04,WABC,48.89,49.7,48.64,49.21,44.08,122800
8530920,2014-11-05,WABC,49.4,49.71,49.0,49.66,44.49,117800
8530921,2014-11-06,WABC,49.77,50.19,49.38,49.88,44.68,144900
8530922,2014-11-07,WABC,49.89,50.34,49.35,49.96,44.76,73000
8530923,2014-11-10,WABC,50.0,50.49,49.85,50.19,44.96,133500
8530924,2014-11-11,WABC,50.16,50.3,49.78,50.27,45.03,87300
8530925,2014-11-12,WABC,50.14,51.03,50.01,50.97,45.66,93900
8530926,2014-11-13,WABC,50.97,51.24,49.95,50.05,44.84,136700
8530927,2014-11-14,WABC,50.17,50.25,49.66,49.93,44.73,113500
8530928,2014-11-17,WABC,49.75,49.98,49.46,49.61,44.44,88600
8530929,2014-11-18,WABC,49.74,50.22,49.43,49.74,44.56,118800
8530930,2014-11-19,WABC,49.7,49.7,48.8,49.05,43.94,125100
8530931,2014-11-20,WABC,48.89,49.5,48.66,49.46,44.31,77200
8530932,2014-11-21,WABC,50.0,50.0,48.67,49.02,43.91,142500
8530933,2014-11-24,WABC,49.1,49.78,49.1,49.75,44.57,127000
8530934,2014-11-25,WABC,49.81,49.99,49.32,49.39,44.25,109700
8530935,2014-11-26,WABC,49.09,49.59,49.07,49.56,44.4,74600
8530936,2014-11-28,WABC,49.5,49.61,48.47,48.6,43.54,75900
8530937,2014-12-01,WABC,48.38,48.96,47.34,47.4,42.46,148500
8530938,2014-12-02,WABC,47.47,48.64,47.47,48.12,43.11,118800
8530939,2014-12-03,WABC,48.06,48.88,47.93,48.68,43.61,124000
8530940,2014-12-04,WABC,49.36,49.36,48.3,48.5,43.45,86300
8530941,2014-12-05,WABC,48.53,49.92,48.43,49.47,44.32,106000
8530942,2014-12-08,WABC,49.25,50.0,48.82,49.07,43.96,99200
8530943,2014-12-09,WABC,48.42,49.87,48.24,49.75,44.57,139200
8530944,2014-12-10,WABC,49.52,49.75,47.73,47.76,42.79,145700
8530945,2014-12-11,WABC,47.95,48.53,47.5,47.58,42.62,141000
8530946,2014-12-12,WABC,47.02,47.65,46.76,46.95,42.06,132500
8530947,2014-12-15,WABC,47.52,47.52,46.0,46.13,41.33,143800
8530948,2014-12-16,WABC,46.05,47.08,45.97,46.27,41.45,174000
8530949,2014-12-17,WABC,46.27,47.63,45.75,47.62,42.66,159400
8530950,2014-12-18,WABC,48.13,48.61,47.91,48.51,43.46,158700
8530951,2014-12-19,WABC,48.41,48.57,47.71,47.85,42.87,469100
8530952,2014-12-22,WABC,47.78,48.44,47.69,48.41,43.37,90700
8530953,2014-12-23,WABC,48.69,49.37,48.57,49.06,43.95,74600
8530954,2014-12-24,WABC,48.96,49.17,48.41,48.76,43.68,44300
8530955,2014-12-26,WABC,48.94,49.32,48.42,49.06,43.95,67000
8530956,2014-12-29,WABC,49.1,49.93,49.1,49.57,44.41,95700
8530957,2014-12-30,WABC,49.17,49.9,49.17,49.68,44.51,56600
8530958,2014-12-31,WABC,49.62,50.0,48.96,49.02,43.91,93300
8530959,2015-01-02,WABC,49.38,49.45,47.66,48.44,43.39,94600
8530960,2015-01-05,WABC,47.99,47.99,47.2,47.37,42.44,140900
8530961,2015-01-06,WABC,47.39,47.46,46.11,46.22,41.41,127500
8530962,2015-01-07,WABC,46.51,46.93,46.06,46.53,41.68,110200
8530963,2015-01-08,WABC,46.84,47.44,46.59,47.15,42.24,103300
8530964,2015-01-09,WABC,47.1,47.1,45.47,45.52,40.78,100200
8530965,2015-01-12,WABC,45.38,45.87,45.08,45.22,40.51,201200
8530966,2015-01-13,WABC,45.71,46.31,44.36,44.89,40.21,178500
8530967,2015-01-14,WABC,44.23,44.69,43.36,44.33,39.71,146300
8530968,2015-01-15,WABC,44.61,44.61,43.37,43.57,39.03,162200
8530969,2015-01-16,WABC,42.65,43.76,41.79,43.65,39.1,250300
8530970,2015-01-20,WABC,43.74,44.08,42.77,42.9,38.43,228300
8530971,2015-01-21,WABC,42.87,43.48,41.91,42.13,37.74,145200
8530972,2015-01-22,WABC,42.52,43.98,42.22,43.72,39.17,208000
8530973,2015-01-23,WABC,43.68,44.15,42.65,43.18,38.68,150200
8530974,2015-01-26,WABC,43.07,43.6,42.45,43.54,39.01,144100
8530975,2015-01-27,WABC,43.17,43.53,42.86,43.1,38.61,141800
8530976,2015-01-28,WABC,43.4,44.7,41.88,42.04,37.66,150700
8530977,2015-01-29,WABC,41.77,42.73,41.12,41.74,37.73,184700
8530978,2015-01-30,WABC,41.37,41.72,40.57,40.68,36.78,186600
8530979,2015-02-02,WABC,40.76,42.21,40.76,42.21,38.16,180200
8530980,2015-02-03,WABC,42.58,43.52,42.39,42.97,38.85,161200
8530981,2015-02-04,WABC,42.89,43.21,42.27,42.29,38.23,95500
8530982,2015-02-05,WABC,42.49,43.45,42.49,43.33,39.17,106400
8530983,2015-02-06,WABC,43.46,44.44,43.42,43.68,39.49,170500
8530984,2015-02-09,WABC,43.48,43.68,42.65,42.79,38.68,124000
8530985,2015-02-10,WABC,42.84,43.01,42.3,42.84,38.73,101800
8530986,2015-02-11,WABC,42.71,42.82,42.12,42.38,38.31,60100
8530987,2015-02-12,WABC,42.69,43.17,42.69,43.12,38.98,145100
8530988,2015-02-13,WABC,43.26,44.17,43.21,43.59,39.41,176600
8530989,2015-02-17,WABC,43.74,44.0,43.31,43.92,39.7,143800
8530990,2015-02-18,WABC,43.6,43.83,42.9,43.11,38.97,82800
8530991,2015-02-19,WABC,42.93,43.14,42.44,42.81,38.7,124900
8530992,2015-02-20,WABC,42.87,43.31,41.89,43.25,39.1,127000
8530993,2015-02-23,WABC,42.95,43.26,42.5,43.22,39.07,91400
8530994,2015-02-24,WABC,43.2,43.87,43.11,43.33,39.17,91900
8530995,2015-02-25,WABC,43.25,43.53,42.99,43.32,39.16,102700
8530996,2015-02-26,WABC,43.23,43.67,43.07,43.63,39.44,88000
8530997,2015-02-27,WABC,43.51,43.63,43.07,43.07,38.94,73200
8530998,2015-03-02,WABC,43.12,43.69,43.01,43.51,39.33,131600
8530999,2015-03-03,WABC,43.33,43.53,42.95,43.14,39.0,100300
8531000,2015-03-04,WABC,43.04,43.08,42.55,42.8,38.69,81100
8531001,2015-03-05,WABC,42.82,43.17,42.26,43.08,38.94,84200
8531002,2015-03-06,WABC,43.01,44.15,42.88,43.54,39.36,159200
8531003,2015-03-09,WABC,43.65,44.35,43.53,43.95,39.73,139600
8531004,2015-03-10,WABC,43.4,43.61,42.5,42.51,38.43,134400
8531005,2015-03-11,WABC,42.66,42.84,42.08,42.62,38.53,113800
8531006,2015-03-12,WABC,43.06,44.27,42.4,44.07,39.84,157800
8531007,2015-03-13,WABC,44.12,44.12,42.91,43.47,39.3,112500
8531008,2015-03-16,WABC,43.65,43.85,43.44,43.55,39.37,106500
8531009,2015-03-17,WABC,43.35,43.94,43.07,43.87,39.66,100400
8531010,2015-03-18,WABC,43.68,44.63,43.1,43.59,39.41,169600
8531011,2015-03-19,WABC,43.34,44.07,43.23,43.89,39.68,221600
8531012,2015-03-20,WABC,43.98,44.7,43.4,44.58,40.3,516100
8531013,2015-03-23,WABC,44.58,45.27,43.9,44.17,39.93,99100
8531014,2015-03-24,WABC,44.07,44.39,43.67,43.8,39.6,215600
8531015,2015-03-25,WABC,43.8,43.83,43.04,43.09,38.95,146100
8531016,2015-03-26,WABC,42.99,43.42,42.46,43.34,39.18,94200
8531017,2015-03-27,WABC,43.4,43.4,42.87,42.94,38.82,179300
8531018,2015-03-30,WABC,43.11,44.0,42.93,43.54,39.36,169000
8531019,2015-03-31,WABC,43.4,43.54,42.95,43.21,39.06,143600
8531020,2015-04-01,WABC,43.0,43.26,42.38,42.7,38.6,241800
8531021,2015-04-02,WABC,42.54,43.38,42.53,43.09,38.95,118900
8531022,2015-04-06,WABC,42.75,43.08,42.19,42.93,38.81,106600
8531023,2015-04-07,WABC,43.04,43.32,42.8,42.9,38.78,111100
8531024,2015-04-08,WABC,43.07,43.56,42.71,42.95,38.83,74700
8531025,2015-04-09,WABC,43.03,43.17,42.09,42.94,38.82,86600
8531026,2015-04-10,WABC,43.11,43.27,42.65,43.18,39.04,136000
8531027,2015-04-13,WABC,43.06,43.89,42.88,43.84,39.63,94200
8531028,2015-04-14,WABC,43.78,43.78,42.8,43.64,39.45,98500
8531029,2015-04-15,WABC,43.83,44.51,43.38,44.15,39.91,280700
8531030,2015-04-16,WABC,44.44,45.1,43.43,44.63,40.35,282400
8531031,2015-04-17,WABC,44.35,44.54,43.69,44.28,40.03,261700
8531032,2015-04-20,WABC,44.45,44.91,44.13,44.52,40.25,130600
8531033,2015-04-21,WABC,44.77,44.81,43.79,44.02,39.79,146700
8531034,2015-04-22,WABC,43.98,44.41,43.48,44.39,40.13,78900
8531035,2015-04-23,WABC,44.2,44.46,43.79,44.23,39.98,103600
8531036,2015-04-24,WABC,44.24,44.24,43.47,43.71,39.51,114500
8531037,2015-04-27,WABC,43.79,44.46,42.97,43.41,39.24,142700
8531038,2015-04-28,WABC,43.65,44.24,43.5,44.18,39.94,204000
8531039,2015-04-29,WABC,44.03,44.82,43.91,44.43,40.17,180300
8531040,2015-04-30,WABC,44.01,44.09,43.32,43.55,39.71,213100
8531041,2015-05-01,WABC,43.67,43.85,42.97,43.19,39.38,212300
8531042,2015-05-04,WABC,43.23,43.93,43.19,43.76,39.9,114600
8531043,2015-05-05,WABC,43.6,43.92,43.18,43.58,39.74,135500
8531044,2015-05-06,WABC,43.71,43.94,43.2,43.91,40.04,100700
8531045,2015-05-07,WABC,43.81,44.27,43.51,43.96,40.08,150900
8531046,2015-05-08,WABC,44.31,44.35,43.62,44.06,40.17,135000
8531047,2015-05-11,WABC,44.13,44.43,43.75,44.3,40.39,151400
8531048,2015-05-12,WABC,44.21,44.6,43.45,44.44,40.52,97000
8531049,2015-05-13,WABC,44.48,44.62,44.0,44.48,40.56,99800
8531050,2015-05-14,WABC,44.52,45.35,44.29,44.92,40.96,241200
8531051,2015-05-15,WABC,44.86,44.86,43.69,44.13,40.24,173700
8531052,2015-05-18,WABC,44.21,44.99,44.11,44.9,40.94,196300
8531053,2015-05-19,WABC,45.02,45.75,44.87,45.66,41.63,188900
8531054,2015-05-20,WABC,45.76,45.84,45.18,45.76,41.72,138400
8531055,2015-05-21,WABC,45.79,45.84,45.29,45.53,41.51,184600
8531056,2015-05-22,WABC,45.52,45.89,45.29,45.37,41.37,133200
8531057,2015-05-26,WABC,45.29,45.34,44.89,45.14,41.16,149100
8531058,2015-05-27,WABC,45.27,45.65,44.92,45.59,41.57,90300
8531059,2015-05-28,WABC,45.42,45.89,45.26,45.88,41.83,118200
8531060,2015-05-29,WABC,45.79,45.95,45.03,45.76,41.72,217900
8531061,2015-06-01,WABC,45.66,45.96,45.0,45.6,41.58,206000
8531062,2015-06-02,WABC,45.52,46.35,45.24,46.25,42.17,158200
8531063,2015-06-03,WABC,46.52,47.35,46.39,47.29,43.12,218700
8531064,2015-06-04,WABC,46.98,47.4,46.89,47.14,42.98,170400
8531065,2015-06-05,WABC,47.41,48.4,47.33,47.98,43.75,243300
8531066,2015-06-08,WABC,47.84,48.59,47.66,48.27,44.01,158500
8531067,2015-06-09,WABC,48.13,49.23,48.13,48.86,44.55,129000
8531068,2015-06-10,WABC,49.22,50.11,49.1,49.5,45.13,179500
8531069,2015-06-11,WABC,49.35,49.6,48.8,49.3,44.95,108100
8531070,2015-06-12,WABC,49.3,50.18,49.04,50.1,45.68,242300
8531071,2015-06-15,WABC,49.55,50.4,49.55,49.69,45.31,206200
8531072,2015-06-16,WABC,49.6,50.22,49.6,50.08,45.66,118000
8531073,2015-06-17,WABC,50.27,50.4,48.91,49.19,44.85,206300
8531074,2015-06-18,WABC,49.31,49.64,48.77,49.36,45.01,155100
8531075,2015-06-19,WABC,49.51,49.93,49.03,49.73,45.34,510300
8531076,2015-06-22,WABC,50.43,50.67,49.7,50.63,46.17,166800
8531077,2015-06-23,WABC,50.58,51.69,50.58,51.46,46.92,176800
8531078,2015-06-24,WABC,51.23,51.65,51.04,51.14,46.63,362400
8531079,2015-06-25,WABC,51.53,51.8,50.89,51.69,47.13,168500
8531080,2015-06-26,WABC,51.77,52.16,51.39,51.5,46.96,698300
8531081,2015-06-29,WABC,51.23,51.67,50.43,50.54,46.08,191800
8531082,2015-06-30,WABC,51.1,51.53,50.47,50.65,46.18,94000
8531083,2015-07-01,WABC,51.38,51.66,50.81,51.28,46.76,137300
8531084,2015-07-02,WABC,51.26,51.26,49.98,50.39,45.95,158000
8531085,2015-07-06,WABC,49.94,51.18,49.56,51.1,46.59,142600
8531086,2015-07-07,WABC,50.96,51.04,49.8,50.54,46.08,282600
8531087,2015-07-08,WABC,50.19,50.7,49.83,50.59,46.13,218100
8531088,2015-07-09,WABC,51.06,51.22,50.41,51.03,46.53,172400
8531089,2015-07-10,WABC,51.6,51.79,51.07,51.79,47.22,206200
8531090,2015-07-13,WABC,52.0,52.4,51.45,51.79,47.22,244900
8531091,2015-07-14,WABC,51.68,52.07,51.36,51.9,47.32,135400
8531092,2015-07-15,WABC,52.0,52.3,51.12,51.37,46.84,221300
8531093,2015-07-16,WABC,51.6,52.19,51.29,51.46,46.92,192100
8531094,2015-07-17,WABC,51.42,51.42,50.57,50.96,46.47,133700
8531095,2015-07-20,WABC,51.06,51.55,50.53,51.52,46.98,142400
8531096,2015-07-21,WABC,51.45,52.07,50.69,50.82,46.34,129000
8531097,2015-07-22,WABC,50.55,51.57,50.55,51.23,46.71,112900
8531098,2015-07-23,WABC,51.46,51.77,50.16,50.41,45.96,241000
8531099,2015-07-24,WABC,50.23,50.5,49.62,49.72,45.34,150300
8531100,2015-07-27,WABC,49.21,49.69,48.71,49.36,45.01,102500
8531101,2015-07-28,WABC,49.62,49.62,48.58,49.02,44.7,204300
8531102,2015-07-29,WABC,49.09,49.31,48.49,48.81,44.51,176200
8531103,2015-07-30,WABC,48.34,48.93,46.77,48.91,44.95,92600
8531104,2015-07-31,WABC,48.76,49.24,48.24,48.98,45.01,122200
8531105,2015-08-03,WABC,48.95,49.11,48.45,48.91,44.95,90600
8531106,2015-08-04,WABC,49.03,49.46,48.83,49.02,45.05,133100
8531107,2015-08-05,WABC,49.2,49.94,48.94,49.35,45.35,85700
8531108,2015-08-06,WABC,49.33,49.66,48.7,48.73,44.78,147400
8531109,2015-08-07,WABC,48.62,49.06,47.46,48.52,44.59,295600
8531110,2015-08-10,WABC,48.81,49.84,48.81,49.82,45.78,175100
8531111,2015-08-11,WABC,49.06,49.93,48.69,49.01,45.04,79700
8531112,2015-08-12,WABC,48.78,48.78,47.67,48.08,44.18,107900
8531113,2015-08-13,WABC,48.22,48.69,47.75,48.11,44.21,112600
8531114,2015-08-14,WABC,48.03,48.95,48.03,48.78,44.83,93500
8531115,2015-08-17,WABC,48.59,49.04,47.94,48.81,44.85,163800
8531116,2015-08-18,WABC,48.8,49.2,48.06,48.65,44.71,92200
8531117,2015-08-19,WABC,48.44,48.71,47.99,48.06,44.17,143100
8531118,2015-08-20,WABC,47.61,47.74,46.73,46.78,42.99,138400
8531119,2015-08-21,WABC,46.02,47.26,45.99,46.31,42.56,220700
8531120,2015-08-24,WABC,44.41,44.46,43.54,43.88,40.32,226800
8531121,2015-08-25,WABC,45.13,45.56,43.06,43.15,39.65,164600
8531122,2015-08-26,WABC,44.11,44.31,43.17,44.17,40.59,201700
8531123,2015-08-27,WABC,44.62,45.11,44.09,44.58,40.97,147800
8531124,2015-08-28,WABC,44.33,45.0,44.22,44.65,41.03,141000
8531125,2015-08-31,WABC,44.28,45.35,44.1,45.14,41.48,165500
8531126,2015-09-01,WABC,44.39,44.66,43.35,43.59,40.06,171500
8531127,2015-09-02,WABC,44.07,44.07,43.2,43.67,40.13,190400
8531128,2015-09-03,WABC,43.61,44.62,43.5,44.12,40.54,207200
8531129,2015-09-04,WABC,43.6,44.17,43.27,44.16,40.58,135700
8531130,2015-09-08,WABC,44.7,45.41,44.29,45.02,41.37,181700
8531131,2015-09-09,WABC,45.17,45.57,44.82,44.92,41.28,234700
8531132,2015-09-10,WABC,44.89,45.26,44.69,44.86,41.22,86700
8531133,2015-09-11,WABC,44.52,44.55,44.08,44.44,40.84,91800
8531134,2015-09-14,WABC,44.48,44.63,44.13,44.29,40.7,117700
8531135,2015-09-15,WABC,44.47,45.12,44.29,44.93,41.29,97200
8531136,2015-09-16,WABC,45.04,45.16,44.48,44.9,41.26,73000
8531137,2015-09-17,WABC,44.84,45.42,43.37,44.14,40.56,192900
8531138,2015-09-18,WABC,43.36,45.08,42.97,43.0,39.52,289600
8531139,2015-09-21,WABC,43.33,44.12,43.33,43.94,40.38,77100
8531140,2015-09-22,WABC,43.51,43.84,43.35,43.57,40.04,98100
8531141,2015-09-23,WABC,43.67,44.28,43.37,44.04,40.47,240400
8531142,2015-09-24,WABC,43.57,44.61,43.56,44.56,40.95,83400
8531143,2015-09-25,WABC,45.0,45.44,44.68,44.81,41.18,94300
8531144,2015-09-28,WABC,44.54,45.01,44.08,44.19,40.61,141400
8531145,2015-09-29,WABC,44.34,44.43,43.71,43.87,40.32,137800
8531146,2015-09-30,WABC,44.31,44.78,43.88,44.44,40.84,157500
8531147,2015-10-01,WABC,44.41,44.91,43.53,44.25,40.66,204000
8531148,2015-10-02,WABC,43.55,43.81,42.15,43.77,40.22,191800
8531149,2015-10-05,WABC,44.15,44.83,43.8,44.61,41.0,91000
8531150,2015-10-06,WABC,44.62,44.65,44.13,44.45,40.85,93000
8531151,2015-10-07,WABC,44.72,45.47,44.65,45.47,41.79,126200
8531152,2015-10-08,WABC,45.32,45.97,45.02,45.9,42.18,125200
8531153,2015-10-09,WABC,45.84,45.91,41.99,45.12,41.46,178100
8531154,2015-10-12,WABC,45.16,45.56,44.72,45.21,41.55,94900
8531155,2015-10-13,WABC,45.05,45.23,43.91,44.23,40.65,151900
8531156,2015-10-14,WABC,43.92,43.99,42.24,42.96,39.48,302300
8531157,2015-10-15,WABC,43.3,43.78,42.86,43.21,39.71,170300
8531158,2015-10-16,WABC,43.42,43.79,42.94,43.42,39.9,100200
8531159,2015-10-19,WABC,43.25,43.78,43.25,43.47,39.95,126700
8531160,2015-10-20,WABC,43.41,44.02,43.19,43.75,40.2,139600
8531161,2015-10-21,WABC,43.82,44.37,43.0,43.06,39.57,165800
8531162,2015-10-22,WABC,43.23,44.44,43.0,44.19,40.61,209500
8531163,2015-10-23,WABC,44.63,45.19,43.69,45.02,41.37,170500
8531164,2015-10-26,WABC,44.93,45.97,44.42,44.86,41.22,101800
8531165,2015-10-27,WABC,44.56,44.9,44.13,44.43,40.83,92300
8531166,2015-10-28,WABC,44.43,46.26,44.43,46.25,42.5,120300
8531167,2015-10-29,WABC,45.8,46.68,45.56,45.67,42.33,92000
8531168,2015-10-30,WABC,45.57,45.7,43.95,44.21,40.97,116000
8531169,2015-11-02,WABC,44.2,45.55,44.15,45.53,42.2,129600
8531170,2015-11-03,WABC,45.38,46.51,45.11,46.32,42.93,146000
8531171,2015-11-04,WABC,46.04,46.69,45.93,46.41,43.01,108500
8531172,2015-11-05,WABC,46.45,47.71,46.32,47.23,43.77,96100
8531173,2015-11-06,WABC,47.72,49.89,47.72,49.64,46.01,255100
8531174,2015-11-09,WABC,49.81,49.81,48.63,48.79,45.22,164900
8531175,2015-11-10,WABC,48.67,49.28,48.31,48.81,45.24,116600
8531176,2015-11-11,WABC,49.05,49.23,48.34,48.38,44.84,102300
8531177,2015-11-12,WABC,48.02,48.02,47.05,47.19,43.73,95700
8531178,2015-11-13,WABC,46.72,47.87,46.22,46.55,43.14,137700
8531179,2015-11-16,WABC,46.58,47.63,46.09,47.47,43.99,125200
8531180,2015-11-17,WABC,47.67,48.48,47.19,47.54,44.06,142900
8531181,2015-11-18,WABC,47.6,48.24,47.41,48.13,44.61,156200
8531182,2015-11-19,WABC,48.02,48.53,47.62,48.05,44.53,124200
8531183,2015-11-20,WABC,48.21,48.55,47.78,48.54,44.99,166300
8531184,2015-11-23,WABC,48.51,49.12,48.19,48.57,45.01,104200
8531185,2015-11-24,WABC,48.21,48.58,47.94,48.53,44.98,111300
8531186,2015-11-25,WABC,48.61,48.83,48.06,48.63,45.07,67200
8531187,2015-11-27,WABC,48.65,48.89,48.3,48.82,45.25,33500
8531188,2015-11-30,WABC,48.95,49.24,48.71,49.0,45.41,115300
8531189,2015-12-01,WABC,49.28,49.5,48.9,49.1,45.51,149500
8531190,2015-12-02,WABC,49.11,49.52,47.61,47.71,44.22,180600
8531191,2015-12-03,WABC,48.03,48.46,47.61,47.91,44.4,296000
8531192,2015-12-04,WABC,48.0,48.9,47.8,48.49,44.94,158000
8531193,2015-12-07,WABC,48.46,48.68,47.55,47.84,44.34,222100
8531194,2015-12-08,WABC,47.37,47.86,46.66,47.0,43.56,144600
8531195,2015-12-09,WABC,46.86,47.16,46.11,46.52,43.11,228800
8531196,2015-12-10,WABC,46.45,46.94,46.14,46.48,43.08,192700
8531197,2015-12-11,WABC,45.6,45.74,44.3,44.53,41.27,259100
8531198,2015-12-14,WABC,44.49,45.37,43.87,44.91,41.62,238000
8531199,2015-12-15,WABC,45.44,46.61,44.49,46.46,43.06,261500
8531200,2015-12-16,WABC,46.67,47.04,45.24,46.77,43.35,382800
8531201,2015-12-17,WABC,46.79,47.07,46.33,46.66,43.24,246200
8531202,2015-12-18,WABC,46.31,46.46,45.1,45.82,42.47,1425700
8531203,2015-12-21,WABC,45.99,46.52,45.64,46.48,43.08,157500
8531204,2015-12-22,WABC,46.66,46.66,45.59,46.44,43.04,146300
8531205,2015-12-23,WABC,46.75,47.03,46.47,46.9,43.47,100700
8531206,2015-12-24,WABC,46.92,47.84,46.92,47.48,44.0,71900
8531207,2015-12-28,WABC,47.2,47.6,46.62,47.48,44.0,132400
8531208,2015-12-29,WABC,47.76,48.48,47.76,48.4,44.86,148500
8531209,2015-12-30,WABC,48.31,48.53,47.89,47.93,44.42,186300
8531210,2015-12-31,WABC,47.75,47.8,46.7,46.75,43.33,173800
8531211,2016-01-04,WABC,45.91,45.95,45.11,45.25,41.94,277100
8531212,2016-01-05,WABC,45.38,45.62,44.83,45.28,41.96,178300
8531213,2016-01-06,WABC,44.5,45.36,44.5,44.85,41.57,172600
8531214,2016-01-07,WABC,44.03,44.89,43.88,44.41,41.16,417600
8531215,2016-01-08,WABC,44.78,45.17,43.43,43.46,40.28,242700
8531216,2016-01-11,WABC,43.55,43.92,43.15,43.53,40.34,142200
8531217,2016-01-12,WABC,44.04,44.04,42.97,43.63,40.44,194800
8531218,2016-01-13,WABC,43.7,43.7,41.94,42.11,39.03,211300
8531219,2016-01-14,WABC,42.49,42.79,41.67,42.34,39.24,182900
8531220,2016-01-15,WABC,41.02,41.79,40.55,41.59,38.54,265700
8531221,2016-01-19,WABC,42.15,42.27,41.43,42.05,38.97,314200
8531222,2016-01-20,WABC,41.31,41.88,40.52,41.62,38.57,215700
8531223,2016-01-21,WABC,41.51,42.01,40.55,41.23,38.21,295300
8531224,2016-01-22,WABC,41.31,41.96,40.55,41.64,38.59,264800
8531225,2016-01-25,WABC,41.11,41.93,40.55,40.72,37.74,347500
8531226,2016-01-26,WABC,40.96,42.09,40.67,41.98,38.91,530000
8531227,2016-01-27,WABC,41.97,42.93,41.76,41.94,38.87,268400
8531228,2016-01-28,WABC,42.37,43.46,42.37,42.82,39.68,142500
8531229,2016-01-29,WABC,42.97,43.72,42.27,43.67,40.47,395000
8531230,2016-02-01,WABC,43.23,44.02,42.75,43.54,40.35,147700
8531231,2016-02-02,WABC,43.01,43.4,42.06,42.28,39.18,176000
8531232,2016-02-03,WABC,42.73,42.87,41.7,42.45,39.34,223800
8531233,2016-02-04,WABC,42.36,43.57,42.07,43.11,40.32,319400
8531234,2016-02-05,WABC,43.05,46.55,42.25,43.63,40.81,417200
8531235,2016-02-08,WABC,42.89,44.59,42.75,44.17,41.32,385600
8531236,2016-02-09,WABC,43.62,44.73,42.85,44.53,41.65,259700
8531237,2016-02-10,WABC,44.77,45.19,44.41,44.63,41.75,266700
8531238,2016-02-11,WABC,43.71,44.91,42.98,44.73,41.84,278200
8531239,2016-02-12,WABC,45.17,46.93,43.82,46.02,43.05,331800
8531240,2016-02-16,WABC,46.69,47.99,45.38,47.32,44.26,459100
8531241,2016-02-17,WABC,46.74,46.74,45.57,45.87,42.91,413900
8531242,2016-02-18,WABC,45.89,45.89,44.01,45.06,42.15,353800
8531243,2016-02-19,WABC,44.94,45.92,44.39,45.24,42.32,328000
8531244,2016-02-22,WABC,45.75,45.75,44.81,45.56,42.62,175300
8531245,2016-02-23,WABC,45.46,46.06,43.46,44.42,41.55,165400
8531246,2016-02-24,WABC,43.87,44.7,43.06,44.65,41.76,107000
8531247,2016-02-25,WABC,44.7,45.46,44.44,45.25,42.33,123800
8531248,2016-02-26,WABC,45.26,46.28,44.94,46.18,43.2,176300
8531249,2016-02-29,WABC,46.2,46.2,44.95,44.99,42.08,133000
8531250,2016-03-01,WABC,45.22,46.43,44.82,46.4,43.4,239400
8531251,2016-03-02,WABC,46.46,47.0,45.53,46.97,43.93,151600
8531252,2016-03-03,WABC,47.0,47.8,46.53,47.74,44.65,222500
8531253,2016-03-04,WABC,48.0,48.78,47.45,48.74,45.59,226700
8531254,2016-03-07,WABC,48.36,49.54,48.26,49.27,46.09,251100
8531255,2016-03-08,WABC,48.88,49.61,48.27,48.9,45.74,156700
8531256,2016-03-09,WABC,48.95,49.37,48.53,48.82,45.67,159100
8531257,2016-03-10,WABC,48.91,49.3,47.95,48.86,45.7,193200
8531258,2016-03-11,WABC,49.24,49.25,48.62,48.95,45.79,245900
8531259,2016-03-14,WABC,48.87,49.39,48.22,48.52,45.38,146500
8531260,2016-03-15,WABC,48.15,48.55,47.85,48.19,45.08,121500
8531261,2016-03-16,WABC,47.9,48.79,47.14,47.86,44.77,174200
8531262,2016-03-17,WABC,47.81,49.65,47.37,49.34,46.15,350500
8531263,2016-03-18,WABC,49.59,50.43,48.69,48.99,45.82,586500
8531264,2016-03-21,WABC,49.01,49.32,48.33,49.22,46.04,126600
8531265,2016-03-22,WABC,49.04,49.71,48.51,49.56,46.36,141200
8531266,2016-03-23,WABC,49.46,49.94,48.95,49.0,45.83,121600
8531267,2016-03-24,WABC,48.74,48.94,47.96,48.91,45.75,98600
8531268,2016-03-28,WABC,48.88,49.05,48.35,48.52,45.38,107900
8531269,2016-03-29,WABC,48.26,49.34,47.91,49.22,46.04,143000
8531270,2016-03-30,WABC,49.45,49.79,49.21,49.63,46.42,77100
8531271,2016-03-31,WABC,49.5,49.99,48.71,48.71,45.56,132700
8531272,2016-04-01,WABC,48.54,49.28,48.1,49.05,45.88,107300
8531273,2016-04-04,WABC,48.93,49.13,48.22,48.95,45.79,96500
8531274,2016-04-05,WABC,48.47,49.21,47.53,47.65,44.57,140200
8531275,2016-04-06,WABC,47.59,48.37,47.18,47.9,44.8,92700
8531276,2016-04-07,WABC,47.56,47.56,46.29,46.53,43.52,113000
8531277,2016-04-08,WABC,46.9,47.73,46.78,47.16,44.11,128700
8531278,2016-04-11,WABC,47.46,48.09,47.26,47.71,44.63,123400
8531279,2016-04-12,WABC,47.64,48.71,47.23,48.59,45.45,95300
8531280,2016-04-13,WABC,48.86,50.26,48.86,50.08,46.84,210300
8531281,2016-04-14,WABC,49.91,50.98,49.91,50.56,47.29,127800
8531282,2016-04-15,WABC,50.56,50.78,50.13,50.48,47.22,111400
8531283,2016-04-18,WABC,50.16,51.16,50.16,50.96,47.67,69700
8531284,2016-04-19,WABC,51.19,51.43,50.33,51.1,47.8,110500
8531285,2016-04-20,WABC,51.27,51.98,50.9,51.53,48.2,131700
8531286,2016-04-21,WABC,51.71,52.18,50.59,51.0,47.7,205600
8531287,2016-04-22,WABC,50.82,51.9,50.82,51.23,47.92,220800
8531288,2016-04-25,WABC,51.05,51.05,49.62,50.25,47.0,239800
8531289,2016-04-26,WABC,50.07,50.6,49.94,50.53,47.26,345400
8531290,2016-04-27,WABC,50.34,50.91,49.79,50.2,46.96,176500
8531291,2016-04-28,WABC,50.0,50.19,49.0,49.16,45.98,183800
8531292,2016-04-29,WABC,49.09,49.93,48.48,48.72,45.57,189400
8531293,2016-05-02,WABC,48.7,48.85,48.27,48.62,45.48,190900
8531294,2016-05-03,WABC,47.87,48.1,46.7,46.92,43.89,189100
8531295,2016-05-04,WABC,46.51,47.38,46.01,46.55,43.54,184700
8531296,2016-05-05,WABC,46.38,46.7,45.67,46.25,43.63,158800
8531297,2016-05-06,WABC,46.02,46.66,45.7,46.62,43.98,136800
8531298,2016-05-09,WABC,46.44,46.85,45.68,46.28,43.65,141600
8531299,2016-05-10,WABC,46.62,47.32,46.29,47.11,44.44,89100
8531300,2016-05-11,WABC,46.77,47.45,46.57,46.74,44.09,105500
8531301,2016-05-12,WABC,46.71,47.6,46.35,46.91,44.25,169900
8531302,2016-05-13,WABC,46.88,47.3,45.65,45.86,43.26,172100
8531303,2016-05-16,WABC,45.92,46.9,45.62,46.62,43.98,153300
8531304,2016-05-17,WABC,46.6,46.78,45.69,45.88,43.28,195300
8531305,2016-05-18,WABC,45.66,47.62,45.66,47.58,44.88,115400
8531306,2016-05-19,WABC,47.33,47.94,46.12,46.61,43.97,191900
8531307,2016-05-20,WABC,46.95,47.52,46.4,46.92,44.26,134400
8531308,2016-05-23,WABC,46.89,47.47,46.21,47.03,44.36,90900
8531309,2016-05-24,WABC,47.34,48.24,47.34,48.1,45.37,109000
8531310,2016-05-25,WABC,48.27,48.76,47.62,48.39,45.65,97700
8531311,2016-05-26,WABC,48.52,48.52,47.71,47.91,45.19,71200
8531312,2016-05-27,WABC,47.9,48.58,47.64,48.54,45.79,85500
8531313,2016-05-31,WABC,48.81,48.81,48.29,48.65,45.89,104200
8531314,2016-06-01,WABC,48.47,49.09,48.01,49.04,46.26,134100
8531315,2016-06-02,WABC,48.84,49.21,48.39,49.18,46.39,97600
8531316,2016-06-03,WABC,48.63,48.88,47.91,48.76,45.99,141300
8531317,2016-06-06,WABC,48.79,49.99,48.79,49.7,46.88,172300
8531318,2016-06-07,WABC,49.72,49.8,49.34,49.55,46.74,93900
8531319,2016-06-08,WABC,49.49,50.1,49.49,49.98,47.15,101900
8531320,2016-06-09,WABC,49.74,49.74,48.9,49.51,46.7,77700
8531321,2016-06-10,WABC,48.96,49.1,48.53,48.62,45.86,146000
8531322,2016-06-13,WABC,48.41,48.82,47.77,48.03,45.31,95000
8531323,2016-06-14,WABC,47.87,48.38,47.27,47.41,44.72,112500
8531324,2016-06-15,WABC,47.68,48.25,47.2,47.47,44.78,85400
8531325,2016-06-16,WABC,47.22,47.51,46.76,47.23,44.55,84000
8531326,2016-06-17,WABC,47.34,47.99,47.2,47.54,44.84,279400
8531327,2016-06-20,WABC,48.11,49.06,48.1,48.12,45.39,77600
8531328,2016-06-21,WABC,48.25,48.86,47.97,48.8,46.03,88000
8531329,2016-06-22,WABC,48.73,49.35,48.73,48.75,45.98,76500
8531330,2016-06-23,WABC,49.45,50.75,49.18,50.73,47.85,124200
8531331,2016-06-24,WABC,47.87,49.24,47.87,48.71,45.95,353500
8531332,2016-06-27,WABC,48.06,48.37,46.47,46.74,44.09,311400
8531333,2016-06-28,WABC,47.52,47.85,46.64,47.45,44.76,176700
8531334,2016-06-29,WABC,48.0,48.24,47.05,48.16,45.43,156400
8531335,2016-06-30,WABC,48.25,49.31,47.42,49.26,46.47,156200
8531336,2016-07-01,WABC,48.73,48.94,47.92,48.02,45.3,145000
8531337,2016-07-05,WABC,47.45,47.58,46.88,46.92,44.26,114500
8531338,2016-07-06,WABC,46.75,47.12,46.35,46.9,44.24,193500
8531339,2016-07-07,WABC,46.91,47.2,46.33,46.61,43.97,187500
8531340,2016-07-08,WABC,47.15,47.77,46.9,47.64,44.94,162000
8531341,2016-07-11,WABC,48.0,48.71,47.78,48.7,45.94,72900
8531342,2016-07-12,WABC,49.17,49.95,48.74,49.9,47.07,146800
8531343,2016-07-13,WABC,49.92,50.1,49.31,49.9,47.07,102300
8531344,2016-07-14,WABC,49.86,50.62,49.72,49.99,47.15,129800
8531345,2016-07-15,WABC,50.33,50.37,49.26,49.87,47.04,181100
8531346,2016-07-18,WABC,49.95,50.08,49.38,49.57,46.76,75700
8531347,2016-07-19,WABC,49.3,49.67,48.98,49.35,46.55,111100
8531348,2016-07-20,WABC,49.49,49.71,49.2,49.39,46.59,67800
8531349,2016-07-21,WABC,49.45,49.45,48.54,48.6,45.84,82100
8531350,2016-07-22,WABC,48.64,48.68,47.27,47.98,45.26,177400
8531351,2016-07-25,WABC,47.59,47.65,46.66,46.73,44.08,125200
8531352,2016-07-26,WABC,46.7,47.29,46.53,46.88,44.22,115300
8531353,2016-07-27,WABC,46.85,48.37,46.75,47.02,44.35,114100
8531354,2016-07-28,WABC,46.9,47.86,46.67,47.61,44.91,120600
8531355,2016-07-29,WABC,47.38,48.47,46.68,47.04,44.37,175700
8531356,2016-08-01,WABC,47.06,47.57,46.75,46.83,44.17,146300
8531357,2016-08-02,WABC,46.55,47.03,46.51,46.64,43.99,86300
8531358,2016-08-03,WABC,46.51,47.21,46.51,47.12,44.45,75100
8531359,2016-08-04,WABC,46.72,47.02,46.58,46.87,44.58,151900
8531360,2016-08-05,WABC,47.33,48.91,47.16,48.86,46.47,170200
8531361,2016-08-08,WABC,48.89,49.12,48.27,48.77,46.39,119300
8531362,2016-08-09,WABC,48.77,49.03,48.49,48.64,46.26,49000
8531363,2016-08-10,WABC,48.65,48.65,47.4,47.53,45.21,136700
8531364,2016-08-11,WABC,47.56,48.27,47.14,47.84,45.5,150900
8531365,2016-08-12,WABC,47.5,47.61,47.02,47.26,44.95,96300
8531366,2016-08-15,WABC,47.44,47.95,46.92,47.86,45.52,57000
8531367,2016-08-16,WABC,47.76,48.07,47.39,47.76,45.43,61700
8531368,2016-08-17,WABC,47.59,48.21,47.43,47.81,45.47,73900
8531369,2016-08-18,WABC,47.85,48.39,47.7,48.14,45.79,50700
8531370,2016-08-19,WABC,48.13,48.32,47.82,48.15,45.8,72300
8531371,2016-08-22,WABC,47.95,48.72,47.67,48.4,46.04,46400
8531372,2016-08-23,WABC,48.67,48.91,48.48,48.7,46.32,46100
8531373,2016-08-24,WABC,48.75,49.1,48.62,49.08,46.68,80600
8531374,2016-08-25,WABC,48.95,49.64,48.82,49.53,47.11,76200
8531375,2016-08-26,WABC,49.58,50.02,49.4,49.87,47.43,73000
8531376,2016-08-29,WABC,49.98,50.49,49.98,50.1,47.65,84900
8531377,2016-08-30,WABC,50.32,50.8,50.32,50.77,48.29,101200
8531378,2016-08-31,WABC,50.85,51.19,50.08,50.84,48.36,123100
8531379,2016-09-01,WABC,50.77,51.1,49.94,50.42,47.96,101100
8531380,2016-09-02,WABC,50.54,50.97,50.41,50.96,48.47,77800
8531381,2016-09-06,WABC,50.86,50.88,49.69,49.97,47.53,105600
8531382,2016-09-07,WABC,49.82,50.2,49.64,50.18,47.73,97600
8531383,2016-09-08,WABC,50.29,50.29,49.72,49.74,47.31,116600
8531384,2016-09-09,WABC,49.74,50.02,49.17,49.17,46.77,142000
8531385,2016-09-12,WABC,48.97,49.72,48.46,49.7,47.27,105100
8531386,2016-09-13,WABC,49.27,49.3,48.21,48.74,46.36,73400
8531387,2016-09-14,WABC,48.93,49.29,48.21,48.26,45.9,64300
8531388,2016-09-15,WABC,48.35,48.72,48.14,48.52,46.15,55000
8531389,2016-09-16,WABC,48.62,48.63,47.72,48.22,45.86,226100
8531390,2016-09-19,WABC,48.4,48.93,48.38,48.74,46.36,64300
8531391,2016-09-20,WABC,48.83,49.26,48.69,48.78,46.4,59200
8531392,2016-09-21,WABC,49.03,49.43,48.98,49.29,46.88,73200
8531393,2016-09-22,WABC,49.46,50.24,49.4,50.22,47.77,103800
8531394,2016-09-23,WABC,49.99,50.46,49.85,49.93,47.49,130300
8531395,2016-09-26,WABC,49.56,50.09,48.72,48.84,46.45,91700
8531396,2016-09-27,WABC,48.63,49.42,48.3,49.39,46.98,98300
8531397,2016-09-28,WABC,49.63,50.28,49.24,50.24,47.79,91300
8531398,2016-09-29,WABC,50.33,50.65,49.74,49.82,47.39,92100
8531399,2016-09-30,WABC,50.02,51.12,49.94,50.88,48.39,133200
8531400,2016-10-03,WABC,50.48,50.84,49.94,50.11,47.66,97300
8531401,2016-10-04,WABC,50.29,50.74,50.03,50.47,48.0,60600
8531402,2016-10-05,WABC,50.62,51.75,50.31,51.52,49.0,89400
8531403,2016-10-06,WABC,51.57,51.65,51.11,51.39,48.88,75000
8531404,2016-10-07,WABC,51.46,51.46,50.78,51.02,48.53,91400
8531405,2016-10-10,WABC,51.45,51.75,51.36,51.6,49.08,101800
8531406,2016-10-11,WABC,51.66,51.81,50.54,50.89,48.4,96500
8531407,2016-10-12,WABC,51.06,51.06,50.31,50.52,48.05,111500
8531408,2016-10-13,WABC,50.14,50.2,48.78,48.94,46.55,142500
8531409,2016-10-14,WABC,49.59,50.04,48.72,48.96,46.57,63700
8531410,2016-10-17,WABC,48.85,49.1,48.38,48.47,46.1,76100
8531411,2016-10-18,WABC,48.99,48.99,48.15,48.2,45.85,110800
8531412,2016-10-19,WABC,48.43,48.94,48.3,48.58,46.21,77000
8531413,2016-10-20,WABC,49.04,49.5,48.43,48.88,46.49,150400
8531414,2016-10-21,WABC,48.31,49.55,47.5,49.51,47.09,108200
8531415,2016-10-24,WABC,49.79,50.31,47.31,49.46,47.04,93700
8531416,2016-10-25,WABC,49.2,49.72,48.88,49.16,46.76,70700
8531417,2016-10-26,WABC,49.07,49.37,48.52,48.72,46.34,69100
8531418,2016-10-27,WABC,49.14,49.53,48.48,49.17,46.77,54700
8531419,2016-10-28,WABC,49.25,49.3,48.7,48.98,46.59,48600
8531420,2016-10-31,WABC,48.71,49.63,48.27,49.56,47.14,116100
8531421,2016-11-01,WABC,49.65,49.71,48.59,48.89,46.5,73500
8531422,2016-11-02,WABC,48.64,48.76,48.13,48.63,46.25,79400
8531423,2016-11-03,WABC,48.47,48.89,48.36,48.6,46.6,76300
8531424,2016-11-04,WABC,48.53,49.52,48.28,48.91,46.9,67300
8531425,2016-11-07,WABC,49.59,50.43,49.23,50.19,48.12,75700
8531426,2016-11-08,WABC,49.93,50.78,49.16,50.3,48.23,81400
8531427,2016-11-09,WABC,50.54,53.02,50.31,52.99,50.81,141900
8531428,2016-11-10,WABC,53.0,55.6,52.84,55.39,53.11,178000
8531429,2016-11-11,WABC,55.39,57.5,54.95,57.01,54.66,231600
8531430,2016-11-14,WABC,57.75,59.82,57.4,58.84,56.42,445800
8531431,2016-11-15,WABC,57.95,60.3,56.75,60.26,57.78,220200
8531432,2016-11-16,WABC,59.98,60.72,59.21,59.76,57.3,191400
8531433,2016-11-17,WABC,59.68,60.85,59.68,60.25,57.77,141100
8531434,2016-11-18,WABC,59.77,60.4,59.77,59.85,57.39,253800
8531435,2016-11-21,WABC,60.26,60.76,59.51,60.7,58.2,165300
8531436,2016-11-22,WABC,60.9,62.39,60.78,61.83,59.29,126900
8531437,2016-11-23,WABC,62.05,62.53,61.5,62.0,59.45,127400
8531438,2016-11-25,WABC,62.25,62.25,61.45,61.7,59.16,58900
8531439,2016-11-28,WABC,61.34,61.72,60.66,60.91,58.4,138800
8531440,2016-11-29,WABC,61.2,62.43,59.97,61.18,58.66,135100
8531441,2016-11-30,WABC,61.79,62.44,61.62,62.03,59.48,123200
8531442,2016-12-01,WABC,62.49,63.18,62.24,63.04,60.45,117500
8531443,2016-12-02,WABC,62.55,62.84,61.98,62.53,59.96,83700
8531444,2016-12-05,WABC,62.97,63.33,62.42,63.15,60.55,126200
8531445,2016-12-06,WABC,63.34,63.75,62.93,63.15,60.55,234900
8531446,2016-12-07,WABC,63.03,63.97,62.76,63.61,60.99,152500
8531447,2016-12-08,WABC,64.0,65.33,63.49,64.92,62.25,134500
8531448,2016-12-09,WABC,64.46,65.34,64.26,65.34,62.65,110500
8531449,2016-12-12,WABC,65.07,65.07,62.41,62.87,60.28,145000
8531450,2016-12-13,WABC,62.98,63.85,62.08,63.55,60.93,160100
8531451,2016-12-14,WABC,63.0,64.25,62.28,62.93,60.34,128600
8531452,2016-12-15,WABC,63.27,64.27,62.86,63.43,60.82,152800
8531453,2016-12-16,WABC,63.26,64.27,62.8,63.14,60.54,425200
8531454,2016-12-19,WABC,63.22,64.01,61.62,63.96,61.33,122500
8531455,2016-12-20,WABC,64.53,64.76,63.36,63.86,61.23,206000
8531456,2016-12-21,WABC,63.78,63.86,62.98,62.99,60.4,100600
8531457,2016-12-22,WABC,63.22,63.73,62.78,62.9,60.31,135500
8531458,2016-12-23,WABC,62.9,63.64,62.85,63.14,60.54,81500
8531459,2016-12-27,WABC,63.22,63.7,62.69,63.31,60.7,87100
8531460,2016-12-28,WABC,63.49,64.05,63.18,63.99,61.36,158900
8531461,2016-12-29,WABC,63.67,64.63,62.96,63.44,60.83,111900
8531462,2016-12-30,WABC,63.69,63.69,62.67,62.93,60.34,91200
8531463,2017-01-03,WABC,63.84,64.91,62.87,63.15,60.55,144700
8531464,2017-01-04,WABC,63.34,64.2,63.33,64.07,61.43,127400
8531465,2017-01-05,WABC,63.73,63.87,61.95,62.95,60.36,98300
8531466,2017-01-06,WABC,63.46,63.48,62.34,62.52,59.95,108400
8531467,2017-01-09,WABC,62.09,62.21,61.24,61.24,58.72,80100
8531468,2017-01-10,WABC,61.27,62.03,60.81,61.39,58.86,133500
8531469,2017-01-11,WABC,61.4,61.52,60.79,61.43,58.9,191200
8531470,2017-01-12,WABC,61.06,61.06,59.41,60.65,58.15,129500
8531471,2017-01-13,WABC,60.96,62.84,60.32,60.87,58.36,89800
8531472,2017-01-17,WABC,60.36,60.68,58.35,58.5,56.09,93400
8531473,2017-01-18,WABC,58.83,59.25,57.96,58.15,55.76,140300
8531474,2017-01-19,WABC,58.05,58.58,57.39,58.23,55.83,153200
8531475,2017-01-20,WABC,58.15,58.81,57.72,57.99,55.6,151800
8531476,2017-01-23,WABC,57.46,58.12,55.95,56.29,53.97,365400
8531477,2017-01-24,WABC,56.68,56.99,56.32,56.67,54.34,261200
8531478,2017-01-25,WABC,57.35,57.86,56.72,57.55,55.18,177700
8531479,2017-01-26,WABC,57.61,57.85,57.1,57.81,55.43,91500
8531480,2017-01-27,WABC,57.64,57.7,57.15,57.64,55.27,63800
8531481,2017-01-30,WABC,56.95,57.02,55.99,56.67,54.34,132000
8531482,2017-01-31,WABC,56.46,57.02,56.35,56.75,54.41,104700
8531483,2017-02-01,WABC,56.77,57.49,56.04,56.44,54.12,131600
8531484,2017-02-02,WABC,55.8,56.07,54.79,54.93,53.04,111800
8531485,2017-02-03,WABC,55.2,56.34,55.11,56.28,54.34,168200
8531486,2017-02-06,WABC,56.04,56.61,55.84,56.01,54.08,80000
8531487,2017-02-07,WABC,55.98,56.13,54.92,55.19,53.29,78700
8531488,2017-02-08,WABC,54.96,54.96,53.68,54.71,52.82,94200
8531489,2017-02-09,WABC,54.81,55.97,54.72,55.94,54.01,116100
8531490,2017-02-10,WABC,56.29,56.41,55.72,56.38,54.44,60400
8531491,2017-02-13,WABC,56.76,57.49,56.43,56.81,54.85,92000
8531492,2017-02-14,WABC,56.56,58.07,56.43,57.83,55.84,103400
8531493,2017-02-15,WABC,57.95,58.33,57.6,58.08,56.08,75200
8531494,2017-02-16,WABC,58.07,58.12,57.47,58.08,56.08,64600
8531495,2017-02-17,WABC,57.89,58.1,57.4,57.92,55.92,100900
8531496,2017-02-21,WABC,58.07,58.49,57.61,58.02,56.02,63100
8531497,2017-02-22,WABC,57.78,58.29,57.42,58.27,56.26,108600
8531498,2017-02-23,WABC,58.24,58.68,57.57,58.4,56.39,63500
8531499,2017-02-24,WABC,57.7,58.8,57.39,58.49,56.47,110400
8531500,2017-02-27,WABC,58.66,59.42,58.55,58.99,56.96,163400
8531501,2017-02-28,WABC,58.56,58.94,57.67,57.85,55.85,104300
8531502,2017-03-01,WABC,59.04,59.57,57.9,59.22,57.18,134500
8531503,2017-03-02,WABC,59.21,59.83,57.47,57.56,55.57,104800
8531504,2017-03-03,WABC,57.59,58.24,57.13,57.81,55.82,87600
8531505,2017-03-06,WABC,57.33,58.08,56.96,57.71,55.72,66000
8531506,2017-03-07,WABC,57.63,57.99,56.75,56.86,54.9,72200
8531507,2017-03-08,WABC,57.3,57.84,55.89,55.99,54.06,109600
8531508,2017-03-09,WABC,56.02,56.77,55.8,55.95,54.02,130900
8531509,2017-03-10,WABC,56.26,56.47,55.56,56.4,54.45,97000
8531510,2017-03-13,WABC,56.21,57.7,55.62,56.34,54.4,121600
8531511,2017-03-14,WABC,56.01,56.39,55.49,56.25,54.31,78400
8531512,2017-03-15,WABC,56.48,56.71,55.77,55.84,53.91,109700
8531513,2017-03-16,WABC,56.2,56.99,55.88,56.73,54.77,94600
8531514,2017-03-17,WABC,56.95,57.66,56.29,57.54,55.56,863000
8531515,2017-03-20,WABC,57.17,57.19,55.92,56.32,54.38,103100
8531516,2017-03-21,WABC,56.76,56.76,54.72,54.91,53.02,305200
8531517,2017-03-22,WABC,54.51,54.87,53.63,54.12,52.25,168500
8531518,2017-03-23,WABC,54.02,55.58,54.02,55.11,53.21,142700
8531519,2017-03-24,WABC,55.33,55.56,54.83,55.04,53.14,176900
8531520,2017-03-27,WABC,54.03,54.52,53.15,54.36,52.49,127300
8531521,2017-03-28,WABC,54.15,55.47,53.7,55.45,53.54,116200
8531522,2017-03-29,WABC,55.35,55.44,54.94,55.2,53.3,75300
8531523,2017-03-30,WABC,55.31,56.74,55.27,56.69,54.73,171500
8531524,2017-03-31,WABC,57.3,57.3,55.73,55.83,53.9,188600
8531525,2017-04-03,WABC,55.9,56.43,53.01,54.89,53.0,121800
8531526,2017-04-04,WABC,54.49,55.27,54.4,54.92,53.03,94400
8531527,2017-04-05,WABC,55.46,55.98,53.76,53.85,51.99,143800
8531528,2017-04-06,WABC,53.79,54.63,53.4,54.24,52.37,70700
8531529,2017-04-07,WABC,53.85,54.34,53.62,54.08,52.21,145500
8531530,2017-04-10,WABC,54.24,54.65,53.52,54.06,52.2,69500
8531531,2017-04-11,WABC,53.66,54.94,53.35,54.92,53.03,82600
8531532,2017-04-12,WABC,54.72,54.92,53.73,53.82,51.96,97300
8531533,2017-04-13,WABC,53.55,53.81,52.77,52.98,51.15,98600
8531534,2017-04-17,WABC,53.06,54.41,53.0,54.33,52.46,113100
8531535,2017-04-18,WABC,53.93,54.62,53.59,54.53,52.65,91200
8531536,2017-04-19,WABC,54.75,55.92,54.75,55.11,53.21,95400
8531537,2017-04-20,WABC,55.48,56.9,55.27,56.83,54.87,146500
8531538,2017-04-21,WABC,57.51,58.4,56.9,57.38,55.4,232800
8531539,2017-04-24,WABC,58.39,59.0,57.55,57.78,55.79,133700
8531540,2017-04-25,WABC,58.34,58.5,56.95,56.99,55.02,134800
8531541,2017-04-26,WABC,56.84,58.36,56.49,57.38,55.4,167600
8531542,2017-04-27,WABC,57.5,57.5,56.71,57.06,55.09,88200
8531543,2017-04-28,WABC,57.13,57.22,54.98,55.02,53.12,119400
8531544,2017-05-01,WABC,55.29,55.64,54.64,55.16,53.26,177000
8531545,2017-05-02,WABC,55.26,55.48,54.11,54.46,52.58,158900
8531546,2017-05-03,WABC,54.14,54.69,53.73,54.34,52.47,247100
8531547,2017-05-04,WABC,54.44,55.2,53.9,54.44,52.94,91200
8531548,2017-05-05,WABC,54.69,55.15,53.76,54.26,52.77,60300
8531549,2017-05-08,WABC,54.21,54.71,53.99,54.51,53.01,63800
8531550,2017-05-09,WABC,54.47,54.96,53.95,54.36,52.86,71000
8531551,2017-05-10,WABC,54.07,54.61,54.06,54.44,52.94,40200
8531552,2017-05-11,WABC,54.19,54.87,52.94,53.31,51.84,99200
8531553,2017-05-12,WABC,52.98,53.3,52.21,52.72,51.27,96500
8531554,2017-05-15,WABC,52.99,53.57,52.91,53.07,51.61,92700
8531555,2017-05-16,WABC,52.67,53.24,52.63,53.17,51.71,95500
8531556,2017-05-17,WABC,52.1,52.46,51.24,51.7,50.28,235900
8531557,2017-05-18,WABC,51.54,52.7,51.5,52.42,50.98,144900
8531558,2017-05-19,WABC,52.3,53.17,52.04,52.37,50.93,150000
8531559,2017-05-22,WABC,52.76,52.97,52.05,52.73,51.28,69100
8531560,2017-05-23,WABC,52.91,54.0,52.45,53.78,52.3,75800
8531561,2017-05-24,WABC,53.84,54.5,52.95,53.19,51.73,68100
8531562,2017-05-25,WABC,53.37,53.64,52.82,53.17,51.71,40200
8531563,2017-05-26,WABC,53.06,53.5,52.57,53.09,51.63,73400
8531564,2017-05-30,WABC,52.89,52.89,51.44,51.87,50.44,60200
8531565,2017-05-31,WABC,51.95,51.95,50.96,51.31,49.9,79800
8531566,2017-06-01,WABC,51.51,52.9,50.75,52.73,51.28,120900
8531567,2017-06-02,WABC,52.24,53.34,51.96,52.2,50.76,109900
8531568,2017-06-05,WABC,52.37,52.99,51.8,51.94,50.51,61100
8531569,2017-06-06,WABC,51.51,51.9,50.33,51.43,50.02,101200
8531570,2017-06-07,WABC,51.48,52.42,51.48,52.24,50.8,73100
8531571,2017-06-08,WABC,52.23,55.18,51.63,54.24,52.75,119800
8531572,2017-06-09,WABC,54.51,56.94,54.2,56.38,54.83,131900
8531573,2017-06-12,WABC,56.34,57.24,55.33,56.05,54.51,103600
8531574,2017-06-13,WABC,56.39,56.68,55.66,56.15,54.61,64300
8531575,2017-06-14,WABC,55.75,56.31,54.88,56.24,54.69,107200
8531576,2017-06-15,WABC,55.76,56.96,55.5,56.45,54.9,62500
8531577,2017-06-16,WABC,56.19,56.78,55.92,56.54,54.98,305900
8531578,2017-06-19,WABC,56.72,57.34,56.08,56.61,55.05,94200
8531579,2017-06-20,WABC,56.26,56.44,55.41,55.59,54.06,72800
8531580,2017-06-21,WABC,55.76,56.47,54.43,54.61,53.11,90600
8531581,2017-06-22,WABC,54.47,55.02,53.71,54.36,52.86,50800
8531582,2017-06-23,WABC,54.62,55.16,54.2,55.0,53.49,255500
8531583,2017-06-26,WABC,55.27,56.07,54.58,55.14,53.62,98100
8531584,2017-06-27,WABC,55.39,56.1,54.93,55.44,53.92,69800
8531585,2017-06-28,WABC,55.69,56.65,55.69,56.39,54.84,145600
8531586,2017-06-29,WABC,56.54,57.59,56.06,56.96,55.39,150800
8531587,2017-06-30,WABC,56.61,56.66,55.2,56.04,54.5,129600
8531588,2017-07-03,WABC,56.12,57.59,55.56,57.05,55.48,77300
8531589,2017-07-05,WABC,57.07,57.68,55.96,57.34,55.76,144000
8531590,2017-07-06,WABC,57.29,57.3,55.95,56.28,54.73,89000
8531591,2017-07-07,WABC,56.6,56.88,55.62,56.63,55.07,65800
8531592,2017-07-10,WABC,56.25,56.25,55.13,55.37,53.85,83400
8531593,2017-07-11,WABC,55.38,55.47,54.28,55.03,53.52,126200
8531594,2017-07-12,WABC,54.93,55.61,54.3,54.68,53.18,87000
8531595,2017-07-13,WABC,54.68,54.95,53.87,54.93,53.42,82400
8531596,2017-07-14,WABC,54.49,54.58,53.82,54.07,52.58,80400
8531597,2017-07-17,WABC,54.05,54.35,53.43,53.96,52.48,65300
8531598,2017-07-18,WABC,53.78,55.0,53.24,53.76,52.28,52000
8531599,2017-07-19,WABC,53.83,54.46,53.74,54.35,52.85,74000
8531600,2017-07-20,WABC,54.25,55.04,54.11,54.6,53.1,87800
8531601,2017-07-21,WABC,58.56,58.56,52.03,54.56,53.06,151500
8531602,2017-07-24,WABC,54.55,55.27,54.31,55.08,53.56,80300
8531603,2017-07-25,WABC,55.71,56.54,55.25,56.39,54.84,104400
8531604,2017-07-26,WABC,56.46,56.46,54.57,54.57,53.07,79600
8531605,2017-07-27,WABC,54.6,55.22,53.08,54.54,53.04,153400
8531606,2017-07-28,WABC,54.42,54.66,53.93,54.32,52.83,120600
8531607,2017-07-31,WABC,54.4,54.99,54.02,54.72,53.21,81500
8531608,2017-08-01,WABC,55.05,55.49,54.26,55.11,53.59,96000
8531609,2017-08-02,WABC,55.12,55.92,54.47,54.94,53.43,79100
8531610,2017-08-03,WABC,54.53,54.88,53.73,53.82,52.71,60200
8531611,2017-08-04,WABC,54.31,54.87,54.27,54.27,53.15,50600
8531612,2017-08-07,WABC,54.26,54.26,53.25,53.71,52.61,100000
8531613,2017-08-08,WABC,53.63,54.43,53.23,53.28,52.18,77300
8531614,2017-08-09,WABC,52.53,53.0,52.12,52.38,51.3,79400
8531615,2017-08-10,WABC,52.05,52.5,51.62,51.66,50.6,121500
8531616,2017-08-11,WABC,51.81,52.11,51.12,51.4,50.34,110600
8531617,2017-08-14,WABC,51.81,52.88,51.66,52.85,51.76,61200
8531618,2017-08-15,WABC,53.14,53.49,52.18,52.23,51.16,51300
8531619,2017-08-16,WABC,52.47,52.64,51.62,51.98,50.91,51400
8531620,2017-08-17,WABC,51.9,52.31,49.96,50.11,49.08,105400
8531621,2017-08-18,WABC,49.74,50.61,49.51,50.31,49.28,91800
8531622,2017-08-21,WABC,50.29,50.5,49.66,50.22,49.19,55100
8531623,2017-08-22,WABC,50.38,50.79,50.36,50.58,49.54,33400
8531624,2017-08-23,WABC,50.12,50.99,50.12,50.8,49.76,67900
8531625,2017-08-24,WABC,51.0,51.07,50.66,51.04,49.99,48400
8531626,2017-08-25,WABC,51.31,51.71,50.99,51.55,50.49,47200
8531627,2017-08-28,WABC,51.74,51.99,51.35,51.78,50.72,101500
8531628,2017-08-29,WABC,51.13,51.89,50.91,51.8,50.74,102900
8531629,2017-08-30,WABC,51.85,52.2,51.42,51.78,50.72,49200
8531630,2017-08-31,WABC,51.81,52.02,51.36,51.55,50.49,64000
8531631,2017-09-01,WABC,51.66,52.1,50.94,51.93,50.86,63000
8531632,2017-09-05,WABC,51.69,51.91,50.15,50.63,49.59,82300
8531633,2017-09-06,WABC,50.68,51.05,50.3,50.73,49.69,63100
8531634,2017-09-07,WABC,50.68,50.81,49.38,49.84,48.82,67600
8531635,2017-09-08,WABC,49.78,51.6,49.78,50.55,49.51,92500
8531636,2017-09-11,WABC,50.88,52.41,50.88,52.28,51.21,121000
8531637,2017-09-12,WABC,52.49,53.93,52.49,53.73,52.63,91900
8531638,2017-09-13,WABC,53.49,54.08,52.82,54.03,52.92,66400
8531639,2017-09-14,WABC,54.17,54.19,53.37,53.56,52.46,88000
8531640,2017-09-15,WABC,53.66,54.44,53.02,53.55,52.45,259600
8531641,2017-09-18,WABC,53.72,54.14,53.15,54.13,53.02,85300
8531642,2017-09-19,WABC,54.12,54.64,53.99,54.64,53.52,77100
8531643,2017-09-20,WABC,54.65,55.95,53.65,55.33,54.19,96600
8531644,2017-09-21,WABC,55.34,55.74,55.26,55.42,54.28,49400
8531645,2017-09-22,WABC,55.13,55.92,54.32,55.92,54.77,62400
8531646,2017-09-25,WABC,55.65,57.16,55.45,56.19,55.04,74200
8531647,2017-09-26,WABC,56.57,56.73,55.78,56.63,55.47,64600
8531648,2017-09-27,WABC,57.35,59.04,56.38,58.42,57.22,153900
8531649,2017-09-28,WABC,58.68,59.27,58.05,58.93,57.72,87400
8531650,2017-09-29,WABC,58.92,60.11,57.2,59.54,58.32,118500
8531651,2017-10-02,WABC,59.55,60.64,58.99,60.6,59.35,123000
8531652,2017-10-03,WABC,60.85,60.85,59.25,60.56,59.32,89200
8531653,2017-10-04,WABC,60.46,60.46,58.72,58.97,57.76,86100
8531654,2017-10-05,WABC,59.24,60.29,59.05,59.82,58.59,61100
8531655,2017-10-06,WABC,59.92,60.04,58.45,59.22,58.0,90300
8531656,2017-10-09,WABC,59.46,59.61,58.9,58.99,57.78,95800
8531657,2017-10-10,WABC,59.35,59.35,58.88,59.19,57.97,110500
8531658,2017-10-11,WABC,58.99,59.29,57.92,58.88,57.67,58300
8531659,2017-10-12,WABC,58.87,59.17,58.24,58.45,57.25,55400
8531660,2017-10-13,WABC,58.45,58.45,57.63,57.87,56.68,99900
8531661,2017-10-16,WABC,57.88,58.32,57.79,58.07,56.88,119500
8531662,2017-10-17,WABC,58.28,58.36,57.47,57.55,56.37,81200
8531663,2017-10-18,WABC,57.79,58.31,57.65,57.9,56.71,112200
8531664,2017-10-19,WABC,57.72,57.94,57.31,57.84,56.65,79300
8531665,2017-10-20,WABC,58.98,59.24,58.44,58.81,57.6,88300
8531666,2017-10-23,WABC,58.66,58.66,55.91,57.64,56.46,54300
8531667,2017-10-24,WABC,57.96,58.58,57.51,57.97,56.78,90400
8531668,2017-10-25,WABC,58.18,58.25,57.14,58.21,57.01,68300
8531669,2017-10-26,WABC,58.29,59.16,57.74,59.15,57.93,154200
8531670,2017-10-27,WABC,59.21,59.93,58.47,59.23,58.01,118100
8531671,2017-10-30,WABC,58.86,58.88,57.25,57.61,56.43,53400
8531672,2017-10-31,WABC,57.68,58.53,57.13,58.23,57.03,93500
8531673,2017-11-01,WABC,58.66,59.48,57.42,58.0,56.81,66200
8531674,2017-11-02,WABC,57.94,58.59,57.45,58.17,56.97,55100
8531675,2017-11-03,WABC,57.79,57.97,57.11,57.2,56.41,51600
8531676,2017-11-06,WABC,57.17,57.3,56.19,56.82,56.04,45500
8531677,2017-11-07,WABC,56.61,57.11,54.64,54.82,54.06,124000
8531678,2017-11-08,WABC,54.5,55.32,53.77,54.42,53.67,72900
8531679,2017-11-09,WABC,53.96,54.65,53.26,53.96,53.22,45500
8531680,2017-11-10,WABC,54.18,55.0,54.03,54.07,53.33,45200
8531681,2017-11-13,WABC,53.63,54.95,53.51,54.92,54.16,36700
8531682,2017-11-14,WABC,54.58,55.3,53.92,55.26,54.5,52400
8531683,2017-11-15,WABC,54.78,56.07,54.78,55.16,54.4,52700
8531684,2017-11-16,WABC,55.59,56.34,55.44,55.84,55.07,65100
8531685,2017-11-17,WABC,55.47,56.81,55.38,56.78,56.0,79100
8531686,2017-11-20,WABC,57.0,58.01,56.39,57.96,57.16,95900
8531687,2017-11-21,WABC,58.25,58.5,57.67,58.45,57.65,78100
8531688,2017-11-22,WABC,58.5,58.55,57.82,58.12,57.32,70500
8531689,2017-11-24,WABC,58.33,58.33,56.25,57.77,56.97,54400
8531690,2017-11-27,WABC,57.71,58.47,57.26,58.29,57.49,66000
8531691,2017-11-28,WABC,58.4,60.77,58.11,60.64,59.8,116700
8531692,2017-11-29,WABC,60.85,63.48,60.24,62.97,62.1,124500
8531693,2017-11-30,WABC,63.59,63.65,61.6,61.83,60.98,102500
8531694,2017-12-01,WABC,61.82,62.86,59.5,61.94,61.09,129500
8531695,2017-12-04,WABC,62.83,64.26,62.29,63.03,62.16,59600
8531696,2017-12-05,WABC,63.39,63.39,61.37,61.43,60.58,111900
8531697,2017-12-06,WABC,61.25,62.02,61.05,61.06,60.22,48000
8531698,2017-12-07,WABC,60.96,61.99,60.87,61.16,60.32,73000
8531699,2017-12-08,WABC,61.5,61.5,59.98,60.16,59.33,51700
8531700,2017-12-11,WABC,60.11,60.68,59.08,59.44,58.62,58100
8531701,2017-12-12,WABC,59.63,59.99,59.21,59.46,58.64,64200
8531702,2017-12-13,WABC,59.54,60.29,58.81,59.09,58.28,67400
8531703,2017-12-14,WABC,59.21,60.04,58.1,58.77,57.96,136400
8531704,2017-12-15,WABC,59.06,61.36,58.49,60.74,59.9,387700
8531705,2017-12-18,WABC,61.23,61.98,60.94,61.64,60.79,92500
8531706,2017-12-19,WABC,61.78,61.78,60.7,61.01,60.17,52500
8531707,2017-12-20,WABC,61.39,61.39,59.79,60.22,59.39,62100
8531708,2017-12-21,WABC,60.58,61.86,59.87,61.32,60.48,60400
8531709,2017-12-22,WABC,61.45,61.59,60.68,61.25,60.41,34100
8531710,2017-12-26,WABC,61.24,61.27,59.53,60.44,59.61,61600
8531711,2017-12-27,WABC,60.5,62.0,59.93,60.13,59.3,45800
8531712,2017-12-28,WABC,60.16,60.35,59.72,60.27,59.44,86000
8531713,2017-12-29,WABC,60.49,61.51,59.47,59.55,58.73,97100
8531714,2018-01-02,WABC,59.86,60.5,58.9,59.36,58.54,112700
8531715,2018-01-03,WABC,59.37,60.23,58.36,58.44,57.64,120900
8531716,2018-01-04,WABC,58.84,59.86,58.1,58.13,57.33,63700
8531717,2018-01-05,WABC,58.33,59.62,57.75,58.5,57.69,56100
8531718,2018-01-08,WABC,58.24,59.08,57.43,58.35,57.55,53700
8531719,2018-01-09,WABC,58.41,59.65,55.73,58.56,57.75,68700
8531720,2018-01-10,WABC,58.78,60.27,58.73,58.94,58.13,70000
8531721,2018-01-11,WABC,59.15,60.24,58.9,59.48,58.66,78800
8531722,2018-01-12,WABC,59.7,60.45,58.68,60.14,59.31,70900
8531723,2018-01-16,WABC,60.57,60.89,58.71,58.98,58.17,76100
8531724,2018-01-17,WABC,59.29,60.16,57.8,59.77,58.95,71200
8531725,2018-01-18,WABC,60.18,61.0,58.57,60.47,59.64,118100
8531726,2018-01-19,WABC,60.82,62.8,60.82,62.52,61.66,191100
8531727,2018-01-22,WABC,62.62,62.62,61.24,62.27,61.41,90200
8531728,2018-01-23,WABC,62.0,62.96,61.41,62.47,61.61,97000
8531729,2018-01-24,WABC,61.73,62.75,61.56,62.25,61.39,153000
8531730,2018-01-25,WABC,62.29,62.29,61.05,62.07,61.22,90900
8531731,2018-01-26,WABC,62.2,62.2,60.6,61.92,61.07,66500
8531732,2018-01-29,WABC,61.87,62.4,60.68,60.72,59.88,133700
8531733,2018-01-30,WABC,60.7,61.18,59.68,59.72,58.9,151400
8531734,2018-01-31,WABC,60.01,60.1,59.22,59.37,58.55,125200
8531735,2018-02-01,WABC,59.07,60.05,58.63,59.95,59.12,72900
8531736,2018-02-02,WABC,59.0,59.71,57.96,58.46,58.04,159300
8531737,2018-02-05,WABC,57.58,58.88,56.01,56.08,55.68,87600
8531738,2018-02-06,WABC,55.01,57.75,55.01,57.37,56.96,147900
8531739,2018-02-07,WABC,57.03,58.13,56.54,57.64,57.23,56100
8531740,2018-02-08,WABC,57.76,58.61,55.71,55.72,55.32,50600
8531741,2018-02-09,WABC,56.53,57.78,55.81,57.13,56.72,109100
8531742,2018-02-12,WABC,57.29,58.27,56.17,57.01,56.6,90000
8531743,2018-02-13,WABC,56.67,57.38,56.6,57.32,56.91,41300
8531744,2018-02-14,WABC,56.88,58.72,56.88,58.57,58.15,106500
8531745,2018-02-15,WABC,58.95,59.35,58.32,59.31,58.89,81400
8531746,2018-02-16,WABC,58.97,60.35,58.05,59.79,59.36,109000
8531747,2018-02-20,WABC,59.62,60.43,58.6,59.17,58.75,93200
8531748,2018-02-21,WABC,59.24,60.39,59.22,59.58,59.15,68200
8531749,2018-02-22,WABC,59.84,59.84,58.49,58.57,58.15,27900
8531750,2018-02-23,WABC,58.84,59.47,58.51,59.47,59.04,38400
8531751,2018-02-26,WABC,59.59,59.93,58.83,59.93,59.5,35400
8531752,2018-02-27,WABC,59.83,60.85,58.85,58.88,58.46,67500
8531753,2018-02-28,WABC,59.15,60.69,57.27,57.29,56.88,70200
8531754,2018-03-01,WABC,57.25,57.8,56.72,57.3,56.89,109700
8531755,2018-03-02,WABC,56.74,58.44,56.64,58.03,57.62,151400
8531756,2018-03-05,WABC,57.69,59.4,57.42,58.84,58.42,81700
8531757,2018-03-06,WABC,58.9,59.78,57.99,59.71,59.28,86800
8531758,2018-03-07,WABC,59.12,60.34,58.94,59.77,59.34,88000
8531759,2018-03-08,WABC,59.75,60.11,58.81,59.29,58.87,57700
8531760,2018-03-09,WABC,59.79,60.08,59.09,59.84,59.41,98700
8531761,2018-03-12,WABC,60.0,60.56,59.32,60.3,59.87,129600
8531762,2018-03-13,WABC,60.0,61.1,59.32,60.77,60.34,197200
8531763,2018-03-14,WABC,61.1,61.25,60.19,60.33,59.9,163000
8531764,2018-03-15,WABC,60.33,61.1,60.11,60.57,60.14,96300
8531765,2018-03-16,WABC,60.56,61.9,60.03,61.87,61.43,543400
8531766,2018-03-19,WABC,61.8,61.8,60.02,60.98,60.54,119400
8531767,2018-03-20,WABC,61.01,61.25,60.43,60.78,60.35,147900
8531768,2018-03-21,WABC,60.68,61.94,60.27,61.3,60.86,118700
8531769,2018-03-22,WABC,60.65,60.82,58.81,58.84,58.42,93400
8531770,2018-03-23,WABC,59.17,59.36,56.69,56.7,56.29,136100
8531771,2018-03-26,WABC,57.95,59.14,57.07,59.03,58.61,130100
8531772,2018-03-27,WABC,59.36,59.67,57.29,57.6,57.19,95400
8531773,2018-03-28,WABC,57.75,58.65,56.66,58.28,57.86,73100
8531774,2018-03-29,WABC,58.67,59.03,57.88,58.08,57.66,128300
8531775,2018-04-02,WABC,58.07,58.32,56.36,56.89,56.48,92200
8531776,2018-04-03,WABC,57.34,58.09,57.1,57.95,57.54,140900
8531777,2018-04-04,WABC,57.08,58.74,57.08,58.51,58.09,120900
8531778,2018-04-05,WABC,58.89,59.16,58.01,58.56,58.14,213000
8531779,2018-04-06,WABC,58.0,58.4,55.85,56.45,56.05,242300
8531780,2018-04-09,WABC,56.99,57.88,56.15,56.21,55.81,182500
8531781,2018-04-10,WABC,57.0,58.05,56.74,57.65,57.24,144800
8531782,2018-04-11,WABC,57.3,57.59,56.96,57.09,56.68,96800
8531783,2018-04-12,WABC,57.54,58.71,57.51,58.48,58.06,157700
8531784,2018-04-13,WABC,58.93,58.93,57.52,57.81,57.4,93600
8531785,2018-04-16,WABC,58.18,58.18,56.78,57.87,57.46,115100
8531786,2018-04-17,WABC,58.13,58.13,56.78,57.45,57.04,113900
8531787,2018-04-18,WABC,57.68,58.35,57.01,57.12,56.71,145600
8531788,2018-04-19,WABC,57.36,57.74,56.74,57.68,57.27,248800
8531789,2018-04-20,WABC,57.36,57.8,56.91,57.18,56.77,112300
8531790,2018-04-23,WABC,57.38,58.22,56.97,57.29,56.88,72500
8531791,2018-04-24,WABC,57.46,58.37,56.75,57.77,57.36,143100
8531792,2018-04-25,WABC,57.78,58.65,56.93,57.18,56.77,119100
8531793,2018-04-26,WABC,57.14,57.16,56.42,56.79,56.38,88700
8531794,2018-04-27,WABC,56.96,57.28,56.36,56.72,56.31,62200
8531795,2018-04-30,WABC,56.9,57.4,55.78,55.81,55.41,119100
8531796,2018-05-01,WABC,55.55,56.21,54.59,56.06,55.66,128500
8531797,2018-05-02,WABC,55.92,56.94,55.37,56.39,55.99,81800
8531798,2018-05-03,WABC,56.07,56.53,55.61,55.96,55.56,109900
8531799,2018-05-04,WABC,55.45,56.75,55.36,56.1,56.1,81500
8531800,2018-05-07,WABC,56.16,56.67,55.74,56.41,56.41,51800
8531801,2018-05-08,WABC,56.4,57.26,56.2,56.94,56.94,53500
8531802,2018-05-09,WABC,57.05,57.5,56.8,57.13,57.13,73800
8531803,2018-05-10,WABC,57.21,57.92,56.47,56.94,56.94,65200
8531804,2018-05-11,WABC,56.99,57.43,56.71,56.79,56.79,84500
8531805,2018-05-14,WABC,57.0,57.15,56.32,56.46,56.46,64700
8531806,2018-05-15,WABC,56.31,57.49,56.31,57.02,57.02,62600
8531807,2018-05-16,WABC,57.12,57.86,56.91,57.45,57.45,94000
8531808,2018-05-17,WABC,57.26,57.88,56.92,57.44,57.44,93800
8531809,2018-05-18,WABC,57.75,57.93,57.2,57.27,57.27,69600
8531810,2018-05-21,WABC,57.44,58.09,57.38,57.78,57.78,61600
8531811,2018-05-22,WABC,57.87,58.52,56.57,57.78,57.78,50900
8531812,2018-05-23,WABC,57.59,57.79,57.1,57.46,57.46,68600
8531813,2018-05-24,WABC,57.36,57.53,56.5,57.49,57.49,89500
8531814,2018-05-25,WABC,57.26,57.6,56.93,57.38,57.38,46300
8531815,2018-05-29,WABC,57.01,57.2,55.94,56.15,56.15,78900
8531816,2018-05-30,WABC,56.54,57.84,56.54,57.8,57.8,108200
8531817,2018-05-31,WABC,57.55,57.95,56.92,57.23,57.23,84900
8531818,2018-06-01,WABC,57.61,58.38,57.61,58.04,58.04,69200
8531819,2018-06-04,WABC,58.27,58.97,57.93,58.92,58.92,123000
8531820,2018-06-05,WABC,58.8,59.08,58.35,59.05,59.05,77500
8531821,2018-06-06,WABC,59.14,60.14,58.77,59.94,59.94,115200
8531822,2018-06-07,WABC,60.0,60.43,59.49,60.1,60.1,105900
8531823,2018-06-08,WABC,60.05,60.34,60.0,60.25,60.25,80400
8531824,2018-06-11,WABC,60.49,60.76,59.3,59.63,59.63,99100
8531825,2018-06-12,WABC,59.71,60.19,58.6,58.79,58.79,60400
8531826,2018-06-13,WABC,58.8,59.43,58.07,58.82,58.82,71200
8531827,2018-06-14,WABC,58.82,58.91,58.07,58.91,58.91,63100
8531828,2018-06-15,WABC,58.83,59.29,58.03,59.14,59.14,277000
8531829,2018-06-25,WABC,59.89,59.93,59.19,59.51,59.51,57400
8531830,2018-06-26,WABC,59.69,59.69,58.6,58.66,58.66,91200
8531831,2018-06-27,WABC,58.6,58.9,57.07,57.07,57.07,89800
8531832,2018-06-28,WABC,57.06,57.64,56.9,57.43,57.43,107000
8531833,2018-06-29,WABC,57.86,57.86,56.44,56.51,56.51,99500
8531834,2018-07-02,WABC,56.19,57.56,56.17,57.56,57.56,70300
8531835,2018-07-03,WABC,57.69,58.04,57.38,57.63,57.63,45600
8531836,2018-07-05,WABC,57.84,58.29,57.55,58.24,58.24,65300
8531837,2018-07-06,WABC,58.16,58.92,58.16,58.74,58.74,42100
8531838,2018-07-09,WABC,58.82,59.9,58.82,59.81,59.81,46600
8531839,2018-07-10,WABC,60.2,60.21,58.57,59.01,59.01,48400
8531840,2018-07-11,WABC,58.84,59.2,58.75,58.86,58.86,43500
8531841,2018-07-12,WABC,59.18,59.4,58.16,58.97,58.97,74100
8531842,2018-07-13,WABC,58.96,59.4,58.43,58.43,58.43,53600
8531843,2018-07-16,WABC,58.71,59.19,58.6,58.85,58.85,50000
8531844,2018-07-17,WABC,58.95,59.13,58.43,58.46,58.46,40800
8531845,2018-07-18,WABC,58.53,58.92,58.18,58.87,58.87,53600
8531846,2018-07-19,WABC,58.5,60.0,58.5,59.73,59.73,99400
8531847,2018-07-20,WABC,59.44,59.44,57.7,59.12,59.12,97500
8531848,2018-07-23,WABC,59.0,60.39,59.0,59.95,59.95,79400
8531849,2018-07-24,WABC,60.13,60.52,59.07,59.72,59.72,61500
8531850,2018-07-25,WABC,59.78,59.78,58.84,59.39,59.39,64000
8531851,2018-07-26,WABC,59.38,61.1,59.38,60.65,60.65,91800
8531852,2018-07-27,WABC,60.64,61.14,60.0,60.22,60.22,85300
8531853,2018-07-30,WABC,60.19,60.88,59.97,60.01,59.62,44000
8531854,2018-07-31,WABC,60.23,60.23,59.24,60.02,59.63,123900
8531855,2018-08-01,WABC,60.3,61.47,60.17,61.36,60.96,109100
8531856,2018-08-02,WABC,60.86,61.93,60.7,61.54,61.14,73100
8531857,2018-08-03,WABC,61.29,61.68,60.42,60.91,60.91,78300
8531858,2018-08-06,WABC,60.93,61.44,60.71,61.26,61.26,40000
8531859,2018-08-07,WABC,61.36,62.11,61.07,61.85,61.85,87000
8531860,2018-08-08,WABC,61.81,63.55,61.54,63.18,63.18,98200
8531861,2018-08-09,WABC,63.34,63.72,63.02,63.28,63.28,82900
8531862,2018-08-10,WABC,62.84,63.36,62.48,63.05,63.05,54900
8531863,2018-08-13,WABC,63.05,63.3,62.02,62.85,62.85,79000
8531864,2018-08-14,WABC,63.03,63.73,63.03,63.45,63.45,147600
8531865,2018-08-15,WABC,63.22,63.72,61.9,62.15,62.15,84300
8531866,2018-08-16,WABC,62.45,63.38,62.45,62.95,62.95,134000
8531867,2018-08-17,WABC,62.74,63.16,62.58,62.92,62.92,137200
8531868,2018-08-20,WABC,62.94,63.25,62.4,62.91,62.91,69600
8531869,2018-08-21,WABC,63.46,64.13,63.46,64.1,64.1,157300
8531870,2018-08-22,WABC,64.09,64.61,63.7,64.52,64.52,79900
8531871,2018-08-23,WABC,64.44,64.76,63.92,64.09,64.09,81200
8531872,2018-08-24,WABC,64.24,64.31,63.72,63.8,63.8,38200
8531873,2018-08-27,WABC,64.02,64.02,62.84,62.94,62.94,48400
8531874,2018-08-28,WABC,62.89,63.07,62.5,62.88,62.88,49500
8531875,2018-08-29,WABC,62.94,62.98,62.4,62.97,62.97,30100
8531876,2018-08-30,WABC,62.79,63.46,62.67,63.11,63.11,29100
8531877,2018-08-31,WABC,62.86,64.23,62.82,64.03,64.03,50500
8531878,2018-09-04,WABC,64.03,64.64,63.75,64.5,64.5,69600
8531879,2018-09-05,WABC,64.73,64.73,63.92,64.0,64.0,52400
8531880,2018-09-06,WABC,63.7,64.3,63.7,63.99,63.99,41900
8531881,2018-09-07,WABC,63.99,64.26,63.4,64.09,64.09,52000
8531882,2018-09-10,WABC,64.26,64.64,63.61,63.64,63.64,41400
8531883,2018-09-11,WABC,63.65,63.94,63.02,63.34,63.34,50000
8531884,2018-09-12,WABC,63.2,63.96,62.08,62.69,62.69,79100
8531885,2018-09-13,WABC,62.81,62.81,61.83,62.03,62.03,44400
8531886,2018-09-14,WABC,62.01,62.94,61.62,62.61,62.61,51400
8531887,2018-09-17,WABC,62.72,62.99,61.28,61.38,61.38,103200
8531888,2018-09-18,WABC,61.39,62.23,61.05,61.12,61.12,50400
8531889,2018-09-19,WABC,61.01,62.1,53.65,62.06,62.06,78000
8531890,2018-09-20,WABC,62.38,62.85,61.61,62.44,62.44,58500
8531891,2018-09-21,WABC,62.25,62.89,61.7,62.08,62.08,119183
8531892,2018-09-24,WABC,61.91,61.91,61.02,61.34,61.34,52100
8531893,2018-09-25,WABC,60.72,61.53,60.72,61.27,61.27,88400
8531894,2018-09-26,WABC,61.26,61.26,59.93,60.09,60.09,77300
8531895,2018-09-27,WABC,60.12,60.6,59.53,59.62,59.62,53500
8531896,2018-09-28,WABC,59.27,60.29,59.27,60.16,60.16,67200
8531897,2018-10-01,WABC,60.14,60.52,59.25,59.36,59.36,81200
8531898,2018-10-02,WABC,59.21,59.51,58.94,59.26,59.26,46700
8531899,2018-10-03,WABC,59.49,61.07,59.11,60.85,60.85,49700
8531900,2018-10-04,WABC,60.83,61.63,60.04,60.52,60.52,55300
8531901,2018-10-05,WABC,60.62,60.97,59.62,60.06,60.06,56700
